dataset_version,benchmark_commit,target_id,target_cpu,target_features,dtype,operator_kind,shape_group_id,candidate_id,candidate_kind,split,M,N,K,output_elements,reduction_elements,total_flops,input_bytes,output_bytes,arithmetic_intensity,fused,bias_enabled,relu_enabled,intermediate_tensor_count,estimated_intermediate_bytes,avoided_intermediate_bytes,schedule_kind,scalar,vectorized,whole_shape_vectorized,tiled,tile_m,tile_n,tile_k,vector_width,full_tile_count,padding_policy,padded_m,padded_n,padded_k,padded_elements,padded_flops,padded_flop_ratio,temporary_bytes,zero_fill_bytes,copy_bytes,m_remainder,n_remainder,k_remainder,m_tail_strategy,n_tail_strategy,k_tail_strategy,m_tail_invocations,n_tail_invocations,k_tail_invocations,direct_vector_ops,masked_lane_waste,estimated_llvm_ir_bytes,estimated_object_text_bytes,estimated_static_instruction_count,branch_cost_feature,register_pressure_estimate,spill_risk,lowering_stage_count,target_legal,lowering_complete,native_executable,legality_reason,unsupported_reason,execution_status,correctness_pass,sentinel_pass,sanitizer_pass,label_valid,warmup_calls,measured_calls,median_ns,p95_ns,mad_ns,min_ns,max_ns,checksum,max_absolute_error,max_relative_error,cpu_affinity,governor,current_frequency_khz,compiler_flags,compiler_version,mlir_version,binary_hash,object_hash,actual_llvm_mlir_bytes,actual_llvm_ir_bytes,actual_object_text_bytes,actual_static_instruction_count,actual_fmla_count,actual_branch_count,actual_stack_frame_bytes,actual_spills,compile_time_ms,compiler_peak_rss_kib,log_median_ns
matmul_bias_relu_latency_row_v1,06a7b5b55d66dfe4da6d01adf7982ab662c8a8e2,raspberry-pi5-cortex-a76,cortex-a76,"+neon,+fp-armv8",f32,matmul_bias_relu,m128_n128_k64_f32,fused_scalar,scalar_baseline,train,128,128,64,16384,64,2129920,131072,65536,10.833333333333334,True,True,True,0,0,131072,scalar,True,False,False,False,0,0,0,1,0,none,128,128,64,0,2129920,1.0,0,0,0,0,0,0,none,none,none,0,0,0,0,0,512,512,64,1,3.0,False,8,True,True,True,,,success,True,True,,True,100,500,4020044.9999999995,4021415.0,167.0,4019637.0000000005,4092989.0,92ce7975a50178f99e5465db873265eca5e8ad73e329814f3fb9d4503226d14f,5.96046448e-07,0.00347222222,3,ondemand,,-O3 -mtriple=aarch64-linux-gnu -mcpu=cortex-a76,Pi g++ and LLVM 21 captured by runner,MLIR 21,f819534bda329f3012de2a103682cf25b8189d2ec8099149308b2985d02870a9,e270fea2c1d63a9e694bf87880198c1f8c3011059e12e180af84beccbb2c770f,16436,11540,,,,,,,159.40987109206617,,15.206803654562401
matmul_bias_relu_latency_row_v1,06a7b5b55d66dfe4da6d01adf7982ab662c8a8e2,raspberry-pi5-cortex-a76,cortex-a76,"+neon,+fp-armv8",f32,matmul_bias_relu,m128_n128_k64_f32,tiled_vector_full_tiles,tiled_vector_full_tiles,train,128,128,64,16384,64,2129920,131072,65536,10.833333333333334,True,True,True,0,0,131072,tiled_vector,False,True,False,True,8,8,8,4,2048,none,128,128,64,0,2129920,1.0,0,0,0,0,0,0,none,none,none,0,0,0,0,0,2097664,4194816,262208,2048,1.0,False,10,True,True,True,,,success,True,True,,True,100,500,79296.0,79481.0,56.0,79055.0,94148.0,3ea426cd7bf97c3be1749fcd446b13635560ed4364457366182bad5c51d7bb06,0,0,3,ondemand,,-O3 -mtriple=aarch64-linux-gnu -mcpu=cortex-a76,Pi g++ and LLVM 21 captured by runner,MLIR 21,71801682fbcdcaf8bfabff65c3ae6031891a766ecec613334b28a6060bc966d9,d2a0fc784f433390ed628962ad691fd0381cfb7704b6d36ca97c6f2afff1b561,81709,48257,,,,,,,219.6179199963808,,11.280942964988814
matmul_bias_relu_latency_row_v1,06a7b5b55d66dfe4da6d01adf7982ab662c8a8e2,raspberry-pi5-cortex-a76,cortex-a76,"+neon,+fp-armv8",f32,matmul_bias_relu,m128_n64_k16_f32,fused_scalar,scalar_baseline,train,128,64,16,8192,16,278528,45056,32768,3.5789473684210527,True,True,True,0,0,65536,scalar,True,False,False,False,0,0,0,1,0,none,128,64,16,0,278528,1.0,0,0,0,0,0,0,none,none,none,0,0,0,0,0,512,512,64,1,3.0,False,8,True,True,True,,,success,True,True,,True,100,2000,530536.0,532276.0,1.0,530517.0,569554.0,672ed93baa03e597d6f7edab94f09e0280a6a200c9707975a780efb0da046d40,2.38418579e-07,0.000951474786,3,ondemand,,-O3 -mtriple=aarch64-linux-gnu -mcpu=cortex-a76,Pi g++ and LLVM 21 captured by runner,MLIR 21,2443d334d4178a1101a6858e1e5a8e52accec87926909a6a89c6dc3b29996e64,697b2216e312b8181f349a8e24f1baccbcd6d2c501218451bf5ba02364bb5698,16473,11525,,,,,,,146.75286202691495,,13.181643095242709
matmul_bias_relu_latency_row_v1,06a7b5b55d66dfe4da6d01adf7982ab662c8a8e2,raspberry-pi5-cortex-a76,cortex-a76,"+neon,+fp-armv8",f32,matmul_bias_relu,m128_n64_k16_f32,tiled_vector_full_tiles,tiled_vector_full_tiles,train,128,64,16,8192,16,278528,45056,32768,3.5789473684210527,True,True,True,0,0,65536,tiled_vector,False,True,False,True,8,8,8,4,256,none,128,64,16,0,278528,1.0,0,0,0,0,0,0,none,none,none,0,0,0,0,0,262656,524800,32832,256,1.0,False,10,True,True,True,,,success,True,True,,True,100,2000,12648.0,12741.0,37.0,12500.0,21056.0,a6b4cf0ad40a2263f0fec7dd554212bc278e7700022f224400dafc4ee8b12512,0,0,3,ondemand,,-O3 -mtriple=aarch64-linux-gnu -mcpu=cortex-a76,Pi g++ and LLVM 21 captured by runner,MLIR 21,e83a14cab902b4da1a4204535ac90c06075e33821284a4b1d144a02cf5c33da4,f7d183665880e76e01e6ca0ceb70caa025e1210c18f12c498ba4956bf6a42e33,81696,48219,,,,,,,223.81510282866657,,9.445254378889308
matmul_bias_relu_latency_row_v1,06a7b5b55d66dfe4da6d01adf7982ab662c8a8e2,raspberry-pi5-cortex-a76,cortex-a76,"+neon,+fp-armv8",f32,matmul_bias_relu,m15_n15_k15_f32,fused_scalar,scalar_baseline,train,15,15,15,225,15,7200,2700,900,2.0,True,True,True,0,0,1800,scalar,True,False,False,False,0,0,0,1,0,none,15,15,15,0,7200,1.0,0,0,0,7,7,7,none,none,none,0,0,0,0,0,512,512,64,1,3.0,False,8,True,True,True,,,success,True,True,,True,100,20000,13796.0,13815.0,0.0,13777.0,51370.0,6dd9797b4e69f553a23ed5ace16c1d5b9f6b6c2fcf53d4b521a46731eb563984,2.38418579e-07,4.65413928e-06,3,ondemand,,-O3 -mtriple=aarch64-linux-gnu -mcpu=cortex-a76,Pi g++ and LLVM 21 captured by runner,MLIR 21,14b82bd24071873014c14186f938f9df379ebd05d75bf15b5bc43913f58f39f2,e4f440fa5e2504db7e3d3c62045d32d314d4ba03f3c94fcb53728ed8fb55f164,16367,11513,,,,,,,149.85183905810118,,9.532133974056732
matmul_bias_relu_latency_row_v1,06a7b5b55d66dfe4da6d01adf7982ab662c8a8e2,raspberry-pi5-cortex-a76,cortex-a76,"+neon,+fp-armv8",f32,matmul_bias_relu,m15_n15_k15_f32,tiled_vector_materialized_tail,tiled_vector_materialized_tail,train,15,15,15,225,15,7200,2700,900,2.0,True,True,True,0,0,1800,tiled_vector,False,True,False,True,8,8,8,4,1,tile_materialized,15,15,15,0,7200,1.0,768,9216,6144,7,7,7,none,none,none,4,4,4,0,0,7262,14012,907,8,1.0,False,10,True,True,True,,,success,True,True,,True,100,20000,4425.0,4445.0,17.0,4388.0,14629.0,7804d7a7379a7313a1aec0bf1b7ec015ceaf2bdfe518f0863e3d409428336236,0,0,3,ondemand,,-O3 -mtriple=aarch64-linux-gnu -mcpu=cortex-a76,Pi g++ and LLVM 21 captured by runner,MLIR 21,82bfd2946a25dfe18d16e976d998211bcf9db22189efe23152cb494d432c63ab,1f668eacdffdabc4f2b0933438ae9daacf9c0c99a6a5516e3457d8829f0fca74,114084,66650,,,,,,,321.39379694126546,,8.39502555744203
matmul_bias_relu_latency_row_v1,06a7b5b55d66dfe4da6d01adf7982ab662c8a8e2,raspberry-pi5-cortex-a76,cortex-a76,"+neon,+fp-armv8",f32,matmul_bias_relu,m15_n15_k15_f32,whole_shape_vector_no_padding,whole_shape_vector_no_padding,train,15,15,15,225,15,7200,2700,900,2.0,True,True,True,0,0,1800,whole_shape_vector,False,True,True,False,0,0,0,4,0,none,15,15,15,0,7200,1.0,0,0,0,7,7,7,none,none,none,0,0,0,0,0,7262,14012,907,1,3.0,False,10,True,True,True,,,success,True,True,,True,100,20000,500.0,519.0,0.0,481.0,11612.0,4c160109681f87cf81996fe95c701fe54c4c5c811bf29c03d90fbe8f3078b16c,2.38418579e-07,3.59489634e-06,3,ondemand,,-O3 -mtriple=aarch64-linux-gnu -mcpu=cortex-a76,Pi g++ and LLVM 21 captured by runner,MLIR 21,5e8c328d3e123cef7579fd61ea4aa68b17f181ca11f4e97d56f4c0d53f0c999c,72ed174ff07e1d812834d30a25c378affd84c4bba3f21ab835705622f3799e96,167996,146321,,,,,,,511.81678799912333,,6.214608098422191
matmul_bias_relu_latency_row_v1,06a7b5b55d66dfe4da6d01adf7982ab662c8a8e2,raspberry-pi5-cortex-a76,cortex-a76,"+neon,+fp-armv8",f32,matmul_bias_relu,m15_n15_k31_f32,fused_scalar,scalar_baseline,validation,15,15,31,225,31,14400,4620,900,2.608695652173913,True,True,True,0,0,1800,scalar,True,False,False,False,0,0,0,1,0,none,15,15,31,0,14400,1.0,0,0,0,7,7,7,none,none,none,0,0,0,0,0,512,512,64,1,3.0,False,8,True,True,True,,,success,True,True,,True,100,10000,27315.0,27334.0,0.0,27296.0,48667.0,efbbe8f984f8644c17adf39e87ce1e7300e827f0a6b8907f43541a7545d3a4d2,1.34110451e-07,7.0318543e-06,3,ondemand,,-O3 -mtriple=aarch64-linux-gnu -mcpu=cortex-a76,Pi g++ and LLVM 21 captured by runner,MLIR 21,cd456b0d6ea6f686afd886b241de713a2d61b9eb6ff6a66605393f7e46363102,5780d276d584bbfe053f05a024dd3f902b484db5529c9b711003e93dce3305be,16416,11513,,,,,,,161.4191720727831,,10.215191280829819
matmul_bias_relu_latency_row_v1,06a7b5b55d66dfe4da6d01adf7982ab662c8a8e2,raspberry-pi5-cortex-a76,cortex-a76,"+neon,+fp-armv8",f32,matmul_bias_relu,m15_n15_k31_f32,tiled_vector_materialized_tail,tiled_vector_materialized_tail,validation,15,15,31,225,31,14400,4620,900,2.608695652173913,True,True,True,0,0,1800,tiled_vector,False,True,False,True,8,8,8,4,3,tile_materialized,15,15,31,0,14400,1.0,768,15360,10240,7,7,7,none,none,none,8,8,4,0,0,14462,28412,1807,16,1.0,False,10,True,True,True,,,success,True,True,,True,100,10000,7314.0,7334.0,18.0,7259.0,29667.0,b5dec5cffbcb9753509112635d66b55bc039ac068951c026a0af0f7a944d96a7,0,0,3,ondemand,,-O3 -mtriple=aarch64-linux-gnu -mcpu=cortex-a76,Pi g++ and LLVM 21 captured by runner,MLIR 21,7d89206887b4b56d4953c562888e056b6a1a23a97b42b5ff2be8f8e9490e4e8e,098a27ff1c48220e2cd3a0b62943f1ed46e385148eab143033e9fc48dfcf5f7b,114135,66650,,,,,,,261.6080811712891,,8.897545598709327
matmul_bias_relu_latency_row_v1,06a7b5b55d66dfe4da6d01adf7982ab662c8a8e2,raspberry-pi5-cortex-a76,cortex-a76,"+neon,+fp-armv8",f32,matmul_bias_relu,m16_n16_k16_f32,fused_scalar,scalar_baseline,heldout,16,16,16,256,16,8704,3072,1024,2.125,True,True,True,0,0,2048,scalar,True,False,False,False,0,0,0,1,0,none,16,16,16,0,8704,1.0,0,0,0,0,0,0,none,none,none,0,0,0,0,0,512,512,64,1,3.0,False,8,True,True,True,,,success,True,True,,True,100,20000,16685.0,16704.0,0.0,16666.0,33778.0,1d254c2aba44a722f863de402b4e3fc2f75ffc4d8766bddd61ac015a80bbe6dd,1.1920929e-07,4.68164794e-05,3,ondemand,,-O3 -mtriple=aarch64-linux-gnu -mcpu=cortex-a76,Pi g++ and LLVM 21 captured by runner,MLIR 21,2a1745486ed00449db98e7a5fa57116e846b5af0296f5c8c63242e2de6fbb6e7,f260bce0d16b4d059405848c10556f8c044d6d3dbc1a2495bf4cda70bffb1dff,16367,11515,,,,,,,150.27316007763147,,9.722265391185474
matmul_bias_relu_latency_row_v1,06a7b5b55d66dfe4da6d01adf7982ab662c8a8e2,raspberry-pi5-cortex-a76,cortex-a76,"+neon,+fp-armv8",f32,matmul_bias_relu,m16_n16_k16_f32,tiled_vector_full_tiles,tiled_vector_full_tiles,heldout,16,16,16,256,16,8704,3072,1024,2.125,True,True,True,0,0,2048,tiled_vector,False,True,False,True,8,8,8,4,8,none,16,16,16,0,8704,1.0,0,0,0,0,0,0,none,none,none,0,0,0,0,0,8704,16896,1088,8,1.0,False,10,True,True,True,,,success,True,True,,True,100,20000,445.0,463.0,1.0,444.0,14074.0,4737b89599439a99580e6089953ffdf7aa6f76f0fd6833d060176aeec264c789,0,0,3,ondemand,,-O3 -mtriple=aarch64-linux-gnu -mcpu=cortex-a76,Pi g++ and LLVM 21 captured by runner,MLIR 21,1f153776e91807f5905d01b74d28dd0200bdcb4501e26d857db05c644d75eae6,65079c6285c1548000fdaae8f47b6b383f202ae1dd4f0eb6e5a66a3e3344a56b,81586,48191,,,,,,,224.6932398993522,,6.09807428216624
matmul_bias_relu_latency_row_v1,06a7b5b55d66dfe4da6d01adf7982ab662c8a8e2,raspberry-pi5-cortex-a76,cortex-a76,"+neon,+fp-armv8",f32,matmul_bias_relu,m16_n16_k31_f32,fused_scalar,scalar_baseline,validation,16,16,31,256,31,16384,4992,1024,2.723404255319149,True,True,True,0,0,2048,scalar,True,False,False,False,0,0,0,1,0,none,16,16,31,0,16384,1.0,0,0,0,0,0,7,none,none,none,0,0,0,0,0,512,512,64,1,3.0,False,8,True,True,True,,,success,True,True,,True,100,10000,31111.0,31130.0,0.0,31092.0,52444.0,78a26e69957e59a7723d28727b8e2d9491ad128679583b0fb5cbce812e5893fd,1.78813934e-07,8.6096925e-06,3,ondemand,,-O3 -mtriple=aarch64-linux-gnu -mcpu=cortex-a76,Pi g++ and LLVM 21 captured by runner,MLIR 21,be7a246184cfa1301efb8a382ccb22c6f8b856daf5bf464c797b8bebb4e4d545,46e9bd6e8f131d7bf0df4a5edd26f0b7deaa09b9c512e6ae8a200710bde13eef,16416,11515,,,,,,,156.79850801825523,,10.345316733380217
matmul_bias_relu_latency_row_v1,06a7b5b55d66dfe4da6d01adf7982ab662c8a8e2,raspberry-pi5-cortex-a76,cortex-a76,"+neon,+fp-armv8",f32,matmul_bias_relu,m16_n16_k31_f32,tiled_vector_direct_k,tiled_vector_direct_cleanup,validation,16,16,31,256,31,16384,4992,1024,2.723404255319149,True,True,True,0,0,2048,tiled_vector,False,True,False,True,8,8,8,4,12,none,16,16,31,0,16384,1.0,0,0,0,0,0,7,none,none,direct_vector_cleanup,0,0,4,3584,0,16384,32256,2048,16,1.0,False,10,True,True,True,,,success,True,True,,True,100,10000,2019.0,2037.0000000000002,1.0,1999.0,26741.0,53abc53978d635da5afe99edd05dd70a3fde8d42c4bf32d0872781ba825c5955,0,0,3,ondemand,,-O3 -mtriple=aarch64-linux-gnu -mcpu=cortex-a76,Pi g++ and LLVM 21 captured by runner,MLIR 21,99bdb5554efcdbf95a1cc02a2a98954c6158da9e7ea40720b3790bb696c31905,5d09b1d0a43092ebf3ae12fdd5a4f958ddbde76ac919b4842acaac45869a32ee,65443,42694,,,,,,,183.86115180328488,,7.610357618312838
matmul_bias_relu_latency_row_v1,06a7b5b55d66dfe4da6d01adf7982ab662c8a8e2,raspberry-pi5-cortex-a76,cortex-a76,"+neon,+fp-armv8",f32,matmul_bias_relu,m16_n16_k31_f32,tiled_vector_materialized_tail,tiled_vector_materialized_tail,validation,16,16,31,256,31,16384,4992,1024,2.723404255319149,True,True,True,0,0,2048,tiled_vector,False,True,False,True,8,8,8,4,12,tile_materialized,16,16,31,0,16384,1.0,768,3072,2048,0,0,7,none,none,none,0,0,4,0,0,16384,32256,2048,16,1.0,False,10,True,True,True,,,success,True,True,,True,100,10000,3463.0,3463.0,0.0,3425.0,18352.0,20cadc882a8e6e425713a7655b4e1691b6868a48234ce92f003f588d1d037e47,0,0,3,ondemand,,-O3 -mtriple=aarch64-linux-gnu -mcpu=cortex-a76,Pi g++ and LLVM 21 captured by runner,MLIR 21,2a4d37e18ca883785ea220039857fa6bcded4d43a6e3ae707a42fe3204d2a58a,8ded7cefa0ca48e7a3d7dd4a91f834437684564458c458cdf0596c7f79de822f,106029,61237,,,,,,,258.5630191024393,,8.149890544402423
matmul_bias_relu_latency_row_v1,06a7b5b55d66dfe4da6d01adf7982ab662c8a8e2,raspberry-pi5-cortex-a76,cortex-a76,"+neon,+fp-armv8",f32,matmul_bias_relu,m16_n16_k32_f32,fused_scalar,scalar_baseline,train,16,16,32,256,32,16896,5120,1024,2.75,True,True,True,0,0,2048,scalar,True,False,False,False,0,0,0,1,0,none,16,16,32,0,16896,1.0,0,0,0,0,0,0,none,none,none,0,0,0,0,0,512,512,64,1,3.0,False,8,True,True,True,,,success,True,True,,True,100,10000,32074.0,32093.000000000004,0.0,32055.0,52481.0,a0eb29fd247b2c15a7d4d20eb4e18cf87bff97eefbab2fc20f79ff93262f7dd0,2.38418579e-07,4.31127398e-05,3,ondemand,,-O3 -mtriple=aarch64-linux-gnu -mcpu=cortex-a76,Pi g++ and LLVM 21 captured by runner,MLIR 21,3f36a90c9cbac7c9f94e8cf23fd178e784b8a7d447f14bd2d950ca787f1c0bb1,f90cfd4fff9fd67d095f821c1a51c90fb7a53ebf089a1b5e7c6de66e402fdb32,16416,11515,,,,,,,148.1688639614731,,10.375801012068754
matmul_bias_relu_latency_row_v1,06a7b5b55d66dfe4da6d01adf7982ab662c8a8e2,raspberry-pi5-cortex-a76,cortex-a76,"+neon,+fp-armv8",f32,matmul_bias_relu,m16_n16_k32_f32,tiled_vector_full_tiles,tiled_vector_full_tiles,train,16,16,32,256,32,16896,5120,1024,2.75,True,True,True,0,0,2048,tiled_vector,False,True,False,True,8,8,8,4,16,none,16,16,32,0,16896,1.0,0,0,0,0,0,0,none,none,none,0,0,0,0,0,16896,33280,2112,16,1.0,False,10,True,True,True,,,success,True,True,,True,100,10000,722.0,741.0,0.0,722.0,5907.0,69e636ae288618a1b70515a1cadae15cd7c3a7c2d71d1bff50a1032398265ce9,0,0,3,ondemand,,-O3 -mtriple=aarch64-linux-gnu -mcpu=cortex-a76,Pi g++ and LLVM 21 captured by runner,MLIR 21,38a9de989835142f8a9b1a588f70a8fcf1a74046de7e4dd50b6eaf20cd95342d,4c1eb4c0ea2a65d10be4dd488fc25e1d757bc3c208b14747724e8788517510f6,81637,48191,,,,,,,233.32025483250618,,6.582025138892826
matmul_bias_relu_latency_row_v1,06a7b5b55d66dfe4da6d01adf7982ab662c8a8e2,raspberry-pi5-cortex-a76,cortex-a76,"+neon,+fp-armv8",f32,matmul_bias_relu,m16_n16_k63_f32,fused_scalar,scalar_baseline,train,16,16,63,256,63,32768,9088,1024,3.240506329113924,True,True,True,0,0,2048,scalar,True,False,False,False,0,0,0,1,0,none,16,16,63,0,32768,1.0,0,0,0,0,0,7,none,none,none,0,0,0,0,0,512,512,64,1,3.0,False,8,True,True,True,,,success,True,True,,True,100,10000,61962.0,61963.0,1.0,61925.0,136425.0,462dc21e01e55e9197e0afc8c5981513c9dec5164b0b2984b59d15abad6a6ab9,2.38418579e-07,3.97788297e-05,3,ondemand,,-O3 -mtriple=aarch64-linux-gnu -mcpu=cortex-a76,Pi g++ and LLVM 21 captured by runner,MLIR 21,e4783845c73d3e50e7970047f34a74e4b40f3db811bd93ed44bede7d706ca110,fd957cded0340db20e8f2ee04f9b84a54b0d9c3c863c0e15349efdb5634ed6fc,16416,11515,,,,,,,145.3841719776392,,11.03427657289946
matmul_bias_relu_latency_row_v1,06a7b5b55d66dfe4da6d01adf7982ab662c8a8e2,raspberry-pi5-cortex-a76,cortex-a76,"+neon,+fp-armv8",f32,matmul_bias_relu,m16_n16_k63_f32,tiled_vector_direct_k,tiled_vector_direct_cleanup,train,16,16,63,256,63,32768,9088,1024,3.240506329113924,True,True,True,0,0,2048,tiled_vector,False,True,False,True,8,8,8,4,28,none,16,16,63,0,32768,1.0,0,0,0,0,0,7,none,none,direct_vector_cleanup,0,0,4,3584,0,32768,65024,4096,32,1.0,False,10,True,True,True,,,success,True,True,,True,100,10000,2444.0,2463.0,1.0,2407.0,15555.0,c335dadf8d742114d6c4fbf8622429f6286a3dbd658792c43ff455f865b18034,0,0,3,ondemand,,-O3 -mtriple=aarch64-linux-gnu -mcpu=cortex-a76,Pi g++ and LLVM 21 captured by runner,MLIR 21,983cac1cb2558d6f78b53309809f39243573887e7c6d048d2d9586e7afbeea37,bbb9868ab162dcee94bdb08e422abe0927f20b846e071a053ef8524f8159a821,65443,42694,,,,,,,183.0325941555202,,7.8013913202914855
matmul_bias_relu_latency_row_v1,06a7b5b55d66dfe4da6d01adf7982ab662c8a8e2,raspberry-pi5-cortex-a76,cortex-a76,"+neon,+fp-armv8",f32,matmul_bias_relu,m16_n16_k63_f32,tiled_vector_materialized_tail,tiled_vector_materialized_tail,train,16,16,63,256,63,32768,9088,1024,3.240506329113924,True,True,True,0,0,2048,tiled_vector,False,True,False,True,8,8,8,4,28,tile_materialized,16,16,63,0,32768,1.0,768,3072,2048,0,0,7,none,none,none,0,0,4,0,0,32768,65024,4096,32,1.0,False,10,True,True,True,,,success,True,True,,True,100,10000,6648.0,6649.0,0.0,6629.0,18074.0,8e9594acaf9fee6576e0d815f9d54cbc0dedc1c5ee5fb2f2473dec6f3a1441c4,0,0,3,ondemand,,-O3 -mtriple=aarch64-linux-gnu -mcpu=cortex-a76,Pi g++ and LLVM 21 captured by runner,MLIR 21,9a689b2295af7fc60186180300e5b9ce3e04173bda59fddb8106a1abd8d629c5,72663b7e2b247c7a363e7cda36450dbd1b4d164a7d03a5ccb24e12dceac16e5e,106029,61237,,,,,,,256.6136121749878,,8.802071336535285
matmul_bias_relu_latency_row_v1,06a7b5b55d66dfe4da6d01adf7982ab662c8a8e2,raspberry-pi5-cortex-a76,cortex-a76,"+neon,+fp-armv8",f32,matmul_bias_relu,m16_n16_k8_f32,fused_scalar,scalar_baseline,validation,16,16,8,256,8,4608,2048,1024,1.5,True,True,True,0,0,2048,scalar,True,False,False,False,0,0,0,1,0,none,16,16,8,0,4608,1.0,0,0,0,0,0,0,none,none,none,0,0,0,0,0,512,512,64,1,3.0,False,8,True,True,True,,,success,True,True,,True,100,20000,8944.0,8963.0,1.0,8925.0,17759.0,5594af5a4e7226e509999237be0b96d75cc51a5ad06bdbff10f8393420a0e02f,5.96046448e-08,5.30478651e-06,3,ondemand,,-O3 -mtriple=aarch64-linux-gnu -mcpu=cortex-a76,Pi g++ and LLVM 21 captured by runner,MLIR 21,7216ad907d50acb67f99c4a3dcfe26d7bc714c0bd53b6ee5a92d3ee830381aae,4a2508984ca057936e97e46a2373dd22e96a77c6c7d41cd406264b0977ab2b1a,16412,11511,,,,,,,177.67481482587755,,9.09873819539488
matmul_bias_relu_latency_row_v1,06a7b5b55d66dfe4da6d01adf7982ab662c8a8e2,raspberry-pi5-cortex-a76,cortex-a76,"+neon,+fp-armv8",f32,matmul_bias_relu,m16_n16_k8_f32,tiled_vector_full_tiles,tiled_vector_full_tiles,validation,16,16,8,256,8,4608,2048,1024,1.5,True,True,True,0,0,2048,tiled_vector,False,True,False,True,8,8,8,4,4,none,16,16,8,0,4608,1.0,0,0,0,0,0,0,none,none,none,0,0,0,0,0,4608,8704,576,4,1.0,False,10,True,True,True,,,success,True,True,,True,100,20000,222.0,223.0,0.0,203.0,9815.0,8566ec988796dcea8634d96d0c1fbb314249abce3394bd07993cf61e43d561e7,1.1920929e-07,0.000330396476,3,ondemand,,-O3 -mtriple=aarch64-linux-gnu -mcpu=cortex-a76,Pi g++ and LLVM 21 captured by runner,MLIR 21,4fbb52472ed2dd49756f3ea732e433dc9ac52178e7cbb68e57d6f153045c789e,61788fe0d0412a1d8438c6a2d07d522322156482cbc8ac70c8184aecdabeb4f1,55018,34630,,,,,,,212.66977512277663,,5.402677381872279
matmul_bias_relu_latency_row_v1,06a7b5b55d66dfe4da6d01adf7982ab662c8a8e2,raspberry-pi5-cortex-a76,cortex-a76,"+neon,+fp-armv8",f32,matmul_bias_relu,m16_n16_k8_f32,whole_shape_vector_no_padding,whole_shape_vector_no_padding,validation,16,16,8,256,8,4608,2048,1024,1.5,True,True,True,0,0,2048,whole_shape_vector,False,True,True,False,0,0,0,4,0,none,16,16,8,0,4608,1.0,0,0,0,0,0,0,none,none,none,0,0,0,0,0,4608,8704,576,1,3.0,False,10,True,True,True,,,success,True,True,,True,100,20000,315.0,334.0,0.0,314.0,18333.0,2048f8ec4058b8f0759a716a9dff51e7527c61a2bc09f8c4dd009c6916c1279f,1.1920929e-07,0.000330396476,3,ondemand,,-O3 -mtriple=aarch64-linux-gnu -mcpu=cortex-a76,Pi g++ and LLVM 21 captured by runner,MLIR 21,746777bd7e6b9514d103d8256ab8e0d52124a6b8ca5e126d60cf5d3d0b5ae016,8001fa9f27b12b12188c9b87bb42aa6ea61b1ad78645eb387bb677495b065c7b,124855,127142,,,,,,,398.6270180903375,,5.752572638825633
matmul_bias_relu_latency_row_v1,06a7b5b55d66dfe4da6d01adf7982ab662c8a8e2,raspberry-pi5-cortex-a76,cortex-a76,"+neon,+fp-armv8",f32,matmul_bias_relu,m16_n32_k63_f32,fused_scalar,scalar_baseline,train,16,32,63,512,63,65536,14144,2048,4.047430830039525,True,True,True,0,0,4096,scalar,True,False,False,False,0,0,0,1,0,none,16,32,63,0,65536,1.0,0,0,0,0,0,7,none,none,none,0,0,0,0,0,512,512,64,1,3.0,False,8,True,True,True,,,success,True,True,,True,100,10000,123759.0,156315.0,0.0,123740.0,206166.0,5bc69b6b29e7eaa15f64b515c7c712d080fa707954d14176bc4265a6240931c1,4.76837158e-07,6.45723695e-05,3,ondemand,,-O3 -mtriple=aarch64-linux-gnu -mcpu=cortex-a76,Pi g++ and LLVM 21 captured by runner,MLIR 21,125e3ec68c7d20aa8ff91694369c73bb295e2a407e872cfe34416e4f05c977de,79af89b6aac03ee6dcf08fc619bbe2c63a45409f29210f3d4b12cbd3d73f1639,16465,11515,,,,,,,142.99518894404173,,11.726091405059163
matmul_bias_relu_latency_row_v1,06a7b5b55d66dfe4da6d01adf7982ab662c8a8e2,raspberry-pi5-cortex-a76,cortex-a76,"+neon,+fp-armv8",f32,matmul_bias_relu,m16_n32_k63_f32,tiled_vector_direct_k,tiled_vector_direct_cleanup,train,16,32,63,512,63,65536,14144,2048,4.047430830039525,True,True,True,0,0,4096,tiled_vector,False,True,False,True,8,8,8,4,56,none,16,32,63,0,65536,1.0,0,0,0,0,0,7,none,none,direct_vector_cleanup,0,0,8,7168,0,65024,129536,8128,64,1.0,False,10,True,True,True,,,success,True,True,,True,100,10000,4889.0,4908.0,0.0,4870.0,16463.0,73de593f7cabaa957781b4d613fd6a7c7badad372b05a62b086e0b55c497ab3d,0,0,3,ondemand,,-O3 -mtriple=aarch64-linux-gnu -mcpu=cortex-a76,Pi g++ and LLVM 21 captured by runner,MLIR 21,2ce2c3ca446e43b0eeab7a648a6d66f3ceaa8feb03252515d74876861fde5de3,9d709ce956390a95cdabf996372261ccb3e6b0a784fd62962af7a76c928167a9,65492,42694,,,,,,,191.50050007738173,,8.494743062578646
matmul_bias_relu_latency_row_v1,06a7b5b55d66dfe4da6d01adf7982ab662c8a8e2,raspberry-pi5-cortex-a76,cortex-a76,"+neon,+fp-armv8",f32,matmul_bias_relu,m16_n32_k63_f32,tiled_vector_materialized_tail,tiled_vector_materialized_tail,train,16,32,63,512,63,65536,14144,2048,4.047430830039525,True,True,True,0,0,4096,tiled_vector,False,True,False,True,8,8,8,4,56,tile_materialized,16,32,63,0,65536,1.0,768,6144,4096,0,0,7,none,none,none,0,0,8,0,0,65024,129536,8128,64,1.0,False,10,True,True,True,,,success,True,True,,True,100,10000,13203.0,13222.0,17.0,13166.0,26759.0,c493ce112c9c6ccad1a9e85c2f835efa0101cfc3dd90413aee5077fa890ce57b,0,0,3,ondemand,,-O3 -mtriple=aarch64-linux-gnu -mcpu=cortex-a76,Pi g++ and LLVM 21 captured by runner,MLIR 21,a3645ace7061e382b318e7262e75accee97bf3ba39a2a2b429f07dec23c2ff0f,61ffd500ef2893d031c5c3020e178866e70fcb442f620d68d58469fed2606568,106080,61255,,,,,,,262.2434771619737,,9.488199355479201
matmul_bias_relu_latency_row_v1,06a7b5b55d66dfe4da6d01adf7982ab662c8a8e2,raspberry-pi5-cortex-a76,cortex-a76,"+neon,+fp-armv8",f32,matmul_bias_relu,m16_n64_k127_f32,fused_scalar,scalar_baseline,train,16,64,127,1024,127,262144,44736,4096,5.368283093053735,True,True,True,0,0,8192,scalar,True,False,False,False,0,0,0,1,0,none,16,64,127,0,262144,1.0,0,0,0,0,0,7,none,none,none,0,0,0,0,0,512,512,64,1,3.0,False,8,True,True,True,,,success,True,True,,True,100,2000,494184.0,697646.0,19.0,494109.0,711480.0,1a16087ed817147e0b7dd35a058ca17d7cea382de062b7411d7fda1eeca95e97,7.15255737e-07,0.000970343866,3,ondemand,,-O3 -mtriple=aarch64-linux-gnu -mcpu=cortex-a76,Pi g++ and LLVM 21 captured by runner,MLIR 21,b30de09d81ef9f846b06863e71f7df78d1db6027acf539b29e03d0bac67d394c,8e81de516c4474d8b54d3e2085cd845ccfbffff19ba8a2997e2465b0d6d4e5af,16471,11519,,,,,,,147.37909217365086,,13.110663196456093
matmul_bias_relu_latency_row_v1,06a7b5b55d66dfe4da6d01adf7982ab662c8a8e2,raspberry-pi5-cortex-a76,cortex-a76,"+neon,+fp-armv8",f32,matmul_bias_relu,m16_n64_k127_f32,tiled_vector_direct_k,tiled_vector_direct_cleanup,train,16,64,127,1024,127,262144,44736,4096,5.368283093053735,True,True,True,0,0,8192,tiled_vector,False,True,False,True,8,8,8,4,240,none,16,64,127,0,262144,1.0,0,0,0,0,0,7,none,none,direct_vector_cleanup,0,0,16,14336,0,260608,520704,32576,256,1.0,False,10,True,True,True,,,success,True,True,,True,100,2000,13129.0,13148.0,18.0,13092.0,19629.0,d11c78cfc07428a2bbb49a249af9453c4bfa2aab1ccf8b4ca0d642c71a857625,0,0,3,ondemand,,-O3 -mtriple=aarch64-linux-gnu -mcpu=cortex-a76,Pi g++ and LLVM 21 captured by runner,MLIR 21,1c635b41ae585af0c7011dc1d77f77a464bb5c7a1237351037c952e3b5c44b99,c98144a5185d71e7bf19940f57d8ecaeb3c82125e972b28583cd2be343bb74b9,65507,42709,,,,,,,193.7378030270338,,9.48257880293411
matmul_bias_relu_latency_row_v1,06a7b5b55d66dfe4da6d01adf7982ab662c8a8e2,raspberry-pi5-cortex-a76,cortex-a76,"+neon,+fp-armv8",f32,matmul_bias_relu,m16_n64_k127_f32,tiled_vector_materialized_tail,tiled_vector_materialized_tail,train,16,64,127,1024,127,262144,44736,4096,5.368283093053735,True,True,True,0,0,8192,tiled_vector,False,True,False,True,8,8,8,4,240,tile_materialized,16,64,127,0,262144,1.0,768,12288,8192,0,0,7,none,none,none,0,0,16,0,0,260608,520704,32576,256,1.0,False,10,True,True,True,,,success,True,True,,True,100,2000,52759.0,52778.0,0.0,52740.0,78574.0,8c8ce26d71dd528c835c0e7a5bddce6badf8b1ba71a3a7ee108be3c05b3da5e3,0,0,3,ondemand,,-O3 -mtriple=aarch64-linux-gnu -mcpu=cortex-a76,Pi g++ and LLVM 21 captured by runner,MLIR 21,6f44f1d572fe3230b9a094ac25030ec67f6013adcf67567f32cd3dee7a7a7adc,c060d5690158a0c913054c8aff1e383ef9d3224a38a62115bfa27ebc3c038059,106087,61275,,,,,,,251.72545411624014,,10.873489652898783
matmul_bias_relu_latency_row_v1,06a7b5b55d66dfe4da6d01adf7982ab662c8a8e2,raspberry-pi5-cortex-a76,cortex-a76,"+neon,+fp-armv8",f32,matmul_bias_relu,m17_n17_k17_f32,fused_scalar,scalar_baseline,train,17,17,17,289,17,10404,3468,1156,2.25,True,True,True,0,0,2312,scalar,True,False,False,False,0,0,0,1,0,none,17,17,17,0,10404,1.0,0,0,0,1,1,1,none,none,none,0,0,0,0,0,512,512,64,1,3.0,False,8,True,True,True,,,success,True,True,,True,100,20000,19908.0,19926.0,1.0,19888.0,36649.0,8dd8c01420b656d13b11df362242d299a613547ee7dab7cc305274ae15eadfdb,1.1920929e-07,1.7746124e-05,3,ondemand,,-O3 -mtriple=aarch64-linux-gnu -mcpu=cortex-a76,Pi g++ and LLVM 21 captured by runner,MLIR 21,bf454079b01edf7f8afd7cbc26495d78634da2041d296b6be676bdfffe1e0ac1,115b83514ff9733ce32aca90fb3335a66fa7bdb77884307ceee0b1f840b208d6,16367,11515,,,,,,,147.9224271606654,,9.898876939978445
matmul_bias_relu_latency_row_v1,06a7b5b55d66dfe4da6d01adf7982ab662c8a8e2,raspberry-pi5-cortex-a76,cortex-a76,"+neon,+fp-armv8",f32,matmul_bias_relu,m17_n17_k17_f32,tiled_vector_materialized_tail,tiled_vector_materialized_tail,train,17,17,17,289,17,10404,3468,1156,2.25,True,True,True,0,0,2312,tiled_vector,False,True,False,True,8,8,8,4,8,tile_materialized,17,17,17,0,10404,1.0,768,20736,13824,1,1,1,none,none,none,9,9,9,0,0,10338,20164,1292,27,1.0,False,10,True,True,True,,,success,True,True,,True,100,20000,10852.0,10907.0,19.0,10740.0,59611.0,9f1c2f0250e57aaaae84bb47c65297d357718f2a48be95d5b1d13c248384d711,0,0,3,ondemand,,-O3 -mtriple=aarch64-linux-gnu -mcpu=cortex-a76,Pi g++ and LLVM 21 captured by runner,MLIR 21,d2c06372e14eb22e17b894429be6b109e89d40c0b43ad4f8b8cb933a6a048bd9,0abd7def7b75c04195f387e2dc269277b52afd892703eef682ea77dbdcf56f9d,114084,66651,,,,,,,266.16604905575514,,9.292104673778823
matmul_bias_relu_latency_row_v1,06a7b5b55d66dfe4da6d01adf7982ab662c8a8e2,raspberry-pi5-cortex-a76,cortex-a76,"+neon,+fp-armv8",f32,matmul_bias_relu,m1_n1_k1_f32,fused_scalar,scalar_baseline,train,1,1,1,1,1,4,12,4,0.25,True,True,True,0,0,8,scalar,True,False,False,False,0,0,0,1,0,none,1,1,1,0,4,1.0,0,0,0,1,1,1,none,none,none,0,0,0,0,0,512,512,64,1,0.015625,False,8,True,True,True,,,success,True,True,,True,100,20000,74.0,75.0,0.0,55.0,148.0,f6624ef2fd5b3ee7ce6b06845881586ac5f1623173f8f94c101cb52e39f843dd,0,0,3,ondemand,,-O3 -mtriple=aarch64-linux-gnu -mcpu=cortex-a76,Pi g++ and LLVM 21 captured by runner,MLIR 21,5bcb0fcb6e3a3c684b4b4cbc589e2d9765a644701dc461d652f0ff516d64f7a1,cf50a42adeab5c3a9512656ff7b07ff7a5cd954d51de8e45e632b487e7d51a4d,15685,11319,,,,,,,176.5612899325788,,4.30406509320417
matmul_bias_relu_latency_row_v1,06a7b5b55d66dfe4da6d01adf7982ab662c8a8e2,raspberry-pi5-cortex-a76,cortex-a76,"+neon,+fp-armv8",f32,matmul_bias_relu,m1_n1_k1_f32,tiled_vector_materialized_tail,tiled_vector_materialized_tail,train,1,1,1,1,1,4,12,4,0.25,True,True,True,0,0,8,tiled_vector,False,True,False,True,8,8,8,4,0,tile_materialized,1,1,1,0,4,1.0,768,2304,1536,1,1,1,none,none,none,1,1,1,0,0,514,516,64,1,1.0,False,10,True,True,True,,,success,True,True,,True,100,20000,407.0,408.0,1.0,388.0,3500.0,6994a74f1621d28b39b010546c7dcb62600454b40b41a7f8464973f6d0b00649,0,0,3,ondemand,,-O3 -mtriple=aarch64-linux-gnu -mcpu=cortex-a76,Pi g++ and LLVM 21 captured by runner,MLIR 21,00bf5be44d25f922071b77af9295afb2589af7602a745202ad011604744ad2d6,67c7d91050c430e8573b0f2eac6822d98cb03f1d6b186d2585a3b130ca759516,99898,58312,,,,,,,219.40495586022735,,6.008813185442595
matmul_bias_relu_latency_row_v1,06a7b5b55d66dfe4da6d01adf7982ab662c8a8e2,raspberry-pi5-cortex-a76,cortex-a76,"+neon,+fp-armv8",f32,matmul_bias_relu,m1_n1_k1_f32,whole_shape_vector_materialized_padding,whole_shape_vector_materialized_padding,train,1,1,1,1,1,4,12,4,0.25,True,True,True,0,0,8,whole_shape_vector,False,True,True,False,0,0,0,4,0,whole_shape_materialized,8,8,8,189,1152,288.0,768,768,12,1,1,1,none,none,none,0,0,0,0,0,1536,2560,192,1,0.015625,False,10,True,True,True,,,success,True,True,,True,100,20000,278.0,297.0,1.0,277.0,9963.0,5453290cda2aee160e002cd88552f69fad73f8f53e0e3879344648563e318bf9,0,0,3,ondemand,,-O3 -mtriple=aarch64-linux-gnu -mcpu=cortex-a76,Pi g++ and LLVM 21 captured by runner,MLIR 21,e6f43f71005a69701a1dc4cfdda85f4b8b043b85d5fbc1b1e8546a59a63da326,23e1775a79e44b21a44818c9f3217f3e63f342792753434c17296c7ed77f68b6,70851,50848,,,,,,,173.2105251867324,,5.627621113690637
matmul_bias_relu_latency_row_v1,06a7b5b55d66dfe4da6d01adf7982ab662c8a8e2,raspberry-pi5-cortex-a76,cortex-a76,"+neon,+fp-armv8",f32,matmul_bias_relu,m1_n1_k1_f32,whole_shape_vector_no_padding,whole_shape_vector_no_padding,train,1,1,1,1,1,4,12,4,0.25,True,True,True,0,0,8,whole_shape_vector,False,True,True,False,0,0,0,4,0,none,1,1,1,0,4,1.0,0,0,0,1,1,1,none,none,none,0,0,0,0,0,514,516,64,1,0.015625,False,10,True,True,True,,,compile_failed,False,False,,False,,,,,,,,,,,,,,,,,,,,,,,,,,,127.42744688875973,,
matmul_bias_relu_latency_row_v1,06a7b5b55d66dfe4da6d01adf7982ab662c8a8e2,raspberry-pi5-cortex-a76,cortex-a76,"+neon,+fp-armv8",f32,matmul_bias_relu,m2_n2_k2_f32,fused_scalar,scalar_baseline,train,2,2,2,4,2,24,48,16,0.375,True,True,True,0,0,32,scalar,True,False,False,False,0,0,0,1,0,none,2,2,2,0,24,1.0,0,0,0,2,2,2,none,none,none,0,0,0,0,0,512,512,64,1,0.0625,False,8,True,True,True,,,success,True,True,,True,100,20000,111.0,112.0,0.0,92.0,185.0,a596330907aabf04edfae3b0d3fbb2c63c62dff5e796ed0bfedcd7f411efaa9a,7.4505806e-09,6.31668245e-08,3,ondemand,,-O3 -mtriple=aarch64-linux-gnu -mcpu=cortex-a76,Pi g++ and LLVM 21 captured by runner,MLIR 21,1f66d06eccc659baef85d72ff33cd190958d5bcb95354f96f2cc01ed466495ef,50f70ebd5be3afe9118ab34035b7ccb08d0db21cd0a1607e0f0b6c5c8dc0fbdd,16344,11484,,,,,,,164.1550709027797,,4.709530201312334
matmul_bias_relu_latency_row_v1,06a7b5b55d66dfe4da6d01adf7982ab662c8a8e2,raspberry-pi5-cortex-a76,cortex-a76,"+neon,+fp-armv8",f32,matmul_bias_relu,m2_n2_k2_f32,tiled_vector_materialized_tail,tiled_vector_materialized_tail,train,2,2,2,4,2,24,48,16,0.375,True,True,True,0,0,32,tiled_vector,False,True,False,True,8,8,8,4,0,tile_materialized,2,2,2,0,24,1.0,768,2304,1536,2,2,2,none,none,none,1,1,1,0,0,528,544,66,1,1.0,False,10,True,True,True,,,success,True,True,,True,100,20000,482.0,500.0,1.0,481.0,6667.0,5cca46db747046437f11d520cb26a6cff15c2352b90a12be6cf9e6b058fe4ad4,0,0,3,ondemand,,-O3 -mtriple=aarch64-linux-gnu -mcpu=cortex-a76,Pi g++ and LLVM 21 captured by runner,MLIR 21,3705ebdf8f552e07c39f4701b4652da0a0e75f2a39aa8ef5f34ad0d26e3913fd,b16fe519c8d3ef0e361b63fed2f601d3044614c17b87ce07391a06ace3298f33,105491,59980,,,,,,,235.87827384471893,,6.1779441140506
matmul_bias_relu_latency_row_v1,06a7b5b55d66dfe4da6d01adf7982ab662c8a8e2,raspberry-pi5-cortex-a76,cortex-a76,"+neon,+fp-armv8",f32,matmul_bias_relu,m2_n2_k2_f32,whole_shape_vector_materialized_padding,whole_shape_vector_materialized_padding,train,2,2,2,4,2,24,48,16,0.375,True,True,True,0,0,32,whole_shape_vector,False,True,True,False,0,0,0,4,0,whole_shape_materialized,8,8,8,180,1152,48.0,768,768,48,2,2,2,none,none,none,0,0,0,0,0,1536,2560,192,1,0.0625,False,10,True,True,True,,,success,True,True,,True,100,20000,370.0,389.0,1.0,351.0,6519.0,6ea8d6c9d270d1425ca90d3e12c4e41d607b43b9016899091b9147f4d5c27eeb,1.49011612e-08,7.84582514e-08,3,ondemand,,-O3 -mtriple=aarch64-linux-gnu -mcpu=cortex-a76,Pi g++ and LLVM 21 captured by runner,MLIR 21,a0c985362edd8d1df44f12daa21b27b458933e702f09da3862c0bba4ada37d15,23c823cb86632dadf8dcc4b53a0b908ca2bfa4f894c09a97ccc27be20c369459,74672,53146,,,,,,,198.28259502537549,,5.91350300563827
matmul_bias_relu_latency_row_v1,06a7b5b55d66dfe4da6d01adf7982ab662c8a8e2,raspberry-pi5-cortex-a76,cortex-a76,"+neon,+fp-armv8",f32,matmul_bias_relu,m2_n2_k2_f32,whole_shape_vector_no_padding,whole_shape_vector_no_padding,train,2,2,2,4,2,24,48,16,0.375,True,True,True,0,0,32,whole_shape_vector,False,True,True,False,0,0,0,4,0,none,2,2,2,0,24,1.0,0,0,0,2,2,2,none,none,none,0,0,0,0,0,528,544,66,1,0.0625,False,10,True,True,True,,,success,True,True,,True,100,20000,55.0,56.0,1.0,37.0,14666.0,094fbd4e5f942e97f817b780dab84210fab7a014f4ca0044b478e8e95391c594,1.49011612e-08,7.84582514e-08,3,ondemand,,-O3 -mtriple=aarch64-linux-gnu -mcpu=cortex-a76,Pi g++ and LLVM 21 captured by runner,MLIR 21,fec61eae65b38d2d73045817f38522bc3bbe07d7a304355c0ccfbb90d1b6dd32,2cd7be066f530e0f31e6693e8b8f60dc7baf84e0c1e372a01805c8be959356f7,19292,12462,,,,,,,175.24909903295338,,4.007333185232471
matmul_bias_relu_latency_row_v1,06a7b5b55d66dfe4da6d01adf7982ab662c8a8e2,raspberry-pi5-cortex-a76,cortex-a76,"+neon,+fp-armv8",f32,matmul_bias_relu,m31_n31_k31_f32,fused_scalar,scalar_baseline,train,31,31,31,961,31,61504,11532,3844,4.0,True,True,True,0,0,7688,scalar,True,False,False,False,0,0,0,1,0,none,31,31,31,0,61504,1.0,0,0,0,7,7,7,none,none,none,0,0,0,0,0,512,512,64,1,3.0,False,8,True,True,True,,,success,True,True,,True,100,10000,116500.0,116518.0,0.0,116481.0,138629.0,aca7b0566af12a33172ff14834a53987d98a9087e82ce7d6f6dbf72cd4c95bd0,3.57627869e-07,2.79532621e-05,3,ondemand,,-O3 -mtriple=aarch64-linux-gnu -mcpu=cortex-a76,Pi g++ and LLVM 21 captured by runner,MLIR 21,9890b779111e52859d51a185e9c09b32c1d11d70e7f816b309bba41405e5091d,9474c6eccbc19ae6cd60833d541c5ff923595571b99142f3af0d14b0be2ac17e,16367,11515,,,,,,,149.04504409059882,,11.665646551987892
matmul_bias_relu_latency_row_v1,06a7b5b55d66dfe4da6d01adf7982ab662c8a8e2,raspberry-pi5-cortex-a76,cortex-a76,"+neon,+fp-armv8",f32,matmul_bias_relu,m31_n31_k31_f32,tiled_vector_materialized_tail,tiled_vector_materialized_tail,train,31,31,31,961,31,61504,11532,3844,4.0,True,True,True,0,0,7688,tiled_vector,False,True,False,True,8,8,8,4,27,tile_materialized,31,31,31,0,61504,1.0,768,36864,24576,7,7,7,none,none,none,16,16,16,0,0,60094,119676,7511,64,1.0,False,10,True,True,True,,,success,True,True,,True,100,10000,28315.0,28352.0,18.0,28240.0,57759.0,f7a8d0ca774d9970f8eb9a4a45c558610214f891cbaa4da7d5ff6e00984a4d07,0,0,3,ondemand,,-O3 -mtriple=aarch64-linux-gnu -mcpu=cortex-a76,Pi g++ and LLVM 21 captured by runner,MLIR 21,8814e80580a340789852c2bbb3e6cdb4818670ce729fcd6541a03fcf83b85fff,072b4bdc061d814d7000dc5260ddd13be33a0b9bade480bb46af3844d32f1741,114084,66651,,,,,,,270.27333597652614,,10.251146978547906
matmul_bias_relu_latency_row_v1,06a7b5b55d66dfe4da6d01adf7982ab662c8a8e2,raspberry-pi5-cortex-a76,cortex-a76,"+neon,+fp-armv8",f32,matmul_bias_relu,m32_n16_k255_f32,fused_scalar,scalar_baseline,train,32,16,255,512,255,262144,51008,2048,4.940892641737032,True,True,True,0,0,4096,scalar,True,False,False,False,0,0,0,1,0,none,32,16,255,0,262144,1.0,0,0,0,0,0,7,none,none,none,0,0,0,0,0,512,512,64,1,3.0,False,8,True,True,True,,,success,True,True,,True,100,2000,493369.0,495091.0,0.0,493295.0,542591.0,3df386fda920800928627bdb6d40269cdd8407aa1ce2bfecb41cf7e2dc19f61e,1.1920929e-06,6.48247055e-05,3,ondemand,,-O3 -mtriple=aarch64-linux-gnu -mcpu=cortex-a76,Pi g++ and LLVM 21 captured by runner,MLIR 21,4068c48eada95891bec2a5a8a339a70aa9998eb5ba7a927c3b42f63ab81f442e,80eced9c6010a505a8b3b391de8f9ece99a897b26a9cefd437cb2cca382c64db,16469,11519,,,,,,,143.16001790575683,,13.109012651756162
matmul_bias_relu_latency_row_v1,06a7b5b55d66dfe4da6d01adf7982ab662c8a8e2,raspberry-pi5-cortex-a76,cortex-a76,"+neon,+fp-armv8",f32,matmul_bias_relu,m32_n16_k255_f32,tiled_vector_direct_k,tiled_vector_direct_cleanup,train,32,16,255,512,255,262144,51008,2048,4.940892641737032,True,True,True,0,0,4096,tiled_vector,False,True,False,True,8,8,8,4,248,none,32,16,255,0,262144,1.0,0,0,0,0,0,7,none,none,direct_vector_cleanup,0,0,8,7168,0,261632,522752,32704,256,1.0,False,10,True,True,True,,,success,True,True,,True,100,2000,10074.0,10111.0,18.0,10037.0,22889.0,e5c5dd2b566c4281c22d67e4776ea882ff0e99ac148bcc46a3a26e367c3d4ae3,0,0,3,ondemand,,-O3 -mtriple=aarch64-linux-gnu -mcpu=cortex-a76,Pi g++ and LLVM 21 captured by runner,MLIR 21,7d9a8b75031ddf1942fcc0d85ab19e54436c36ae69f1d81a456b0f64a4e217a1,4879ae3237fce1f631c3183503a279db95f726ebcf5fe059c754d4458bb8a74a,65506,42709,,,,,,,216.2271048873663,,9.217713126305595
matmul_bias_relu_latency_row_v1,06a7b5b55d66dfe4da6d01adf7982ab662c8a8e2,raspberry-pi5-cortex-a76,cortex-a76,"+neon,+fp-armv8",f32,matmul_bias_relu,m32_n16_k255_f32,tiled_vector_materialized_tail,tiled_vector_materialized_tail,train,32,16,255,512,255,262144,51008,2048,4.940892641737032,True,True,True,0,0,4096,tiled_vector,False,True,False,True,8,8,8,4,248,tile_materialized,32,16,255,0,262144,1.0,768,6144,4096,0,0,7,none,none,none,0,0,8,0,0,261632,522752,32704,256,1.0,False,10,True,True,True,,,success,True,True,,True,100,2000,51629.0,51648.0,18.0,51592.0,55703.0,c2c2edbcb6ee72ec00042e56d7eb760ea79ede5254e6b0e7926efcabec2566ac,0,0,3,ondemand,,-O3 -mtriple=aarch64-linux-gnu -mcpu=cortex-a76,Pi g++ and LLVM 21 captured by runner,MLIR 21,96a8fe3d1da2746edc27668bba6eac5d21b685ab847dca771f063f5844bc16e3,ce613830699fb22fb9867e2ab7bb50c6c950c4710a4c7170088065d4aefd53c4,106085,61244,,,,,,,242.6546288188547,,10.851838809101965
matmul_bias_relu_latency_row_v1,06a7b5b55d66dfe4da6d01adf7982ab662c8a8e2,raspberry-pi5-cortex-a76,cortex-a76,"+neon,+fp-armv8",f32,matmul_bias_relu,m32_n32_k127_f32,fused_scalar,scalar_baseline,train,32,32,127,1024,127,262144,36608,4096,6.440251572327044,True,True,True,0,0,8192,scalar,True,False,False,False,0,0,0,1,0,none,32,32,127,0,262144,1.0,0,0,0,0,0,7,none,none,none,0,0,0,0,0,512,512,64,1,3.0,False,8,True,True,True,,,success,True,True,,True,100,2000,494202.0,495813.0,18.0,494146.0,530369.0,e2688d2b38155340b27ebcaf89da86f91f33c1a1ccaa0a4e20920e74cded2f36,7.15255737e-07,2.89485873e-05,3,ondemand,,-O3 -mtriple=aarch64-linux-gnu -mcpu=cortex-a76,Pi g++ and LLVM 21 captured by runner,MLIR 21,d7d7c12e42c64c5ca171fdfabdac4d03f8a3f1390d553f8c5f23add5e0acd0c3,8fce62e19cf9bae6f1feb684ead1811c1bdaeca1042ddf8472285be8c6b0a6b8,16422,11519,,,,,,,146.75042312592268,,13.110699619473015
matmul_bias_relu_latency_row_v1,06a7b5b55d66dfe4da6d01adf7982ab662c8a8e2,raspberry-pi5-cortex-a76,cortex-a76,"+neon,+fp-armv8",f32,matmul_bias_relu,m32_n32_k127_f32,tiled_vector_direct_k,tiled_vector_direct_cleanup,train,32,32,127,1024,127,262144,36608,4096,6.440251572327044,True,True,True,0,0,8192,tiled_vector,False,True,False,True,8,8,8,4,240,none,32,32,127,0,262144,1.0,0,0,0,0,0,7,none,none,direct_vector_cleanup,0,0,16,14336,0,260608,520704,32576,256,1.0,False,10,True,True,True,,,success,True,True,,True,100,2000,13241.0,13278.0,1.0,13203.0,18352.0,f03b8021e70151b2e7e1fc1dd91d4dbcc749847f2e08c70723e2aaf3241b1f16,0,0,3,ondemand,,-O3 -mtriple=aarch64-linux-gnu -mcpu=cortex-a76,Pi g++ and LLVM 21 captured by runner,MLIR 21,cdc1b802d6ca9a9ce994bf3b684520ab68166189f79e39eb6069a047e00f4346,6517b7c3b9fe23cf91a39809167462686611ff21699f4d232f2be326fd60972b,65458,42709,,,,,,,190.06567099131644,,9.491073355339758
matmul_bias_relu_latency_row_v1,06a7b5b55d66dfe4da6d01adf7982ab662c8a8e2,raspberry-pi5-cortex-a76,cortex-a76,"+neon,+fp-armv8",f32,matmul_bias_relu,m32_n32_k127_f32,tiled_vector_materialized_tail,tiled_vector_materialized_tail,train,32,32,127,1024,127,262144,36608,4096,6.440251572327044,True,True,True,0,0,8192,tiled_vector,False,True,False,True,8,8,8,4,240,tile_materialized,32,32,127,0,262144,1.0,768,12288,8192,0,0,7,none,none,none,0,0,16,0,0,260608,520704,32576,256,1.0,False,10,True,True,True,,,success,True,True,,True,100,2000,51815.0,51870.0,18.0,51777.0,57037.0,eac2db7e1c205be1db2ae681c948a5e508c85f850619fefc36cf5609829ab1af,0,0,3,ondemand,,-O3 -mtriple=aarch64-linux-gnu -mcpu=cortex-a76,Pi g++ and LLVM 21 captured by runner,MLIR 21,98513dc8a085c103440b121463a758fc6689bb78fe368feef3c64b2c530bd2b5,513b51ac268b3f5fffb1d4dfb7ec61e4fd6e705571eb7a3fd512054eb8cf5921,106036,61263,,,,,,,244.48337010107934,,10.855434961618318
matmul_bias_relu_latency_row_v1,06a7b5b55d66dfe4da6d01adf7982ab662c8a8e2,raspberry-pi5-cortex-a76,cortex-a76,"+neon,+fp-armv8",f32,matmul_bias_relu,m32_n32_k32_f32,fused_scalar,scalar_baseline,train,32,32,32,1024,32,67584,12288,4096,4.125,True,True,True,0,0,8192,scalar,True,False,False,False,0,0,0,1,0,none,32,32,32,0,67584,1.0,0,0,0,0,0,0,none,none,none,0,0,0,0,0,512,512,64,1,3.0,False,8,True,True,True,,,success,True,True,,True,100,10000,127925.00000000001,127944.0,1.0,127888.0,166999.0,a266390ca6b99e6627cea47f8d0c0a821a899b759073523c3566572de6edf12c,2.38418579e-07,5.21340192e-05,3,ondemand,,-O3 -mtriple=aarch64-linux-gnu -mcpu=cortex-a76,Pi g++ and LLVM 21 captured by runner,MLIR 21,2dbab0b23f70ce02d388f5d506d2c0e91c7c3f0d511011cf63c920456a4e3a12,bab52219e25ad78503e99651e8d436f03bebf8a99592a9c2d823c895d78bbf07,16369,11515,,,,,,,150.8861482143402,,11.759199433673293
matmul_bias_relu_latency_row_v1,06a7b5b55d66dfe4da6d01adf7982ab662c8a8e2,raspberry-pi5-cortex-a76,cortex-a76,"+neon,+fp-armv8",f32,matmul_bias_relu,m32_n32_k32_f32,tiled_vector_full_tiles,tiled_vector_full_tiles,train,32,32,32,1024,32,67584,12288,4096,4.125,True,True,True,0,0,8192,tiled_vector,False,True,False,True,8,8,8,4,64,none,32,32,32,0,67584,1.0,0,0,0,0,0,0,none,none,none,0,0,0,0,0,66048,131584,8256,64,1.0,False,10,True,True,True,,,success,True,True,,True,100,10000,2575.0,2593.0,1.0,2555.0,10703.0,1acde5e11048bd9707fa3b1b7e22e037a2b0eed5f6352dfa4fe34f26c7c405b8,0,0,3,ondemand,,-O3 -mtriple=aarch64-linux-gnu -mcpu=cortex-a76,Pi g++ and LLVM 21 captured by runner,MLIR 21,fd91717f7441761a17ba771fa5a004ac23f752d84099a4f3ca9ed356d3ca9aac,dbbeb28bebaf25c6bbd43443d55528c650225cae19d323f15505612a69e9e147,81588,48203,,,,,,,212.4517341144383,,7.853604813097837
matmul_bias_relu_latency_row_v1,06a7b5b55d66dfe4da6d01adf7982ab662c8a8e2,raspberry-pi5-cortex-a76,cortex-a76,"+neon,+fp-armv8",f32,matmul_bias_relu,m32_n32_k63_f32,fused_scalar,scalar_baseline,validation,32,32,63,1024,63,131072,20224,4096,5.389473684210526,True,True,True,0,0,8192,scalar,True,False,False,False,0,0,0,1,0,none,32,32,63,0,131072,1.0,0,0,0,0,0,7,none,none,none,0,0,0,0,0,512,512,64,1,3.0,False,8,True,True,True,,,success,True,True,,True,100,2000,247406.0,248888.0,1.0,247369.0,279147.0,e5270d5a4afeab6383e0f486acbb6b480df5a8ac6e0726368b95cd17f16869dd,4.76837158e-07,6.45723695e-05,3,ondemand,,-O3 -mtriple=aarch64-linux-gnu -mcpu=cortex-a76,Pi g++ and LLVM 21 captured by runner,MLIR 21,ec96edde4c8203a8a7a3b8f93ae2f08fa2a7c8cf4293cc64cd4a08711b08ec70,45e45ba07b4ca2453152bca5d1acd8295ea15f2c19531521b7e59772ff5b712b,16418,11515,,,,,,,143.61808891408145,,12.418785990869564
matmul_bias_relu_latency_row_v1,06a7b5b55d66dfe4da6d01adf7982ab662c8a8e2,raspberry-pi5-cortex-a76,cortex-a76,"+neon,+fp-armv8",f32,matmul_bias_relu,m32_n32_k63_f32,tiled_vector_direct_k,tiled_vector_direct_cleanup,validation,32,32,63,1024,63,131072,20224,4096,5.389473684210526,True,True,True,0,0,8192,tiled_vector,False,True,False,True,8,8,8,4,112,none,32,32,63,0,131072,1.0,0,0,0,0,0,7,none,none,direct_vector_cleanup,0,0,16,14336,0,129536,258560,16192,128,1.0,False,10,True,True,True,,,success,True,True,,True,100,2000,9704.0,9722.0,0.0,9685.0,15315.0,27753a752359b371775c32e74453085f41d576ba6726e6269aca386dc4ad4d75,0,0,3,ondemand,,-O3 -mtriple=aarch64-linux-gnu -mcpu=cortex-a76,Pi g++ and LLVM 21 captured by runner,MLIR 21,19eefa777f53270376bd3ede5030881a882a279656aa92340a56cf9405ebc872,aec0b4bd3f99b4374a660a2a71049dc7d67be6aaf027e360c4907018a4fad305,65444,42694,,,,,,,183.47157491371036,,9.180293450623886
matmul_bias_relu_latency_row_v1,06a7b5b55d66dfe4da6d01adf7982ab662c8a8e2,raspberry-pi5-cortex-a76,cortex-a76,"+neon,+fp-armv8",f32,matmul_bias_relu,m32_n32_k63_f32,tiled_vector_materialized_tail,tiled_vector_materialized_tail,validation,32,32,63,1024,63,131072,20224,4096,5.389473684210526,True,True,True,0,0,8192,tiled_vector,False,True,False,True,8,8,8,4,112,tile_materialized,32,32,63,0,131072,1.0,768,12288,8192,0,0,7,none,none,none,0,0,16,0,0,129536,258560,16192,128,1.0,False,10,True,True,True,,,success,True,True,,True,100,2000,26297.0,26315.0,1.0,26296.0,30499.0,142bbbcd817002764036b757593ed3f13118952c808b47e9e03ee7b0262edd9f,0,0,3,ondemand,,-O3 -mtriple=aarch64-linux-gnu -mcpu=cortex-a76,Pi g++ and LLVM 21 captured by runner,MLIR 21,ff4dfc7a62d8eecec8743c3e05d17c8a856904a0a67bfd0d0b1381317f07473d,7757ce0a2431479dde8a2be45988ee8e160f1aef6cf2f35898c7b93a19926a3f,106031,61256,,,,,,,262.9351259674877,,10.177210143218492
matmul_bias_relu_latency_row_v1,06a7b5b55d66dfe4da6d01adf7982ab662c8a8e2,raspberry-pi5-cortex-a76,cortex-a76,"+neon,+fp-armv8",f32,matmul_bias_relu,m32_n32_k64_f32,fused_scalar,scalar_baseline,train,32,32,64,1024,64,133120,20480,4096,5.416666666666667,True,True,True,0,0,8192,scalar,True,False,False,False,0,0,0,1,0,none,32,32,64,0,133120,1.0,0,0,0,0,0,0,none,none,none,0,0,0,0,0,512,512,64,1,3.0,False,8,True,True,True,,,success,True,True,,True,100,2000,251240.00000000003,252722.0,0.0,251221.00000000003,266389.0,ac9fb17c466d28e6fba34475d2eead0aaea323167ad6f337cc971afd4e76498b,4.76837158e-07,3.38787817e-05,3,ondemand,,-O3 -mtriple=aarch64-linux-gnu -mcpu=cortex-a76,Pi g++ and LLVM 21 captured by runner,MLIR 21,b78432b1aa5c4cbb5b55cd9f857f46391f60795ad1dc7ba90699c0b92e29bd45,39cf2802c7156352a83291aeff663c0477d75cbef7d16d4673f782d0c9ae0619,16418,11515,,,,,,,149.31583311408758,,12.434163936568318
matmul_bias_relu_latency_row_v1,06a7b5b55d66dfe4da6d01adf7982ab662c8a8e2,raspberry-pi5-cortex-a76,cortex-a76,"+neon,+fp-armv8",f32,matmul_bias_relu,m32_n32_k64_f32,tiled_vector_full_tiles,tiled_vector_full_tiles,train,32,32,64,1024,64,133120,20480,4096,5.416666666666667,True,True,True,0,0,8192,tiled_vector,False,True,False,True,8,8,8,4,128,none,32,32,64,0,133120,1.0,0,0,0,0,0,0,none,none,none,0,0,0,0,0,131584,262656,16448,128,1.0,False,10,True,True,True,,,success,True,True,,True,100,2000,4704.0,4723.0,1.0,4703.0,16463.0,7fb6bd31a2ffe2402dff617d4416f47851689a5727707d2374bd0207b84cc38f,0,0,3,ondemand,,-O3 -mtriple=aarch64-linux-gnu -mcpu=cortex-a76,Pi g++ and LLVM 21 captured by runner,MLIR 21,281c7f75c03d28b3919c064a70967a25240e700dfd221198c038e87fc6d34d16,4dcdae854cd194c3560522528cfa8c10764425bc70df82e3fa1ad5b958a5ac93,81639,48203,,,,,,,229.63021090254188,,8.456168489578463
matmul_bias_relu_latency_row_v1,06a7b5b55d66dfe4da6d01adf7982ab662c8a8e2,raspberry-pi5-cortex-a76,cortex-a76,"+neon,+fp-armv8",f32,matmul_bias_relu,m32_n64_k17_f32,fused_scalar,scalar_baseline,heldout,32,64,17,2048,17,73728,14720,8192,3.217877094972067,True,True,True,0,0,16384,scalar,True,False,False,False,0,0,0,1,0,none,32,64,17,0,73728,1.0,0,0,0,0,0,1,none,none,none,0,0,0,0,0,512,512,64,1,3.0,False,8,True,True,True,,,success,True,True,,True,100,10000,140370.0,140389.0,0.0,140351.0,161536.0,13c11e89b9e641974300149634b0c9f0a65cc0054e601b48d75f2452634add68,2.38418579e-07,9.58977877e-05,3,ondemand,,-O3 -mtriple=aarch64-linux-gnu -mcpu=cortex-a76,Pi g++ and LLVM 21 captured by runner,MLIR 21,7a689463ac12d26341ad00fae539d4262219b271fa8608428a6c56d5261a15ad,5a9b240c4518fab35a6984521ede1f515c484b74d1fab586dabd67ff802fc922,16467,11515,,,,,,,170.24006182327867,,11.852037072528372
matmul_bias_relu_latency_row_v1,06a7b5b55d66dfe4da6d01adf7982ab662c8a8e2,raspberry-pi5-cortex-a76,cortex-a76,"+neon,+fp-armv8",f32,matmul_bias_relu,m32_n64_k17_f32,tiled_vector_direct_k,tiled_vector_direct_cleanup,heldout,32,64,17,2048,17,73728,14720,8192,3.217877094972067,True,True,True,0,0,16384,tiled_vector,False,True,False,True,8,8,8,4,64,none,32,64,17,0,73728,1.0,0,0,0,0,0,1,none,none,direct_vector_cleanup,0,0,32,4096,0,70144,139776,8768,96,1.0,False,10,True,True,True,,,success,True,True,,True,100,10000,3870.0,3871.0,1.0,3833.0,14371.0,114b3c0727f6da5edab997a82c6336cf2c4db984928c118bcb5712604f43ad5a,0,0,3,ondemand,,-O3 -mtriple=aarch64-linux-gnu -mcpu=cortex-a76,Pi g++ and LLVM 21 captured by runner,MLIR 21,c27b8c49045e69c76e01f088cb71589b4819e987359034e37ffbd683ff5ae121,2a208e11fa8d20690e83a66efc751090ad23ddeb80ddf53bc1b1e61a41d0d6c0,65051,42222,,,,,,,188.91856214031577,,8.261009786023827
matmul_bias_relu_latency_row_v1,06a7b5b55d66dfe4da6d01adf7982ab662c8a8e2,raspberry-pi5-cortex-a76,cortex-a76,"+neon,+fp-armv8",f32,matmul_bias_relu,m32_n64_k17_f32,tiled_vector_materialized_tail,tiled_vector_materialized_tail,heldout,32,64,17,2048,17,73728,14720,8192,3.217877094972067,True,True,True,0,0,16384,tiled_vector,False,True,False,True,8,8,8,4,64,tile_materialized,32,64,17,0,73728,1.0,768,24576,16384,0,0,1,none,none,none,0,0,32,0,0,70144,139776,8768,96,1.0,False,10,True,True,True,,,success,True,True,,True,100,10000,19519.0,19593.0,36.0,19222.0,37851.0,0257f16a3d41167c3f88f937961ad6ac86f07b1942061b900595bf54efad721c,0,0,3,ondemand,,-O3 -mtriple=aarch64-linux-gnu -mcpu=cortex-a76,Pi g++ and LLVM 21 captured by runner,MLIR 21,0fef59d4bbef384f2b4f3e8a3d094b1565d93b8412173d77aebc3c01fac95aba,d9e2cebcdf85f142a0dad9c31d83c94f9c2cd09d551aa1566888a00ebdea58ba,106815,61595,,,,,,,247.84035980701447,,9.879143629146611
matmul_bias_relu_latency_row_v1,06a7b5b55d66dfe4da6d01adf7982ab662c8a8e2,raspberry-pi5-cortex-a76,cortex-a76,"+neon,+fp-armv8",f32,matmul_bias_relu,m3_n7_k5_f32,fused_scalar,scalar_baseline,train,3,7,5,21,5,252,284,84,0.6847826086956522,True,True,True,0,0,168,scalar,True,False,False,False,0,0,0,1,0,none,3,7,5,0,252,1.0,0,0,0,3,7,5,none,none,none,0,0,0,0,0,512,512,64,1,0.328125,False,8,True,True,True,,,success,True,True,,True,100,20000,537.0,556.0,0.0,537.0,8296.0,e304893286e456639675dd2fb80bd1b7d89c44573c10f521d3c4138477ba19ae,5.96046448e-08,2.12059079e-07,3,ondemand,,-O3 -mtriple=aarch64-linux-gnu -mcpu=cortex-a76,Pi g++ and LLVM 21 captured by runner,MLIR 21,350d361c35080c9059c8b65c9ff76a39ff6024fc38b405a6002c43609d9a332f,b995c57b3a11666b27493ecc18785932c13db47b0f1603447c08780b66acac4b,16442,11486,,,,,,,184.74317691288888,,6.285998094508865
matmul_bias_relu_latency_row_v1,06a7b5b55d66dfe4da6d01adf7982ab662c8a8e2,raspberry-pi5-cortex-a76,cortex-a76,"+neon,+fp-armv8",f32,matmul_bias_relu,m3_n7_k5_f32,tiled_vector_materialized_tail,tiled_vector_materialized_tail,train,3,7,5,21,5,252,284,84,0.6847826086956522,True,True,True,0,0,168,tiled_vector,False,True,False,True,8,8,8,4,0,tile_materialized,3,7,5,0,252,1.0,768,2304,1536,3,7,5,none,none,none,1,1,1,0,0,722,932,90,1,1.0,False,10,True,True,True,,,success,True,True,,True,100,20000,593.0,611.0,0.0,574.0,14925.0,e4f7140112e680a3c1527bb593d19ad782a98b7e42b4d64d8625ffa147d231ad,0,0,3,ondemand,,-O3 -mtriple=aarch64-linux-gnu -mcpu=cortex-a76,Pi g++ and LLVM 21 captured by runner,MLIR 21,415d6f8df0854e0acdab8b9b39e1b8716a0de8d5a970f999acfc458c9df44a4a,d45f9bff0a2bb0d7e01df772ba2327eb6335f4ad0084c6f5e98165acdc2c5573,106267,60303,,,,,,,244.13898400962353,,6.385194398997726
matmul_bias_relu_latency_row_v1,06a7b5b55d66dfe4da6d01adf7982ab662c8a8e2,raspberry-pi5-cortex-a76,cortex-a76,"+neon,+fp-armv8",f32,matmul_bias_relu,m3_n7_k5_f32,whole_shape_vector_materialized_padding,whole_shape_vector_materialized_padding,train,3,7,5,21,5,252,284,84,0.6847826086956522,True,True,True,0,0,168,whole_shape_vector,False,True,True,False,0,0,0,4,0,whole_shape_materialized,8,8,8,121,1152,4.571428571428571,768,768,284,3,7,5,none,none,none,0,0,0,0,0,1536,2560,192,1,0.328125,False,10,True,True,True,,,success,True,True,,True,100,20000,408.0,426.0,1.0,407.0,8259.0,0f1dab90c6f0227f5faeb4817a94238cdd4866d59f4f8ab82bfb47c19402bace,5.96046448e-08,3.18088618e-07,3,ondemand,,-O3 -mtriple=aarch64-linux-gnu -mcpu=cortex-a76,Pi g++ and LLVM 21 captured by runner,MLIR 21,a95b7e6564e30185f1df0eb37e9161a774b2ce17f79b591e1552fe1ec93fb0b2,8f7553f464b8316eb3220e1d9e8d7ed298fc7f7b0e387a265bfc788efa1402ec,74673,53147,,,,,,,200.2101808320731,,6.0112671744041615
matmul_bias_relu_latency_row_v1,06a7b5b55d66dfe4da6d01adf7982ab662c8a8e2,raspberry-pi5-cortex-a76,cortex-a76,"+neon,+fp-armv8",f32,matmul_bias_relu,m3_n7_k5_f32,whole_shape_vector_no_padding,whole_shape_vector_no_padding,train,3,7,5,21,5,252,284,84,0.6847826086956522,True,True,True,0,0,168,whole_shape_vector,False,True,True,False,0,0,0,4,0,none,3,7,5,0,252,1.0,0,0,0,3,7,5,none,none,none,0,0,0,0,0,722,932,90,1,0.328125,False,10,True,True,True,,,success,True,True,,True,100,20000,74.0,75.0,0.0,55.0,129.0,00f8b18fbe1ddb4cfc7bcf35729a220d83ad2e315398707b82f08f6275014ede,5.96046448e-08,3.18088618e-07,3,ondemand,,-O3 -mtriple=aarch64-linux-gnu -mcpu=cortex-a76,Pi g++ and LLVM 21 captured by runner,MLIR 21,70ebf8435b348e019f63db1bf101c7518c69b5b4b0537c91dd9b4150e93d9422,c6f91ddb5eb3f35ea2763b810eed07327c1f289d1d549eb323c3d6de95c001d4,25778,17675,,,,,,,160.75131599791348,,4.30406509320417
matmul_bias_relu_latency_row_v1,06a7b5b55d66dfe4da6d01adf7982ab662c8a8e2,raspberry-pi5-cortex-a76,cortex-a76,"+neon,+fp-armv8",f32,matmul_bias_relu,m4_n4_k4_f32,fused_scalar,scalar_baseline,train,4,4,4,16,4,160,192,64,0.625,True,True,True,0,0,128,scalar,True,False,False,False,0,0,0,1,0,none,4,4,4,0,160,1.0,0,0,0,4,4,4,none,none,none,0,0,0,0,0,512,512,64,1,0.25,False,8,True,True,True,,,success,True,True,,True,100,20000,370.0,371.0,0.0,351.0,12074.0,3e492fa2388be0eeb326e8894de16e694d800e1ac48621391dfbcb5a8f591a5b,2.98023224e-08,7.87683404e-08,3,ondemand,,-O3 -mtriple=aarch64-linux-gnu -mcpu=cortex-a76,Pi g++ and LLVM 21 captured by runner,MLIR 21,e44157be1bea55e3fccc4452a27785f8d3b783639b82d3064bfacea52fd3c55b,48983eb8b707af7f7e8809f0a9be14d263c6ca4f581828f894bcf91a6c32dcba,16346,11486,,,,,,,141.73014415428042,,5.91350300563827
matmul_bias_relu_latency_row_v1,06a7b5b55d66dfe4da6d01adf7982ab662c8a8e2,raspberry-pi5-cortex-a76,cortex-a76,"+neon,+fp-armv8",f32,matmul_bias_relu,m4_n4_k4_f32,tiled_vector_materialized_tail,tiled_vector_materialized_tail,train,4,4,4,16,4,160,192,64,0.625,True,True,True,0,0,128,tiled_vector,False,True,False,True,8,8,8,4,0,tile_materialized,4,4,4,0,160,1.0,768,2304,1536,4,4,4,none,none,none,1,1,1,0,0,640,768,80,1,1.0,False,10,True,True,True,,,success,True,True,,True,100,20000,592.0,611.0,1.0,574.0,16296.999999999998,b5bb2dc97ca4fcd20cdf0e67a8abc7748de0b23fcc0f0b0fdfce2b340b917097,0,0,3,ondemand,,-O3 -mtriple=aarch64-linux-gnu -mcpu=cortex-a76,Pi g++ and LLVM 21 captured by runner,MLIR 21,73483fdd35c5f350cd72a60f42bc0e2b425c5f0e51c9adf4ca08f87dca6f07cd,a554249ffb9e982a030aaa2a6c32ad6bee7ad84b68ee13b72417e56a97412a27,107039,60622,,,,,,,303.91767295077443,,6.3835066348840055
matmul_bias_relu_latency_row_v1,06a7b5b55d66dfe4da6d01adf7982ab662c8a8e2,raspberry-pi5-cortex-a76,cortex-a76,"+neon,+fp-armv8",f32,matmul_bias_relu,m4_n4_k4_f32,whole_shape_vector_materialized_padding,whole_shape_vector_materialized_padding,train,4,4,4,16,4,160,192,64,0.625,True,True,True,0,0,128,whole_shape_vector,False,True,True,False,0,0,0,4,0,whole_shape_materialized,8,8,8,144,1152,7.2,768,768,192,4,4,4,none,none,none,0,0,0,0,0,1536,2560,192,1,0.25,False,10,True,True,True,,,success,True,True,,True,100,20000,408.0,426.0,1.0,388.0,5945.0,3c6c600fa3b06df920d375a48424d1d7132243d964ef4526c1eb58cfeceba8f3,5.96046448e-08,1.18717218e-07,3,ondemand,,-O3 -mtriple=aarch64-linux-gnu -mcpu=cortex-a76,Pi g++ and LLVM 21 captured by runner,MLIR 21,51315d23e038c1effd181e5fe8e790ed631253cc00fb891ef8271280fca1e5f9,80aa28719ec4bced3feb49e71546470b0f08d24348047003c1a7300e7f5b45e4,74673,53147,,,,,,,193.84014094248414,,6.0112671744041615
matmul_bias_relu_latency_row_v1,06a7b5b55d66dfe4da6d01adf7982ab662c8a8e2,raspberry-pi5-cortex-a76,cortex-a76,"+neon,+fp-armv8",f32,matmul_bias_relu,m4_n4_k4_f32,whole_shape_vector_no_padding,whole_shape_vector_no_padding,train,4,4,4,16,4,160,192,64,0.625,True,True,True,0,0,128,whole_shape_vector,False,True,True,False,0,0,0,4,0,none,4,4,4,0,160,1.0,0,0,0,4,4,4,none,none,none,0,0,0,0,0,640,768,80,1,0.25,False,10,True,True,True,,,success,True,True,,True,100,20000,56.0,74.0,0.0,37.0,14519.0,a4810b3c204568a480abce1785972858f0be7f6574c806683edac5822d45928a,5.96046448e-08,1.18717218e-07,3,ondemand,,-O3 -mtriple=aarch64-linux-gnu -mcpu=cortex-a76,Pi g++ and LLVM 21 captured by runner,MLIR 21,4c096f5c815246613c2a1fa2b15b8790ee36de537c37cf6ad545562e5c99a3d6,aabdd43f176178649ac21eca9e06e7e4197f0e9b58b0d2103e2a03638655bf33,26584,18261,,,,,,,139.09227401018143,,4.02535169073515
matmul_bias_relu_latency_row_v1,06a7b5b55d66dfe4da6d01adf7982ab662c8a8e2,raspberry-pi5-cortex-a76,cortex-a76,"+neon,+fp-armv8",f32,matmul_bias_relu,m4_n4_k8_f32,fused_scalar,scalar_baseline,train,4,4,8,16,8,288,320,64,0.75,True,True,True,0,0,128,scalar,True,False,False,False,0,0,0,1,0,none,4,4,8,0,288,1.0,0,0,0,4,4,0,none,none,none,0,0,0,0,0,512,512,64,1,0.25,False,8,True,True,True,,,success,True,True,,True,100,20000,611.0,612.0,0.0,592.0,14963.0,9c91ae97a6ecaaf90479bb2c19e373e3184a17a10d9e8cdee417d199e3b048f3,5.96046448e-08,6.82111955e-07,3,ondemand,,-O3 -mtriple=aarch64-linux-gnu -mcpu=cortex-a76,Pi g++ and LLVM 21 captured by runner,MLIR 21,99e81a713f38d289a7ea6aaac90776641a928f7d73f442905b2286a89a8f6c08,e40d6c80ef2af93e916bf5900884353bb6842e30b5de83f69277e0615baf44af,16394,11486,,,,,,,138.95662198774517,,6.415096959171596
matmul_bias_relu_latency_row_v1,06a7b5b55d66dfe4da6d01adf7982ab662c8a8e2,raspberry-pi5-cortex-a76,cortex-a76,"+neon,+fp-armv8",f32,matmul_bias_relu,m4_n4_k8_f32,tiled_vector_materialized_tail,tiled_vector_materialized_tail,train,4,4,8,16,8,288,320,64,0.75,True,True,True,0,0,128,tiled_vector,False,True,False,True,8,8,8,4,0,tile_materialized,4,4,8,0,288,1.0,768,1536,1024,4,4,0,none,none,none,1,1,0,0,0,768,1024,96,1,1.0,False,10,True,True,True,,,success,True,True,,True,100,20000,574.0,592.0,0.0,555.0,6445.0,6fa46d5972de8370586aeac641ca20032f2a5ca8c484bca5f0609e1c195387b4,0,0,3,ondemand,,-O3 -mtriple=aarch64-linux-gnu -mcpu=cortex-a76,Pi g++ and LLVM 21 captured by runner,MLIR 21,880af360b47d8b31f23f5650deeb93012f57d34973f474153ec9998e45874ed1,8b7f4490fc725df0073e2228df138d314dd7fcd29b6d0fa80268dbdce53912f3,106563,60853,,,,,,,235.2064079605043,,6.352629396319567
matmul_bias_relu_latency_row_v1,06a7b5b55d66dfe4da6d01adf7982ab662c8a8e2,raspberry-pi5-cortex-a76,cortex-a76,"+neon,+fp-armv8",f32,matmul_bias_relu,m4_n4_k8_f32,whole_shape_vector_materialized_padding,whole_shape_vector_materialized_padding,train,4,4,8,16,8,288,320,64,0.75,True,True,True,0,0,128,whole_shape_vector,False,True,True,False,0,0,0,4,0,whole_shape_materialized,8,8,8,112,1152,4.0,768,768,320,4,4,0,none,none,none,0,0,0,0,0,1536,2560,192,1,0.25,False,10,True,True,True,,,success,True,True,,True,100,20000,389.0,408.0,0.0,388.0,4612.0,1b514a4456423e69508dd862fc489b8288e557af8757a2ba3dcf8867f7ef93c5,5.96046448e-08,6.82111955e-07,3,ondemand,,-O3 -mtriple=aarch64-linux-gnu -mcpu=cortex-a76,Pi g++ and LLVM 21 captured by runner,MLIR 21,336bdad5d8ef160c92f65877a7c4ba845a279a8de9e5e49ca23991d0f24915d8,37fc2422730819cb4436536429ee158d11be4fa23d8d5157614c407dde34cea5,74209,53381,,,,,,,208.03008298389614,,5.963579343618446
matmul_bias_relu_latency_row_v1,06a7b5b55d66dfe4da6d01adf7982ab662c8a8e2,raspberry-pi5-cortex-a76,cortex-a76,"+neon,+fp-armv8",f32,matmul_bias_relu,m4_n4_k8_f32,whole_shape_vector_no_padding,whole_shape_vector_no_padding,train,4,4,8,16,8,288,320,64,0.75,True,True,True,0,0,128,whole_shape_vector,False,True,True,False,0,0,0,4,0,none,4,4,8,0,288,1.0,0,0,0,4,4,0,none,none,none,0,0,0,0,0,768,1024,96,1,0.25,False,10,True,True,True,,,success,True,True,,True,100,20000,74.0,74.0,1.0,55.0,19186.0,1cf89f7429c6215e835a1b25fe6088c2bd197eeaa9e7508c0534a188d07e021f,5.96046448e-08,6.82111955e-07,3,ondemand,,-O3 -mtriple=aarch64-linux-gnu -mcpu=cortex-a76,Pi g++ and LLVM 21 captured by runner,MLIR 21,2bc36c6ce218f18bc3d548c6da46d209b80ff1ca5114922f5466d071b592faf8,0eea3be194cffb1937a22f38ab9dbf1bb26b12ea2ae053b1fb5b084bff730cbc,34085,23411,,,,,,,160.977846942842,,4.30406509320417
matmul_bias_relu_latency_row_v1,06a7b5b55d66dfe4da6d01adf7982ab662c8a8e2,raspberry-pi5-cortex-a76,cortex-a76,"+neon,+fp-armv8",f32,matmul_bias_relu,m5_n3_k7_f32,fused_scalar,scalar_baseline,train,5,3,7,15,7,240,284,60,0.6976744186046512,True,True,True,0,0,120,scalar,True,False,False,False,0,0,0,1,0,none,5,3,7,0,240,1.0,0,0,0,5,3,7,none,none,none,0,0,0,0,0,512,512,64,1,0.234375,False,8,True,True,True,,,success,True,True,,True,100,20000,519.0,519.0,0.0,499.0,8444.0,5b8ec87661a1b983b91432f73ada15f9070bca0dff061d19d48b3c7ef3c7ed9b,0,0,3,ondemand,,-O3 -mtriple=aarch64-linux-gnu -mcpu=cortex-a76,Pi g++ and LLVM 21 captured by runner,MLIR 21,15049c31b37b91adc616de3e35e909840c9b031ee8d948b4eee894e7ba306b1b,f5b15bf6a2349b02981ab7bc6afb37eb5f635b3861a4ef19a7e38d3845b8aca5,16442,11486,,,,,,,146.221614908427,,6.251903883165888
matmul_bias_relu_latency_row_v1,06a7b5b55d66dfe4da6d01adf7982ab662c8a8e2,raspberry-pi5-cortex-a76,cortex-a76,"+neon,+fp-armv8",f32,matmul_bias_relu,m5_n3_k7_f32,tiled_vector_materialized_tail,tiled_vector_materialized_tail,train,5,3,7,15,7,240,284,60,0.6976744186046512,True,True,True,0,0,120,tiled_vector,False,True,False,True,8,8,8,4,0,tile_materialized,5,3,7,0,240,1.0,768,2304,1536,5,3,7,none,none,none,1,1,1,0,0,722,932,90,1,1.0,False,10,True,True,True,,,success,True,True,,True,100,20000,611.0,629.0,0.0,592.0,15926.0,52be08378f260b0eca44bde617b5c84a0e2c45f95f747d0d93990617b4d589a2,0,0,3,ondemand,,-O3 -mtriple=aarch64-linux-gnu -mcpu=cortex-a76,Pi g++ and LLVM 21 captured by runner,MLIR 21,7f24413ec8c42eebcd626e6a69ff1d5856db3390ae42e3f48db6ad1e2d43f4e7,9ff9a66294de657134be3b7c93056cdab1c504c03ce73fade448daa15e673131,107809,60941,,,,,,,259.31573286652565,,6.415096959171596
matmul_bias_relu_latency_row_v1,06a7b5b55d66dfe4da6d01adf7982ab662c8a8e2,raspberry-pi5-cortex-a76,cortex-a76,"+neon,+fp-armv8",f32,matmul_bias_relu,m5_n3_k7_f32,whole_shape_vector_materialized_padding,whole_shape_vector_materialized_padding,train,5,3,7,15,7,240,284,60,0.6976744186046512,True,True,True,0,0,120,whole_shape_vector,False,True,True,False,0,0,0,4,0,whole_shape_materialized,8,8,8,121,1152,4.8,768,768,284,5,3,7,none,none,none,0,0,0,0,0,1536,2560,192,1,0.234375,False,10,True,True,True,,,success,True,True,,True,100,20000,426.0,426.0,0.0,407.0,15241.0,49a81965a6fd7f0946bb706d810e1b3f5ebda2220ff707968c9691b57d84f1af,4.47034836e-08,6.47769363e-07,3,ondemand,,-O3 -mtriple=aarch64-linux-gnu -mcpu=cortex-a76,Pi g++ and LLVM 21 captured by runner,MLIR 21,0d64b1b59a37187a4458b8d141dde7abdda13ee778c61459e6be91e43f8f61b7,d6c0bafcfec3a9200f36372635fdd105d95602a5b74a4fc427f30f1992667e8f,74673,53147,,,,,,,192.4771210178733,,6.054439346269371
matmul_bias_relu_latency_row_v1,06a7b5b55d66dfe4da6d01adf7982ab662c8a8e2,raspberry-pi5-cortex-a76,cortex-a76,"+neon,+fp-armv8",f32,matmul_bias_relu,m5_n3_k7_f32,whole_shape_vector_no_padding,whole_shape_vector_no_padding,train,5,3,7,15,7,240,284,60,0.6976744186046512,True,True,True,0,0,120,whole_shape_vector,False,True,True,False,0,0,0,4,0,none,5,3,7,0,240,1.0,0,0,0,5,3,7,none,none,none,0,0,0,0,0,722,932,90,1,0.234375,False,10,True,True,True,,,success,True,True,,True,100,20000,74.0,75.0,0.0,55.0,15852.000000000002,9a48e582687a3bfbafc8c1c14505129fa0981ae12e4881a4fec7e8bc4a65e7b1,4.47034836e-08,6.47769363e-07,3,ondemand,,-O3 -mtriple=aarch64-linux-gnu -mcpu=cortex-a76,Pi g++ and LLVM 21 captured by runner,MLIR 21,27b52df5a1293e3d32a1d4e72eb4fe90da5067d4e1b414fc16661ac2fcd47551,26466835811a4a0637d4f5b93f6f956ed24ad2bafa29fe10fbf53a5477dfa349,35934,24833,,,,,,,187.89560301229358,,4.30406509320417
matmul_bias_relu_latency_row_v1,06a7b5b55d66dfe4da6d01adf7982ab662c8a8e2,raspberry-pi5-cortex-a76,cortex-a76,"+neon,+fp-armv8",f32,matmul_bias_relu,m64_n16_k65_f32,fused_scalar,scalar_baseline,train,64,16,65,1024,65,135168,24896,4096,4.662251655629139,True,True,True,0,0,8192,scalar,True,False,False,False,0,0,0,1,0,none,64,16,65,0,135168,1.0,0,0,0,0,0,1,none,none,none,0,0,0,0,0,512,512,64,1,3.0,False,8,True,True,True,,,success,True,True,,True,100,2000,255184.00000000003,256648.0,18.0,255129.0,268481.0,cb2790db0df3b396e331ace69dd332a833d01027ba3f2f36fe5c959d6305be3a,4.76837158e-07,5.81172341e-05,3,ondemand,,-O3 -mtriple=aarch64-linux-gnu -mcpu=cortex-a76,Pi g++ and LLVM 21 captured by runner,MLIR 21,7dab4f481bc7fe7e9e3b257aa0790a7e054b8c597c3b997907473bf5663e8ba8,af545a9fb164964b00ae12c34b35b8e56216739f9e9f3fc41a70a009291fa767,16467,11515,,,,,,,148.4734220430255,,12.449740132562535
matmul_bias_relu_latency_row_v1,06a7b5b55d66dfe4da6d01adf7982ab662c8a8e2,raspberry-pi5-cortex-a76,cortex-a76,"+neon,+fp-armv8",f32,matmul_bias_relu,m64_n16_k65_f32,tiled_vector_direct_k,tiled_vector_direct_cleanup,train,64,16,65,1024,65,135168,24896,4096,4.662251655629139,True,True,True,0,0,8192,tiled_vector,False,True,False,True,8,8,8,4,128,none,64,16,65,0,135168,1.0,0,0,0,0,0,1,none,none,direct_vector_cleanup,0,0,16,2048,0,133632,266752,16704,144,1.0,False,10,True,True,True,,,success,True,True,,True,100,2000,4592.0,4611.0,1.0,4555.0,7278.0,31dc14348086870f00428494ab96d641feb0307ea3aa82c0e07da3ea05ac7120,0,0,3,ondemand,,-O3 -mtriple=aarch64-linux-gnu -mcpu=cortex-a76,Pi g++ and LLVM 21 captured by runner,MLIR 21,ff1a401672e25fa0ad6b50ac42c95e96a90e514038bc6277b74e6547ad95d16b,0b89bbf1181c5306cd48c09515077a1b9dd004c44d886efe5f73c241dd5abc24,65002,42222,,,,,,,198.10819812119007,,8.432070937999402
matmul_bias_relu_latency_row_v1,06a7b5b55d66dfe4da6d01adf7982ab662c8a8e2,raspberry-pi5-cortex-a76,cortex-a76,"+neon,+fp-armv8",f32,matmul_bias_relu,m64_n16_k65_f32,tiled_vector_materialized_tail,tiled_vector_materialized_tail,train,64,16,65,1024,65,135168,24896,4096,4.662251655629139,True,True,True,0,0,8192,tiled_vector,False,True,False,True,8,8,8,4,128,tile_materialized,64,16,65,0,135168,1.0,768,12288,8192,0,0,1,none,none,none,0,0,16,0,0,133632,266752,16704,144,1.0,False,10,True,True,True,,,success,True,True,,True,100,2000,28907.0,28926.0,0.0,28888.0,32259.000000000004,373bed975c95ce96b0d4b77ee7d5b24c0664dda50cfdb900572171be4611393d,0,0,3,ondemand,,-O3 -mtriple=aarch64-linux-gnu -mcpu=cortex-a76,Pi g++ and LLVM 21 captured by runner,MLIR 21,e4dad11408e4cc3d186dd520f92671db50ac6cf4a5fca94948e2e11039d4351b,642055b2704ac0ca1dcfbf2d56d3fcc40dd9b07951120751b53e90b44090485e,106082,61238,,,,,,,310.53630681708455,,10.271839059304192
matmul_bias_relu_latency_row_v1,06a7b5b55d66dfe4da6d01adf7982ab662c8a8e2,raspberry-pi5-cortex-a76,cortex-a76,"+neon,+fp-armv8",f32,matmul_bias_relu,m64_n32_k31_f32,fused_scalar,scalar_baseline,train,64,32,31,2048,31,131072,20096,8192,4.633484162895928,True,True,True,0,0,16384,scalar,True,False,False,False,0,0,0,1,0,none,64,32,31,0,131072,1.0,0,0,0,0,0,7,none,none,none,0,0,0,0,0,512,512,64,1,3.0,False,8,True,True,True,,,success,True,True,,True,100,2000,248166.0,249647.0,18.0,248147.0,261351.0,da9d3a2036f64cbbc5b25e983a39e25a2c3abde26bbe4fc984e8f57e599fa174,2.38418579e-07,0.000113058225,3,ondemand,,-O3 -mtriple=aarch64-linux-gnu -mcpu=cortex-a76,Pi g++ and LLVM 21 captured by runner,MLIR 21,70284db7bdda789b70edcab61f44e77c1fb9d23caae0210bbed8416ecc3caf69,a611f423156399691316228a08a2b40f03b9922d9b569818b2298391ce0768ab,16467,11515,,,,,,,148.4997591469437,,12.421853156067794
matmul_bias_relu_latency_row_v1,06a7b5b55d66dfe4da6d01adf7982ab662c8a8e2,raspberry-pi5-cortex-a76,cortex-a76,"+neon,+fp-armv8",f32,matmul_bias_relu,m64_n32_k31_f32,tiled_vector_direct_k,tiled_vector_direct_cleanup,train,64,32,31,2048,31,131072,20096,8192,4.633484162895928,True,True,True,0,0,16384,tiled_vector,False,True,False,True,8,8,8,4,96,none,64,32,31,0,131072,1.0,0,0,0,0,0,7,none,none,direct_vector_cleanup,0,0,32,28672,0,127488,254464,15936,128,1.0,False,10,True,True,True,,,success,True,True,,True,100,2000,15889.0,15907.999999999998,0.0,15869.999999999998,25000.0,be67859c14f0f769a72496c73b60f0e0bbcf02464aff94b96d01d83015c2bf35,0,0,3,ondemand,,-O3 -mtriple=aarch64-linux-gnu -mcpu=cortex-a76,Pi g++ and LLVM 21 captured by runner,MLIR 21,825297b121be532150fe74d751e47da2ca6a9558a2f41fb4c8221cbe23d32195,db026035aec1a7461d11ef19102f543d55d901a00596be06dbffbeba16270b28,65493,42694,,,,,,,190.5449030455202,,9.673382324888367
matmul_bias_relu_latency_row_v1,06a7b5b55d66dfe4da6d01adf7982ab662c8a8e2,raspberry-pi5-cortex-a76,cortex-a76,"+neon,+fp-armv8",f32,matmul_bias_relu,m64_n32_k31_f32,tiled_vector_materialized_tail,tiled_vector_materialized_tail,train,64,32,31,2048,31,131072,20096,8192,4.633484162895928,True,True,True,0,0,16384,tiled_vector,False,True,False,True,8,8,8,4,96,tile_materialized,64,32,31,0,131072,1.0,768,24576,16384,0,0,7,none,none,none,0,0,32,0,0,127488,254464,15936,128,1.0,False,10,True,True,True,,,success,True,True,,True,100,2000,27167.0,27186.0,1.0,27148.0,32500.0,67ae6f105bba663dd9dadbb65c8054a84ffd68f08163b5c91a56e3ffe22be175,0,0,3,ondemand,,-O3 -mtriple=aarch64-linux-gnu -mcpu=cortex-a76,Pi g++ and LLVM 21 captured by runner,MLIR 21,bb7e916e1190db71157647cdff3acc54eeccff76cbc79bfcead75b368ae2ebe7,3e10dec64b834278f9ad58bb1d2b1ccb51082e49b0ad655281c6f3eef57ababf,106815,61583,,,,,,,226.73748200759292,,10.20975828042422
matmul_bias_relu_latency_row_v1,06a7b5b55d66dfe4da6d01adf7982ab662c8a8e2,raspberry-pi5-cortex-a76,cortex-a76,"+neon,+fp-armv8",f32,matmul_bias_relu,m64_n64_k128_f32,fused_scalar,scalar_baseline,validation,64,64,128,4096,128,1056768,81920,16384,10.75,True,True,True,0,0,32768,scalar,True,False,False,False,0,0,0,1,0,none,64,64,128,0,1056768,1.0,0,0,0,0,0,0,none,none,none,0,0,0,0,0,512,512,64,1,3.0,False,8,True,True,True,,,success,True,True,,True,100,2000,1992883.0,1993624.0,1425.0,1991254.0,2099235.0,1054fa880a9fc5b7ad1c5e8175fc8531c1bbe7dd112b4d641b6424c1a1be9be8,9.53674316e-07,8.33272574e-05,3,ondemand,,-O3 -mtriple=aarch64-linux-gnu -mcpu=cortex-a76,Pi g++ and LLVM 21 captured by runner,MLIR 21,3c75518b8551b4a36be030f2af98d83a4c140d7ccf224ce6b6ab47056263669e,3c05345e720e722833e17884ef436f0961bcfb86e1d175451c92f18d3ee1f6aa,16422,11521,,,,,,,155.7560060173273,,14.505092892002557
matmul_bias_relu_latency_row_v1,06a7b5b55d66dfe4da6d01adf7982ab662c8a8e2,raspberry-pi5-cortex-a76,cortex-a76,"+neon,+fp-armv8",f32,matmul_bias_relu,m64_n64_k128_f32,tiled_vector_full_tiles,tiled_vector_full_tiles,validation,64,64,128,4096,128,1056768,81920,16384,10.75,True,True,True,0,0,32768,tiled_vector,False,True,False,True,8,8,8,4,1024,none,64,64,128,0,1056768,1.0,0,0,0,0,0,0,none,none,none,0,0,0,0,0,1049088,2097664,131136,1024,1.0,False,10,True,True,True,,,success,True,True,,True,100,2000,38445.0,38593.0,56.0,38204.0,44074.0,c683f5aea80ba5384c035a4e4d9606238309535c989c2d29bca597b8eab2d0fb,0,0,3,ondemand,,-O3 -mtriple=aarch64-linux-gnu -mcpu=cortex-a76,Pi g++ and LLVM 21 captured by runner,MLIR 21,efc0a71010cfb81f903261e1d91ff6a82616f2abbcf3f41a9c447fb72e6b99d2,15e1c4ded4a6a81a6aa92ced1382c3e582890d0bc2ab0e456b78c27500ee0800,81651,48225,,,,,,,228.3018841408193,,10.55698392746628
matmul_bias_relu_latency_row_v1,06a7b5b55d66dfe4da6d01adf7982ab662c8a8e2,raspberry-pi5-cortex-a76,cortex-a76,"+neon,+fp-armv8",f32,matmul_bias_relu,m64_n64_k64_f32,fused_scalar,scalar_baseline,heldout,64,64,64,4096,64,532480,49152,16384,8.125,True,True,True,0,0,32768,scalar,True,False,False,False,0,0,0,1,0,none,64,64,64,0,532480,1.0,0,0,0,0,0,0,none,none,none,0,0,0,0,0,512,512,64,1,3.0,False,8,True,True,True,,,success,True,True,,True,100,2000,1004626.9999999999,1006590.0000000001,19.0,1004571.0000000001,1072053.0,8df2182efc97af458feac7580290ba2a19fe9085b53143ef17e4ffa5399447f4,4.76837158e-07,0.000137605211,3,ondemand,,-O3 -mtriple=aarch64-linux-gnu -mcpu=cortex-a76,Pi g++ and LLVM 21 captured by runner,MLIR 21,522be9dd6b1c6762ee804b61bfa6d707fd88c9a35d62f856501d05183b755a5b,6b1e3d80ce1ff6fda569190f4c1499aae6c1ffeea65675263846168857a91adc,16369,11517,,,,,,,160.4586369358003,,13.820126886305623
matmul_bias_relu_latency_row_v1,06a7b5b55d66dfe4da6d01adf7982ab662c8a8e2,raspberry-pi5-cortex-a76,cortex-a76,"+neon,+fp-armv8",f32,matmul_bias_relu,m64_n64_k64_f32,tiled_vector_full_tiles,tiled_vector_full_tiles,heldout,64,64,64,4096,64,532480,49152,16384,8.125,True,True,True,0,0,32768,tiled_vector,False,True,False,True,8,8,8,4,512,none,64,64,64,0,532480,1.0,0,0,0,0,0,0,none,none,none,0,0,0,0,0,524800,1049088,65600,512,1.0,False,10,True,True,True,,,success,True,True,,True,100,2000,19722.0,19796.0,37.0,19611.0,26259.0,713324577e80d6a8b7baadc4337a66205c1bcd583f6fa6bb45385c8f06570840,0,0,3,ondemand,,-O3 -mtriple=aarch64-linux-gnu -mcpu=cortex-a76,Pi g++ and LLVM 21 captured by runner,MLIR 21,c164e488cc44f96ac4cfb3fb2d2bf876ee24890c434afe7420cdcb58292e9882,7b7709cdcc40abc0d574a5b9ba451877e28651bea9baf03b23a46f92ca59f2e9,81588,48213,,,,,,,225.32878699712455,,9.889490042892275
matmul_bias_relu_latency_row_v1,06a7b5b55d66dfe4da6d01adf7982ab662c8a8e2,raspberry-pi5-cortex-a76,cortex-a76,"+neon,+fp-armv8",f32,matmul_bias_relu,m7_n7_k7_f32,fused_scalar,scalar_baseline,heldout,7,7,7,49,7,784,588,196,1.0,True,True,True,0,0,392,scalar,True,False,False,False,0,0,0,1,0,none,7,7,7,0,784,1.0,0,0,0,7,7,7,none,none,none,0,0,0,0,0,512,512,64,1,0.765625,False,8,True,True,True,,,success,True,True,,True,100,20000,1556.0,1574.0,1.0,1555.0,13056.0,68c6450bb91b175177793323579d63c04f556c47696174672e3c5f1ccdfd79ad,5.96046448e-08,1.59097598e-06,3,ondemand,,-O3 -mtriple=aarch64-linux-gnu -mcpu=cortex-a76,Pi g++ and LLVM 21 captured by runner,MLIR 21,8ff65e320f44b392581834780dcd5f0698bda331a1d713a95263ef6a22e207bb,7b531041d2fb17c0d8dfb72d5b3e5eda7fb5391847d02818b701840700bd15b9,16346,11486,,,,,,,148.24394090101123,,7.349873704738337
matmul_bias_relu_latency_row_v1,06a7b5b55d66dfe4da6d01adf7982ab662c8a8e2,raspberry-pi5-cortex-a76,cortex-a76,"+neon,+fp-armv8",f32,matmul_bias_relu,m7_n7_k7_f32,tiled_vector_materialized_tail,tiled_vector_materialized_tail,heldout,7,7,7,49,7,784,588,196,1.0,True,True,True,0,0,392,tiled_vector,False,True,False,True,8,8,8,4,0,tile_materialized,7,7,7,0,784,1.0,768,2304,1536,7,7,7,none,none,none,1,1,1,0,0,1198,1884,149,1,1.0,False,10,True,True,True,,,success,True,True,,True,100,20000,760.0,778.0,1.0,741.0,15444.0,1af5504ddd4a24f9e17625c2f39338523e0ded68c5fc1811c1cf7d00a787bb38,0,0,3,ondemand,,-O3 -mtriple=aarch64-linux-gnu -mcpu=cortex-a76,Pi g++ and LLVM 21 captured by runner,MLIR 21,4d6d398f088a4331a509a178b20e8c3b2b7b5281c3c5586f58f0133e4f564ccd,62cc1f95cdb18b06bb71c2bdbdc7d0b4fcfeee1fdc22e91681ecf37ab9bb005d,109363,61587,,,,,,,264.82284092344344,,6.633318433280377
matmul_bias_relu_latency_row_v1,06a7b5b55d66dfe4da6d01adf7982ab662c8a8e2,raspberry-pi5-cortex-a76,cortex-a76,"+neon,+fp-armv8",f32,matmul_bias_relu,m7_n7_k7_f32,whole_shape_vector_materialized_padding,whole_shape_vector_materialized_padding,heldout,7,7,7,49,7,784,588,196,1.0,True,True,True,0,0,392,whole_shape_vector,False,True,True,False,0,0,0,4,0,whole_shape_materialized,8,8,8,45,1152,1.469387755102041,768,768,588,7,7,7,none,none,none,0,0,0,0,0,1536,2560,192,1,0.765625,False,10,True,True,True,,,success,True,True,,True,100,20000,482.0,500.0,1.0,462.0,3426.0,f139aead403f86d664e1d27e0c5a2f83744b9b005f4bca757dfa57ee3a697412,5.96046448e-08,7.95487992e-07,3,ondemand,,-O3 -mtriple=aarch64-linux-gnu -mcpu=cortex-a76,Pi g++ and LLVM 21 captured by runner,MLIR 21,01abc638e5a177c30881781419c0fd241e3b99b028f7de1c2ce68a50455ca68f,a56a9e5fa0716685a866f3f4760b123c3039ca1de03c75587958a67d1305eefe,74673,53147,,,,,,,191.95257895626128,,6.1779441140506
matmul_bias_relu_latency_row_v1,06a7b5b55d66dfe4da6d01adf7982ab662c8a8e2,raspberry-pi5-cortex-a76,cortex-a76,"+neon,+fp-armv8",f32,matmul_bias_relu,m7_n7_k7_f32,whole_shape_vector_no_padding,whole_shape_vector_no_padding,heldout,7,7,7,49,7,784,588,196,1.0,True,True,True,0,0,392,whole_shape_vector,False,True,True,False,0,0,0,4,0,none,7,7,7,0,784,1.0,0,0,0,7,7,7,none,none,none,0,0,0,0,0,1198,1884,149,1,0.765625,False,10,True,True,True,,,success,True,True,,True,100,20000,93.0,112.0,1.0,92.0,16629.0,6155f9fb83261ff41de005afb5c096747bc78088175ece63e5662d4ebbb15b6b,5.96046448e-08,7.95487992e-07,3,ondemand,,-O3 -mtriple=aarch64-linux-gnu -mcpu=cortex-a76,Pi g++ and LLVM 21 captured by runner,MLIR 21,a0c8aebb3c27f132e94a3796881571ff891bc2f03f129b6cb4d1f6ef61970d31,c3857ff501bce58e4da9f490d7e0591407dfe6e4f441ac52408a8f43bf913118,46138,34529,,,,,,,169.68351788818836,,4.532599493153256
matmul_bias_relu_latency_row_v1,06a7b5b55d66dfe4da6d01adf7982ab662c8a8e2,raspberry-pi5-cortex-a76,cortex-a76,"+neon,+fp-armv8",f32,matmul_bias_relu,m8_n8_k15_f32,fused_scalar,scalar_baseline,validation,8,8,15,64,15,2048,1216,256,1.391304347826087,True,True,True,0,0,512,scalar,True,False,False,False,0,0,0,1,0,none,8,8,15,0,2048,1.0,0,0,0,0,0,7,none,none,none,0,0,0,0,0,512,512,64,1,1.0,False,8,True,True,True,,,success,True,True,,True,100,20000,3963.0000000000005,3981.0,0.0,3943.9999999999995,18055.0,d72e3176591046a9b4cf7ce29a7de4e470d17ccbe8e330f1b3d4c82122881ebf,8.94069672e-08,4.28445343e-06,3,ondemand,,-O3 -mtriple=aarch64-linux-gnu -mcpu=cortex-a76,Pi g++ and LLVM 21 captured by runner,MLIR 21,22adef289bc87dd65504697d2e161a8f4e3c0060ddd62339f99d156389af31b0,cd318c41d5cd265125d79f76d178401400e58c6169d4cb7b853871aa5e594941,16398,11490,,,,,,,170.93682591803372,,8.284756593190435
matmul_bias_relu_latency_row_v1,06a7b5b55d66dfe4da6d01adf7982ab662c8a8e2,raspberry-pi5-cortex-a76,cortex-a76,"+neon,+fp-armv8",f32,matmul_bias_relu,m8_n8_k15_f32,tiled_vector_direct_k,tiled_vector_direct_cleanup,validation,8,8,15,64,15,2048,1216,256,1.391304347826087,True,True,True,0,0,512,tiled_vector,False,True,False,True,8,8,8,4,1,none,8,8,15,0,2048,1.0,0,0,0,0,0,7,none,none,direct_vector_cleanup,0,0,1,896,0,2432,4352,304,2,1.0,False,10,True,True,True,,,success,True,True,,True,100,20000,481.0,482.0,1.0,462.0,13352.0,073bbc870074735427a442694d39e25cf91b78e6015d91d7824ff325a20a55b4,0,0,3,ondemand,,-O3 -mtriple=aarch64-linux-gnu -mcpu=cortex-a76,Pi g++ and LLVM 21 captured by runner,MLIR 21,4452fa0a6b8d89660ce0eb93deaf32fba787899ced8a0d37bee9e0a362cb6788,4792bff0ca8864cb46c161a88d82608eadb1e91704edf715669c4c49ebf2e181,62779,38686,,,,,,,194.7327060624957,,6.175867270105761
matmul_bias_relu_latency_row_v1,06a7b5b55d66dfe4da6d01adf7982ab662c8a8e2,raspberry-pi5-cortex-a76,cortex-a76,"+neon,+fp-armv8",f32,matmul_bias_relu,m8_n8_k15_f32,tiled_vector_materialized_tail,tiled_vector_materialized_tail,validation,8,8,15,64,15,2048,1216,256,1.391304347826087,True,True,True,0,0,512,tiled_vector,False,True,False,True,8,8,8,4,1,tile_materialized,8,8,15,0,2048,1.0,768,768,512,0,0,7,none,none,none,0,0,1,0,0,2432,4352,304,2,1.0,False,10,True,True,True,,,success,True,True,,True,100,20000,482.0,500.0,1.0,481.0,17778.0,b2d1d035d2f6135d696b244c614632dd2c05193592b81eda904545beed28a525,0,0,3,ondemand,,-O3 -mtriple=aarch64-linux-gnu -mcpu=cortex-a76,Pi g++ and LLVM 21 captured by runner,MLIR 21,75e3a7c76cbf2ac9b422bae1ca84744ce3d9e764c52d124a15795b880b57e163,c237fd2ca358fee4347942ab24a39bc67e02c6a1c157228ed013d4560f2c3ced,86851,49399,,,,,,,245.8280147984624,,6.1779441140506
matmul_bias_relu_latency_row_v1,06a7b5b55d66dfe4da6d01adf7982ab662c8a8e2,raspberry-pi5-cortex-a76,cortex-a76,"+neon,+fp-armv8",f32,matmul_bias_relu,m8_n8_k15_f32,whole_shape_vector_materialized_padding,whole_shape_vector_materialized_padding,validation,8,8,15,64,15,2048,1216,256,1.391304347826087,True,True,True,0,0,512,whole_shape_vector,False,True,True,False,0,0,0,4,0,whole_shape_materialized,8,8,16,16,2176,1.0625,1280,1280,1216,0,0,7,none,none,none,0,0,0,0,0,2560,4608,320,1,1.0,False,10,True,True,True,,,success,True,True,,True,100,20000,426.0,444.0,0.0,407.0,3630.0,187eb6c784203bac7dad440c3fda87bc434f3543439b23ef10bd238978b94200,1.1920929e-07,2.05296727e-06,3,ondemand,,-O3 -mtriple=aarch64-linux-gnu -mcpu=cortex-a76,Pi g++ and LLVM 21 captured by runner,MLIR 21,0006372d45a5070355d9be6e6249eb2b0b27cb57fd120c3576b285be4f9ac9b9,437b141ac3428f78172ce8095b14f59f329a25d462bd8b37eb4d02fcce8ed25f,95930,68867,,,,,,,207.28196413256228,,6.054439346269371
matmul_bias_relu_latency_row_v1,06a7b5b55d66dfe4da6d01adf7982ab662c8a8e2,raspberry-pi5-cortex-a76,cortex-a76,"+neon,+fp-armv8",f32,matmul_bias_relu,m8_n8_k15_f32,whole_shape_vector_no_padding,whole_shape_vector_no_padding,validation,8,8,15,64,15,2048,1216,256,1.391304347826087,True,True,True,0,0,512,whole_shape_vector,False,True,True,False,0,0,0,4,0,none,8,8,15,0,2048,1.0,0,0,0,0,0,7,none,none,none,0,0,0,0,0,2432,4352,304,1,1.0,False,10,True,True,True,,,success,True,True,,True,100,20000,148.0,149.0,1.0,129.0,3759.0,fcc41c8ae8803a3897ca7519e30bfa934155cde625fd17a8b8544298e4943b25,1.1920929e-07,2.05296727e-06,3,ondemand,,-O3 -mtriple=aarch64-linux-gnu -mcpu=cortex-a76,Pi g++ and LLVM 21 captured by runner,MLIR 21,06e1145b1b93d632813105023f9c1f390ad0e865faf51cf9232d3091e5078ef8,ebd1710608a1cdd76b14dfe88da505f4661e4a820760be31e4cc20e0100e2ff7,82253,60250,,,,,,,207.88368210196495,,4.997212273764115
matmul_bias_relu_latency_row_v1,06a7b5b55d66dfe4da6d01adf7982ab662c8a8e2,raspberry-pi5-cortex-a76,cortex-a76,"+neon,+fp-armv8",f32,matmul_bias_relu,m8_n8_k16_f32,fused_scalar,scalar_baseline,train,8,8,16,64,16,2176,1280,256,1.4166666666666667,True,True,True,0,0,512,scalar,True,False,False,False,0,0,0,1,0,none,8,8,16,0,2176,1.0,0,0,0,0,0,0,none,none,none,0,0,0,0,0,512,512,64,1,1.0,False,8,True,True,True,,,success,True,True,,True,100,20000,4204.0,4222.0,0.0,4185.0,14148.0,91807dad4452b4b075490d457d5d109d1020589dad49a2405d8e41c18ed6d40c,1.1920929e-07,5.23652054e-07,3,ondemand,,-O3 -mtriple=aarch64-linux-gnu -mcpu=cortex-a76,Pi g++ and LLVM 21 captured by runner,MLIR 21,2cd654e9a2aeaa8580cd161a62f79b7bad4d38819b1398b4a095f0efa055afce,d8451c43583459827376bc76cb546a38fc8a1bf11b04180c0056acc7651d865b,16398,11490,,,,,,,155.78686306253076,,8.343791731996841
matmul_bias_relu_latency_row_v1,06a7b5b55d66dfe4da6d01adf7982ab662c8a8e2,raspberry-pi5-cortex-a76,cortex-a76,"+neon,+fp-armv8",f32,matmul_bias_relu,m8_n8_k16_f32,tiled_vector_full_tiles,tiled_vector_full_tiles,train,8,8,16,64,16,2176,1280,256,1.4166666666666667,True,True,True,0,0,512,tiled_vector,False,True,False,True,8,8,8,4,2,none,8,8,16,0,2176,1.0,0,0,0,0,0,0,none,none,none,0,0,0,0,0,2560,4608,320,2,1.0,False,10,True,True,True,,,success,True,True,,True,100,20000,148.0,149.0,0.0,129.0,21592.0,1b2524d3a02512c97fd69f84c0f8b63ea8b1ccefe6a9ae38d48cbd4d63412dbf,0,0,3,ondemand,,-O3 -mtriple=aarch64-linux-gnu -mcpu=cortex-a76,Pi g++ and LLVM 21 captured by runner,MLIR 21,438e1880a33ff2d27f9c544022d93953183724eb8b80d4643f6c677262cf6965,a2d805dacda31f04eb3b18f442d7b78f52ca1287ffc510d9329604de51b5bdab,72890,41235,,,,,,,239.93165488354862,,4.997212273764115
matmul_bias_relu_latency_row_v1,06a7b5b55d66dfe4da6d01adf7982ab662c8a8e2,raspberry-pi5-cortex-a76,cortex-a76,"+neon,+fp-armv8",f32,matmul_bias_relu,m8_n8_k16_f32,whole_shape_vector_no_padding,whole_shape_vector_no_padding,train,8,8,16,64,16,2176,1280,256,1.4166666666666667,True,True,True,0,0,512,whole_shape_vector,False,True,True,False,0,0,0,4,0,none,8,8,16,0,2176,1.0,0,0,0,0,0,0,none,none,none,0,0,0,0,0,2560,4608,320,1,1.0,False,10,True,True,True,,,success,True,True,,True,100,20000,148.0,149.0,1.0,129.0,260.0,6839fa81421d6645b3622f3959b6625713b446feed45b27d097089d8d0a59774,2.38418579e-07,9.03430506e-07,3,ondemand,,-O3 -mtriple=aarch64-linux-gnu -mcpu=cortex-a76,Pi g++ and LLVM 21 captured by runner,MLIR 21,d28136c037c7db745e9fd14594c62bdf3a409ebc9f89c141f35e3ea5cbb7685a,2f801f1745589560539e08bdaf0455f29345f20db9e84afd12a6989010706994,86186,62779,,,,,,,203.0781169887632,,4.997212273764115
matmul_bias_relu_latency_row_v1,06a7b5b55d66dfe4da6d01adf7982ab662c8a8e2,raspberry-pi5-cortex-a76,cortex-a76,"+neon,+fp-armv8",f32,matmul_bias_relu,m8_n8_k17_f32,fused_scalar,scalar_baseline,train,8,8,17,64,17,2304,1344,256,1.44,True,True,True,0,0,512,scalar,True,False,False,False,0,0,0,1,0,none,8,8,17,0,2304,1.0,0,0,0,0,0,1,none,none,none,0,0,0,0,0,512,512,64,1,1.0,False,8,True,True,True,,,success,True,True,,True,100,20000,4444.0,4463.0,0.0,4425.0,17500.0,7700255b842f5a22347bc05c5018b02c23776af8fef90566f4af7556631cd6a4,8.94069672e-08,8.34209253e-06,3,ondemand,,-O3 -mtriple=aarch64-linux-gnu -mcpu=cortex-a76,Pi g++ and LLVM 21 captured by runner,MLIR 21,feba6d0cfc9d08d9c86e627c48812980fc80f686c277a64e1628b82814841d65,c4e14d7c29c26ebd7857f4eb88ff89df5cc0afad8f461d4965defd6b7f98fa0c,16398,11490,,,,,,,138.3889620192349,,8.39931015075952
matmul_bias_relu_latency_row_v1,06a7b5b55d66dfe4da6d01adf7982ab662c8a8e2,raspberry-pi5-cortex-a76,cortex-a76,"+neon,+fp-armv8",f32,matmul_bias_relu,m8_n8_k17_f32,tiled_vector_direct_k,tiled_vector_direct_cleanup,train,8,8,17,64,17,2304,1344,256,1.44,True,True,True,0,0,512,tiled_vector,False,True,False,True,8,8,8,4,2,none,8,8,17,0,2304,1.0,0,0,0,0,0,1,none,none,direct_vector_cleanup,0,0,1,128,0,2688,4864,336,3,1.0,False,10,True,True,True,,,success,True,True,,True,100,20000,167.0,167.0,0.0,148.0,3463.0,1fab01b519169732988ef2cac30fd766632ee078ffb944154c8632d20c9b814f,0,0,3,ondemand,,-O3 -mtriple=aarch64-linux-gnu -mcpu=cortex-a76,Pi g++ and LLVM 21 captured by runner,MLIR 21,9b9f0e25630de447125291116771c978e3ad29bc41cb4f99366432468b6e0bde,fa68219720d33c65c63d34a2d6007f8a39457433f30038beb0349111acfc67a2,63595,39757,,,,,,,178.368876921013,,5.117993812416755
matmul_bias_relu_latency_row_v1,06a7b5b55d66dfe4da6d01adf7982ab662c8a8e2,raspberry-pi5-cortex-a76,cortex-a76,"+neon,+fp-armv8",f32,matmul_bias_relu,m8_n8_k17_f32,tiled_vector_materialized_tail,tiled_vector_materialized_tail,train,8,8,17,64,17,2304,1344,256,1.44,True,True,True,0,0,512,tiled_vector,False,True,False,True,8,8,8,4,2,tile_materialized,8,8,17,0,2304,1.0,768,768,512,0,0,1,none,none,none,0,0,1,0,0,2688,4864,336,3,1.0,False,10,True,True,True,,,success,True,True,,True,100,20000,648.0,649.0,0.0,629.0,16593.0,b24b93e6aad6b517c3b4a5b9c46aed7df36d23c518ea36b60166206f61951254,0,0,3,ondemand,,-O3 -mtriple=aarch64-linux-gnu -mcpu=cortex-a76,Pi g++ and LLVM 21 captured by runner,MLIR 21,69e50bc6fe73efc9b4ae55e4c9c186917d7128c58e2773c8cdc83ae996c59677,be8fc2d6b8e7b53ed021a4ba5df654c16cb613a0015ad497f71c8398c6c303ce,86851,49399,,,,,,,288.6037020944059,,6.473890696352274
matmul_bias_relu_latency_row_v1,06a7b5b55d66dfe4da6d01adf7982ab662c8a8e2,raspberry-pi5-cortex-a76,cortex-a76,"+neon,+fp-armv8",f32,matmul_bias_relu,m8_n8_k17_f32,whole_shape_vector_materialized_padding,whole_shape_vector_materialized_padding,train,8,8,17,64,17,2304,1344,256,1.44,True,True,True,0,0,512,whole_shape_vector,False,True,True,False,0,0,0,4,0,whole_shape_materialized,8,8,24,112,3200,1.3888888888888888,1792,1792,1344,0,0,1,none,none,none,0,0,0,0,0,3584,6656,448,1,1.0,False,10,True,True,True,,,success,True,True,,True,100,20000,556.0,574.0,1.0,555.0,16313.999999999998,804681a319d29db1b211616f07e40fa7881683829cbb1dc8f0844d6995ce7eb3,1.1920929e-07,1.48593523e-05,3,ondemand,,-O3 -mtriple=aarch64-linux-gnu -mcpu=cortex-a76,Pi g++ and LLVM 21 captured by runner,MLIR 21,9ddb6b14db42331b4624f5b84ddc5459193f690505bdfea644b530d6d9dd02ad,261aed544c2128b010148ec0399c64f995fe7e131406770885b9cc0865881568,127539,89364,,,,,,,250.12827012687922,,6.320768294250582
matmul_bias_relu_latency_row_v1,06a7b5b55d66dfe4da6d01adf7982ab662c8a8e2,raspberry-pi5-cortex-a76,cortex-a76,"+neon,+fp-armv8",f32,matmul_bias_relu,m8_n8_k17_f32,whole_shape_vector_no_padding,whole_shape_vector_no_padding,train,8,8,17,64,17,2304,1344,256,1.44,True,True,True,0,0,512,whole_shape_vector,False,True,True,False,0,0,0,4,0,none,8,8,17,0,2304,1.0,0,0,0,0,0,1,none,none,none,0,0,0,0,0,2688,4864,336,1,1.0,False,10,True,True,True,,,success,True,True,,True,100,20000,148.0,167.0,0.0,148.0,5870.0,07358bc2bf046de6a13e41a6c5711397c3f20c02eaff9ceed8c78cf4b81a97d2,1.1920929e-07,1.48593523e-05,3,ondemand,,-O3 -mtriple=aarch64-linux-gnu -mcpu=cortex-a76,Pi g++ and LLVM 21 captured by runner,MLIR 21,b6c607d1b18974e087967bb58b272b9be0b6cdc4223ec7b4968885049794bc45,68e88c12bc87dd0ec118589443514156e58500907e0141e8e52cf18a40c6ed0e,90120,65309,,,,,,,210.20124899223447,,4.997212273764115
matmul_bias_relu_latency_row_v1,06a7b5b55d66dfe4da6d01adf7982ab662c8a8e2,raspberry-pi5-cortex-a76,cortex-a76,"+neon,+fp-armv8",f32,matmul_bias_relu,m8_n8_k1_f32,fused_scalar,scalar_baseline,train,8,8,1,64,1,256,320,256,0.4444444444444444,True,True,True,0,0,512,scalar,True,False,False,False,0,0,0,1,0,none,8,8,1,0,256,1.0,0,0,0,0,0,1,none,none,none,0,0,0,0,0,512,512,64,1,1.0,False,8,True,True,True,,,success,True,True,,True,100,20000,575.0,593.0,1.0,574.0,6648.0,a650042f81a93f85e7af5bfa0a61ea54cfd1d4f8662c4c1f7c66fb46a4fcfc45,0,0,3,ondemand,,-O3 -mtriple=aarch64-linux-gnu -mcpu=cortex-a76,Pi g++ and LLVM 21 captured by runner,MLIR 21,37fd9b2778d4179c8d8373eb3879209f04ebbdc9f82c7ff2d1286f5e04c7714d,1174474acd55adbd07826479f5a35a09cf1262d0c834119b67f40ea2ec714a71,16346,11486,,,,,,,143.92461301758885,,6.354370040797351
matmul_bias_relu_latency_row_v1,06a7b5b55d66dfe4da6d01adf7982ab662c8a8e2,raspberry-pi5-cortex-a76,cortex-a76,"+neon,+fp-armv8",f32,matmul_bias_relu,m8_n8_k1_f32,tiled_vector_direct_k,tiled_vector_direct_cleanup,train,8,8,1,64,1,256,320,256,0.4444444444444444,True,True,True,0,0,512,tiled_vector,False,True,False,True,8,8,8,4,0,none,8,8,1,0,256,1.0,0,0,0,0,0,1,none,none,direct_vector_cleanup,0,0,1,128,0,640,768,80,1,1.0,False,10,True,True,True,,,success,True,True,,True,100,20000,111.0,112.0,0.0,92.0,148.0,ff6b65a8c401b90e5c4625d7d2338b2a618a86a63b380f5c4f956e2e44b3fb1e,0,0,3,ondemand,,-O3 -mtriple=aarch64-linux-gnu -mcpu=cortex-a76,Pi g++ and LLVM 21 captured by runner,MLIR 21,10542f85b7a3ac46e7b6f5c00f798dee4261e2675a42a8c16acf38139bf95af8,17591a9dbada84ae369d7bc69882e1a5d42edeb50f21dfe3b705587bbb6f60f0,25518,15801,,,,,,,161.3285201601684,,4.709530201312334
matmul_bias_relu_latency_row_v1,06a7b5b55d66dfe4da6d01adf7982ab662c8a8e2,raspberry-pi5-cortex-a76,cortex-a76,"+neon,+fp-armv8",f32,matmul_bias_relu,m8_n8_k1_f32,tiled_vector_materialized_tail,tiled_vector_materialized_tail,train,8,8,1,64,1,256,320,256,0.4444444444444444,True,True,True,0,0,512,tiled_vector,False,True,False,True,8,8,8,4,0,tile_materialized,8,8,1,0,256,1.0,768,768,512,0,0,1,none,none,none,0,0,1,0,0,640,768,80,1,1.0,False,10,True,True,True,,,success,True,True,,True,100,20000,222.0,241.0,0.0,222.0,334.0,43b26e9a9a6d708ad00e960dc00c5b046e373b0c7ee52a7fa7cd342a1de94e64,0,0,3,ondemand,,-O3 -mtriple=aarch64-linux-gnu -mcpu=cortex-a76,Pi g++ and LLVM 21 captured by runner,MLIR 21,698215eceec0a081b5c9ceed894aa5e69fb88fc0e56c6b74dc8101c5bde073c4,9276e0a251135a798eccb9dbdcda948d69c918ef48140cd20029f49d5df34b39,80818,46449,,,,,,,231.0133979190141,,5.402677381872279
matmul_bias_relu_latency_row_v1,06a7b5b55d66dfe4da6d01adf7982ab662c8a8e2,raspberry-pi5-cortex-a76,cortex-a76,"+neon,+fp-armv8",f32,matmul_bias_relu,m8_n8_k1_f32,whole_shape_vector_materialized_padding,whole_shape_vector_materialized_padding,train,8,8,1,64,1,256,320,256,0.4444444444444444,True,True,True,0,0,512,whole_shape_vector,False,True,True,False,0,0,0,4,0,whole_shape_materialized,8,8,8,112,1152,4.5,768,768,320,0,0,1,none,none,none,0,0,0,0,0,1536,2560,192,1,1.0,False,10,True,True,True,,,success,True,True,,True,100,20000,259.0,260.0,1.0,240.0,4130.0,bd20dff09659db73c18d57ea558469585148ad86a12aa76fdbacb6cdb92302e7,2.98023224e-08,1.83592891e-07,3,ondemand,,-O3 -mtriple=aarch64-linux-gnu -mcpu=cortex-a76,Pi g++ and LLVM 21 captured by runner,MLIR 21,7150a87b9f5be704cbe2cae10a17b28bf1ba465bec9301a8892a33bf6c59b2ba,6636f5bfeeff10fab52e34253a80b904ba080e22cd49b6b612d49e9471f15ad9,64690,48475,,,,,,,190.24099595844746,,5.556828061699537
matmul_bias_relu_latency_row_v1,06a7b5b55d66dfe4da6d01adf7982ab662c8a8e2,raspberry-pi5-cortex-a76,cortex-a76,"+neon,+fp-armv8",f32,matmul_bias_relu,m8_n8_k1_f32,whole_shape_vector_no_padding,whole_shape_vector_no_padding,train,8,8,1,64,1,256,320,256,0.4444444444444444,True,True,True,0,0,512,whole_shape_vector,False,True,True,False,0,0,0,4,0,none,8,8,1,0,256,1.0,0,0,0,0,0,1,none,none,none,0,0,0,0,0,640,768,80,1,1.0,False,10,True,True,True,,,success,True,True,,True,100,20000,56.0,74.0,1.0,37.0,112.0,7c095d67e088239dd0e141304d529bbf91150bf5a0ed2f5b67bcbf7c83de15ae,2.98023224e-08,1.83592891e-07,3,ondemand,,-O3 -mtriple=aarch64-linux-gnu -mcpu=cortex-a76,Pi g++ and LLVM 21 captured by runner,MLIR 21,e0352a7f1708ac918ba5807e9fec470221133307a03c5e86ce125176f8fa114b,909c9bc9674eac10de8ca9ad5377847c514a12bbe3feef9b903ee5586091d69a,26944,23702,,,,,,,165.1747787836939,,4.02535169073515
matmul_bias_relu_latency_row_v1,06a7b5b55d66dfe4da6d01adf7982ab662c8a8e2,raspberry-pi5-cortex-a76,cortex-a76,"+neon,+fp-armv8",f32,matmul_bias_relu,m8_n8_k23_f32,fused_scalar,scalar_baseline,train,8,8,23,64,23,3072,1728,256,1.5483870967741935,True,True,True,0,0,512,scalar,True,False,False,False,0,0,0,1,0,none,8,8,23,0,3072,1.0,0,0,0,0,0,7,none,none,none,0,0,0,0,0,512,512,64,1,1.0,False,8,True,True,True,,,success,True,True,,True,100,20000,5889.0,5889.0,0.0,5870.0,31350.999999999996,1398438292f91cc7db21ced7a168d7c26435d7d93ec973143ec308e5038aba9d,1.1920929e-07,1.76416314e-06,3,ondemand,,-O3 -mtriple=aarch64-linux-gnu -mcpu=cortex-a76,Pi g++ and LLVM 21 captured by runner,MLIR 21,146ee6dd0004536789e6daba8fd817f6980b26940e0a8bc7ab6c1a1d4f74d88c,da8c6556563845a53458ece631269ce2076e6bc071b5bb68fcb78dc656688845,16398,11490,,,,,,,178.65462810732424,,8.68084148294457
matmul_bias_relu_latency_row_v1,06a7b5b55d66dfe4da6d01adf7982ab662c8a8e2,raspberry-pi5-cortex-a76,cortex-a76,"+neon,+fp-armv8",f32,matmul_bias_relu,m8_n8_k23_f32,tiled_vector_direct_k,tiled_vector_direct_cleanup,train,8,8,23,64,23,3072,1728,256,1.5483870967741935,True,True,True,0,0,512,tiled_vector,False,True,False,True,8,8,8,4,2,none,8,8,23,0,3072,1.0,0,0,0,0,0,7,none,none,direct_vector_cleanup,0,0,1,896,0,3456,6400,432,3,1.0,False,10,True,True,True,,,success,True,True,,True,100,20000,500.0,519.0,0.0,481.0,14685.0,1ef96d0fafb443569c6b8445c675c29929769fee0a310d8d3d8907325597066c,0,0,3,ondemand,,-O3 -mtriple=aarch64-linux-gnu -mcpu=cortex-a76,Pi g++ and LLVM 21 captured by runner,MLIR 21,bb262da14772c5847145292fce04af080da76af87def86747500e84eb1af0cd3,64c97be42aa2e74acd31389a20c27b44c977f989ef1c5f9891a599e5e35a18fa,64026,40255,,,,,,,176.22954701073468,,6.214608098422191
matmul_bias_relu_latency_row_v1,06a7b5b55d66dfe4da6d01adf7982ab662c8a8e2,raspberry-pi5-cortex-a76,cortex-a76,"+neon,+fp-armv8",f32,matmul_bias_relu,m8_n8_k23_f32,tiled_vector_materialized_tail,tiled_vector_materialized_tail,train,8,8,23,64,23,3072,1728,256,1.5483870967741935,True,True,True,0,0,512,tiled_vector,False,True,False,True,8,8,8,4,2,tile_materialized,8,8,23,0,3072,1.0,768,768,512,0,0,7,none,none,none,0,0,1,0,0,3456,6400,432,3,1.0,False,10,True,True,True,,,success,True,True,,True,100,20000,704.0,704.0,0.0,685.0,18092.0,37c2cbc77e62c4e13ba8e254031476494431969f92c8a73e0c278eb49587f376,0,0,3,ondemand,,-O3 -mtriple=aarch64-linux-gnu -mcpu=cortex-a76,Pi g++ and LLVM 21 captured by runner,MLIR 21,dd536ce8b55f4188c0154bf75c061fee47a9606c6cb92de5df410861270bbc6a,2d16b4f2e17e9700b972d587a1366b7dae5659cf5ced2c4ffd736c122a69b80d,86851,49399,,,,,,,235.1675301324576,,6.556778356158042
matmul_bias_relu_latency_row_v1,06a7b5b55d66dfe4da6d01adf7982ab662c8a8e2,raspberry-pi5-cortex-a76,cortex-a76,"+neon,+fp-armv8",f32,matmul_bias_relu,m8_n8_k23_f32,whole_shape_vector_materialized_padding,whole_shape_vector_materialized_padding,train,8,8,23,64,23,3072,1728,256,1.5483870967741935,True,True,True,0,0,512,whole_shape_vector,False,True,True,False,0,0,0,4,0,whole_shape_materialized,8,8,24,16,3200,1.0416666666666667,1792,1792,1728,0,0,7,none,none,none,0,0,0,0,0,3584,6656,448,1,1.0,False,10,True,True,True,,,success,True,True,,True,100,20000,574.0,593.0,0.0,555.0,13759.0,41df368b6bf115537cf2e3b327c040a24dc0ec3232317d86799d6453d7610a7a,1.78813934e-07,1.98468354e-06,3,ondemand,,-O3 -mtriple=aarch64-linux-gnu -mcpu=cortex-a76,Pi g++ and LLVM 21 captured by runner,MLIR 21,e3eccd2e4914444155ef16a09342c39f82b3671719b3c67e93e0b0ae3c8d548d,8f9230af4b8691c40af0cac4f32ec0ee3903860dd9e7df90121c5aec228bb4f9,127539,89364,,,,,,,254.7689159400761,,6.352629396319567
matmul_bias_relu_latency_row_v1,06a7b5b55d66dfe4da6d01adf7982ab662c8a8e2,raspberry-pi5-cortex-a76,cortex-a76,"+neon,+fp-armv8",f32,matmul_bias_relu,m8_n8_k23_f32,whole_shape_vector_no_padding,whole_shape_vector_no_padding,train,8,8,23,64,23,3072,1728,256,1.5483870967741935,True,True,True,0,0,512,whole_shape_vector,False,True,True,False,0,0,0,4,0,none,8,8,23,0,3072,1.0,0,0,0,0,0,7,none,none,none,0,0,0,0,0,3456,6400,432,1,1.0,False,10,True,True,True,,,success,True,True,,True,100,20000,185.0,186.0,0.0,166.0,4148.0,7dbfcb970e83451ae83f730ff2a84ddf8f88e61623c8d736088f75b91c5fe623,1.78813934e-07,1.98468354e-06,3,ondemand,,-O3 -mtriple=aarch64-linux-gnu -mcpu=cortex-a76,Pi g++ and LLVM 21 captured by runner,MLIR 21,c2f52ce4941a735e4ab97ad2bb97de4d80114a8606768ba9447313b3f8662d32,10dec820e2eecae948635e83449ea6a647738e2a8c34e4667de1daedc618234e,113740,80525,,,,,,,265.8916360232979,,5.220355825078324
matmul_bias_relu_latency_row_v1,06a7b5b55d66dfe4da6d01adf7982ab662c8a8e2,raspberry-pi5-cortex-a76,cortex-a76,"+neon,+fp-armv8",f32,matmul_bias_relu,m8_n8_k2_f32,fused_scalar,scalar_baseline,train,8,8,2,64,2,384,384,256,0.6,True,True,True,0,0,512,scalar,True,False,False,False,0,0,0,1,0,none,8,8,2,0,384,1.0,0,0,0,0,0,2,none,none,none,0,0,0,0,0,512,512,64,1,1.0,False,8,True,True,True,,,success,True,True,,True,100,20000,815.0,834.0,1.0,814.0,13963.0,a1824af86b0210a32950d0da73685b0443da3289f5da04c208a2fa1cf111a9ba,2.98023224e-08,8.88345616e-07,3,ondemand,,-O3 -mtriple=aarch64-linux-gnu -mcpu=cortex-a76,Pi g++ and LLVM 21 captured by runner,MLIR 21,23570a5c863eb11993e65fd5cc84592eb32c6aaf1617576aa9d50d2a34c80697,cccd41621d616bf27d9973fe0b5c39d04f72e8523dba788827ec9ab79732f9f4,16394,11486,,,,,,,143.8468019478023,,6.703188113240863
matmul_bias_relu_latency_row_v1,06a7b5b55d66dfe4da6d01adf7982ab662c8a8e2,raspberry-pi5-cortex-a76,cortex-a76,"+neon,+fp-armv8",f32,matmul_bias_relu,m8_n8_k2_f32,tiled_vector_direct_k,tiled_vector_direct_cleanup,train,8,8,2,64,2,384,384,256,0.6,True,True,True,0,0,512,tiled_vector,False,True,False,True,8,8,8,4,0,none,8,8,2,0,384,1.0,0,0,0,0,0,2,none,none,direct_vector_cleanup,0,0,1,256,0,768,1024,96,1,1.0,False,10,True,True,True,,,success,True,True,,True,100,20000,167.0,167.0,0.0,148.0,13407.0,1067794d1c60e5aa75c4126bbce6711f5c23aad1c61f1ab5cc9c5684dd69a637,0,0,3,ondemand,,-O3 -mtriple=aarch64-linux-gnu -mcpu=cortex-a76,Pi g++ and LLVM 21 captured by runner,MLIR 21,da0e22310e0bf2990388a9bb7ec41fda9628fd4fd077e0247ffb17f718ed8cb6,91d1392eb2ea84d259370299bc58e6a84af3a862b0fc4dcdbbde27eebdebced8,26554,16607,,,,,,,195.94396511092782,,5.117993812416755
matmul_bias_relu_latency_row_v1,06a7b5b55d66dfe4da6d01adf7982ab662c8a8e2,raspberry-pi5-cortex-a76,cortex-a76,"+neon,+fp-armv8",f32,matmul_bias_relu,m8_n8_k2_f32,tiled_vector_materialized_tail,tiled_vector_materialized_tail,train,8,8,2,64,2,384,384,256,0.6,True,True,True,0,0,512,tiled_vector,False,True,False,True,8,8,8,4,0,tile_materialized,8,8,2,0,384,1.0,768,768,512,0,0,2,none,none,none,0,0,1,0,0,768,1024,96,1,1.0,False,10,True,True,True,,,success,True,True,,True,100,20000,240.0,241.0,1.0,222.0,15982.0,1ea0c43ad0788366ff007f29c095819f9ac8f90a279a7987b99942a8ea0c1f8b,0,0,3,ondemand,,-O3 -mtriple=aarch64-linux-gnu -mcpu=cortex-a76,Pi g++ and LLVM 21 captured by runner,MLIR 21,b16795ed17ff97195445544cf2a4425dca93a8456cba8bf8eea34301d415173f,2867e7a91a0ea090ea8f1c116859dced48b83248a390aa4d9ad11577bcf892d1,80818,46449,,,,,,,242.2860839869827,,5.480638923341991
matmul_bias_relu_latency_row_v1,06a7b5b55d66dfe4da6d01adf7982ab662c8a8e2,raspberry-pi5-cortex-a76,cortex-a76,"+neon,+fp-armv8",f32,matmul_bias_relu,m8_n8_k2_f32,whole_shape_vector_materialized_padding,whole_shape_vector_materialized_padding,train,8,8,2,64,2,384,384,256,0.6,True,True,True,0,0,512,whole_shape_vector,False,True,True,False,0,0,0,4,0,whole_shape_materialized,8,8,8,96,1152,3.0,768,768,384,0,0,2,none,none,none,0,0,0,0,0,1536,2560,192,1,1.0,False,10,True,True,True,,,success,True,True,,True,100,20000,259.0,278.0,0.0,240.0,3555.0,5ee2dccba22346218b5e0a3644d2a9f577bb1794e2d3729392160e56c194ba70,2.98023224e-08,4.0552816e-06,3,ondemand,,-O3 -mtriple=aarch64-linux-gnu -mcpu=cortex-a76,Pi g++ and LLVM 21 captured by runner,MLIR 21,1b8cb678b3105c20a1eaf4ab18693fbfd54cfd3780e4e8725f6290c80e2ef394,469fdc4876b90c413e3e900d5a9bdb1f0f1dadd6b380254097c9bafe826b6c48,64690,48475,,,,,,,192.93661788105965,,5.556828061699537
matmul_bias_relu_latency_row_v1,06a7b5b55d66dfe4da6d01adf7982ab662c8a8e2,raspberry-pi5-cortex-a76,cortex-a76,"+neon,+fp-armv8",f32,matmul_bias_relu,m8_n8_k2_f32,whole_shape_vector_no_padding,whole_shape_vector_no_padding,train,8,8,2,64,2,384,384,256,0.6,True,True,True,0,0,512,whole_shape_vector,False,True,True,False,0,0,0,4,0,none,8,8,2,0,384,1.0,0,0,0,0,0,2,none,none,none,0,0,0,0,0,768,1024,96,1,1.0,False,10,True,True,True,,,success,True,True,,True,100,20000,74.0,74.0,0.0,55.0,2407.0,7479143899ad64b08522bc1b526372b00b10a5ab2d24020a6d0000025a0e2839,2.98023224e-08,4.0552816e-06,3,ondemand,,-O3 -mtriple=aarch64-linux-gnu -mcpu=cortex-a76,Pi g++ and LLVM 21 captured by runner,MLIR 21,cc76cc313c6aed0b5f5396435e0830bf228d309c41d14ac86788c038c6a378f0,45c26395640c438f1527e99b8ead6f4c7c8c0842b39ae10cd50b0f1ec535119e,32670,27511,,,,,,,165.67240981385112,,4.30406509320417
matmul_bias_relu_latency_row_v1,06a7b5b55d66dfe4da6d01adf7982ab662c8a8e2,raspberry-pi5-cortex-a76,cortex-a76,"+neon,+fp-armv8",f32,matmul_bias_relu,m8_n8_k31_f32,fused_scalar,scalar_baseline,train,8,8,31,64,31,4096,2240,256,1.641025641025641,True,True,True,0,0,512,scalar,True,False,False,False,0,0,0,1,0,none,8,8,31,0,4096,1.0,0,0,0,0,0,7,none,none,none,0,0,0,0,0,512,512,64,1,1.0,False,8,True,True,True,,,success,True,True,,True,100,20000,7815.000000000001,7815.000000000001,0.0,7796.0,62203.0,30cb7b57df3ad4fb9b0bf68e9f9dc22d0446559ba3933cbff9c1f9cbf3855a01,1.78813934e-07,1.19216367e-06,3,ondemand,,-O3 -mtriple=aarch64-linux-gnu -mcpu=cortex-a76,Pi g++ and LLVM 21 captured by runner,MLIR 21,23764cecc9321f9443269ad590f199709b04a962cc783fd2bcb4484fa4d0c377,91b26a205f1cf8e9384c6356c8c6b7171c43fb9c0930fd3861f4d94f9a186047,16398,11490,,,,,,,151.70882805250585,,8.963800242855577
matmul_bias_relu_latency_row_v1,06a7b5b55d66dfe4da6d01adf7982ab662c8a8e2,raspberry-pi5-cortex-a76,cortex-a76,"+neon,+fp-armv8",f32,matmul_bias_relu,m8_n8_k31_f32,tiled_vector_direct_k,tiled_vector_direct_cleanup,train,8,8,31,64,31,4096,2240,256,1.641025641025641,True,True,True,0,0,512,tiled_vector,False,True,False,True,8,8,8,4,3,none,8,8,31,0,4096,1.0,0,0,0,0,0,7,none,none,direct_vector_cleanup,0,0,1,896,0,4480,8448,560,4,1.0,False,10,True,True,True,,,success,True,True,,True,100,20000,537.0,537.0,0.0,518.0,2648.0,ea0a5167fd048076936fda8036ea40e9954e2b419d470fb2df4d4fedf22d5241,0,0,3,ondemand,,-O3 -mtriple=aarch64-linux-gnu -mcpu=cortex-a76,Pi g++ and LLVM 21 captured by runner,MLIR 21,d93b85e4389a989d1ff79057e2bb840a955774c345ce5c9c7ef4cd8fa495e9bc,e0a30baa8431c78eb444c5e301f989668272d7790b24fe94f612807b9b8f6bed,64026,40256,,,,,,,178.06470207870007,,6.285998094508865
matmul_bias_relu_latency_row_v1,06a7b5b55d66dfe4da6d01adf7982ab662c8a8e2,raspberry-pi5-cortex-a76,cortex-a76,"+neon,+fp-armv8",f32,matmul_bias_relu,m8_n8_k31_f32,tiled_vector_materialized_tail,tiled_vector_materialized_tail,train,8,8,31,64,31,4096,2240,256,1.641025641025641,True,True,True,0,0,512,tiled_vector,False,True,False,True,8,8,8,4,3,tile_materialized,8,8,31,0,4096,1.0,768,768,512,0,0,7,none,none,none,0,0,1,0,0,4480,8448,560,4,1.0,False,10,True,True,True,,,success,True,True,,True,100,20000,907.0,908.0,0.0,888.0,4278.0,2dff33daca306a458b3af8c18b0d08483d342239b8f9d2bae01e4b46d7a13925,0,0,3,ondemand,,-O3 -mtriple=aarch64-linux-gnu -mcpu=cortex-a76,Pi g++ and LLVM 21 captured by runner,MLIR 21,cfb8a522cc1bfaeab16221e3453bdaf18395ebc50eb170392cc1c9c8922699d2,15512d91ce0e5c787d4f53d51169b40ebab2dc8dd794d1aae61fa3a8b2f4b0d3,86851,49399,,,,,,,230.40571087040007,,6.810142450115136
matmul_bias_relu_latency_row_v1,06a7b5b55d66dfe4da6d01adf7982ab662c8a8e2,raspberry-pi5-cortex-a76,cortex-a76,"+neon,+fp-armv8",f32,matmul_bias_relu,m8_n8_k31_f32,whole_shape_vector_materialized_padding,whole_shape_vector_materialized_padding,train,8,8,31,64,31,4096,2240,256,1.641025641025641,True,True,True,0,0,512,whole_shape_vector,False,True,True,False,0,0,0,4,0,whole_shape_materialized,8,8,32,16,4224,1.03125,2304,2304,2240,0,0,7,none,none,none,0,0,0,0,0,4608,8704,576,1,1.0,False,10,True,True,True,,,success,True,True,,True,100,20000,778.0,778.0,0.0,759.0,16629.0,a0681012a5422c54fbab9049699a4c71e38b7290d000005a2251eb0759f770d5,1.78813934e-07,4.13803149e-06,3,ondemand,,-O3 -mtriple=aarch64-linux-gnu -mcpu=cortex-a76,Pi g++ and LLVM 21 captured by runner,MLIR 21,708c2fa948074dfa7c172a627f691f343096f015c2f7b5fc7c810f903ade93a4,ae48ac265fd598f1991d3ab28cb17e674fce71a3426e2c085a3d5a0bc1db6365,159148,110269,,,,,,,277.9707370791584,,6.656726524178391
matmul_bias_relu_latency_row_v1,06a7b5b55d66dfe4da6d01adf7982ab662c8a8e2,raspberry-pi5-cortex-a76,cortex-a76,"+neon,+fp-armv8",f32,matmul_bias_relu,m8_n8_k31_f32,whole_shape_vector_no_padding,whole_shape_vector_no_padding,train,8,8,31,64,31,4096,2240,256,1.641025641025641,True,True,True,0,0,512,whole_shape_vector,False,True,True,False,0,0,0,4,0,none,8,8,31,0,4096,1.0,0,0,0,0,0,7,none,none,none,0,0,0,0,0,4480,8448,560,1,1.0,False,10,True,True,True,,,success,True,True,,True,100,20000,222.0,241.0,0.0,222.0,12260.0,67e95a06158ecd9f3f018f852c304473184e34d1d3160b211921b4228a2d20e3,1.78813934e-07,4.13803149e-06,3,ondemand,,-O3 -mtriple=aarch64-linux-gnu -mcpu=cortex-a76,Pi g++ and LLVM 21 captured by runner,MLIR 21,c3b42757d44cee3e257084c8f2d049a71904feca1e07fa961cff586857070a47,f8347aee81dc4c76a9ee2f5fa62337a059620abf6092d0b26ffe415d1492634f,145269,101259,,,,,,,287.0957541745156,,5.402677381872279
matmul_bias_relu_latency_row_v1,06a7b5b55d66dfe4da6d01adf7982ab662c8a8e2,raspberry-pi5-cortex-a76,cortex-a76,"+neon,+fp-armv8",f32,matmul_bias_relu,m8_n8_k33_f32,fused_scalar,scalar_baseline,heldout,8,8,33,64,33,4352,2368,256,1.6585365853658536,True,True,True,0,0,512,scalar,True,False,False,False,0,0,0,1,0,none,8,8,33,0,4352,1.0,0,0,0,0,0,1,none,none,none,0,0,0,0,0,512,512,64,1,1.0,False,8,True,True,True,,,success,True,True,,True,100,20000,8296.0,8297.0,1.0,8277.0,31074.0,491160a81940fd37b449bd2e3b69ef25fa5bb37a0d376a48097fd1b8f39df1d6,1.78813934e-07,2.05412623e-06,3,ondemand,,-O3 -mtriple=aarch64-linux-gnu -mcpu=cortex-a76,Pi g++ and LLVM 21 captured by runner,MLIR 21,3f7671c2e8c2bcb8126f255f027a8f3ac7081114c52ca0059ba5f31ce7f36f0a,1311d30d4d7867d0929734a8d37e94b8658462f514225b9ab6da36e9a330d5b8,16398,11490,,,,,,,151.39415604062378,,9.023528749909364
matmul_bias_relu_latency_row_v1,06a7b5b55d66dfe4da6d01adf7982ab662c8a8e2,raspberry-pi5-cortex-a76,cortex-a76,"+neon,+fp-armv8",f32,matmul_bias_relu,m8_n8_k33_f32,tiled_vector_direct_k,tiled_vector_direct_cleanup,heldout,8,8,33,64,33,4352,2368,256,1.6585365853658536,True,True,True,0,0,512,tiled_vector,False,True,False,True,8,8,8,4,4,none,8,8,33,0,4352,1.0,0,0,0,0,0,1,none,none,direct_vector_cleanup,0,0,1,128,0,4736,8960,592,5,1.0,False,10,True,True,True,,,success,True,True,,True,100,20000,222.0,223.0,0.0,203.0,278.0,4cd3b06b5742fe8fa0b2cd840aef49287360195f40720fa0350e1df1ba39073e,0,0,3,ondemand,,-O3 -mtriple=aarch64-linux-gnu -mcpu=cortex-a76,Pi g++ and LLVM 21 captured by runner,MLIR 21,706c7b86eb8baf57dc0101784823dba36cb7f590a73de05aa0bae947587eee53,30aab9e34e36b4682a5b2a216da3210e2a19f2ea1d9819fb36a998d266fab191,63595,39759,,,,,,,212.24748296663165,,5.402677381872279
matmul_bias_relu_latency_row_v1,06a7b5b55d66dfe4da6d01adf7982ab662c8a8e2,raspberry-pi5-cortex-a76,cortex-a76,"+neon,+fp-armv8",f32,matmul_bias_relu,m8_n8_k33_f32,tiled_vector_materialized_tail,tiled_vector_materialized_tail,heldout,8,8,33,64,33,4352,2368,256,1.6585365853658536,True,True,True,0,0,512,tiled_vector,False,True,False,True,8,8,8,4,4,tile_materialized,8,8,33,0,4352,1.0,768,768,512,0,0,1,none,none,none,0,0,1,0,0,4736,8960,592,5,1.0,False,10,True,True,True,,,success,True,True,,True,100,20000,1055.0,1056.0,1.0,1037.0,12111.0,8cb67f0b8ff33b4dd505508f6411834ec79f9b79dd613ec54ef136a7aef1fcd2,0,0,3,ondemand,,-O3 -mtriple=aarch64-linux-gnu -mcpu=cortex-a76,Pi g++ and LLVM 21 captured by runner,MLIR 21,9d3950b197b828d36041a5f178fda7f53daa33a6eca4c9123fb07103b7542aab,844510bf6b7f4cafa5518aaf05209f471d2fc656d4c5ca2b2151a0674fed554c,86851,49399,,,,,,,230.19909719005227,,6.961296045910167
matmul_bias_relu_latency_row_v1,06a7b5b55d66dfe4da6d01adf7982ab662c8a8e2,raspberry-pi5-cortex-a76,cortex-a76,"+neon,+fp-armv8",f32,matmul_bias_relu,m8_n8_k33_f32,whole_shape_vector_materialized_padding,whole_shape_vector_materialized_padding,heldout,8,8,33,64,33,4352,2368,256,1.6585365853658536,True,True,True,0,0,512,whole_shape_vector,False,True,True,False,0,0,0,4,0,whole_shape_materialized,8,8,40,112,5248,1.2058823529411764,2816,2816,2368,0,0,1,none,none,none,0,0,0,0,0,5632,10752,704,1,1.0,False,10,True,True,True,,,success,True,True,,True,100,20000,907.0,926.0,0.0,888.0,21148.0,11ffdf0c481ea06ee304c74ed952bd83ee7df677a9df73dc86c0266721f276a4,2.38418579e-07,1.47640322e-06,3,ondemand,,-O3 -mtriple=aarch64-linux-gnu -mcpu=cortex-a76,Pi g++ and LLVM 21 captured by runner,MLIR 21,6e36850c5528bc867ad9992b22fb3c7a93dd1c8eb96b1079a31c5c22d22f91f2,ce6fc0e56170f90702076129f3af5bc5d584373b89d897151efc488ebd4cad63,190757,131165,,,,,,,336.47913997992873,,6.810142450115136
matmul_bias_relu_latency_row_v1,06a7b5b55d66dfe4da6d01adf7982ab662c8a8e2,raspberry-pi5-cortex-a76,cortex-a76,"+neon,+fp-armv8",f32,matmul_bias_relu,m8_n8_k33_f32,whole_shape_vector_no_padding,whole_shape_vector_no_padding,heldout,8,8,33,64,33,4352,2368,256,1.6585365853658536,True,True,True,0,0,512,whole_shape_vector,False,True,True,False,0,0,0,4,0,none,8,8,33,0,4352,1.0,0,0,0,0,0,1,none,none,none,0,0,0,0,0,4736,8960,592,1,1.0,False,10,True,True,True,,,success,True,True,,True,100,20000,240.0,241.0,1.0,222.0,5352.0,e9f2f9f8ab9e7849c74a9d1844cf8d5eb570b0963ff8a7a9f27a8c3bcb443da1,2.38418579e-07,1.47640322e-06,3,ondemand,,-O3 -mtriple=aarch64-linux-gnu -mcpu=cortex-a76,Pi g++ and LLVM 21 captured by runner,MLIR 21,be7bfc08bac35496db3c8256b26d964be238c0f3385377aa73cbd702d1cc1ac9,e17450e8f042d092bcb150deb6e2e8d150ae367291205a8ec4b06621661f1fe1,153152,106463,,,,,,,280.91842494904995,,5.480638923341991
matmul_bias_relu_latency_row_v1,06a7b5b55d66dfe4da6d01adf7982ab662c8a8e2,raspberry-pi5-cortex-a76,cortex-a76,"+neon,+fp-armv8",f32,matmul_bias_relu,m8_n8_k3_f32,fused_scalar,scalar_baseline,validation,8,8,3,64,3,512,448,256,0.7272727272727273,True,True,True,0,0,512,scalar,True,False,False,False,0,0,0,1,0,none,8,8,3,0,512,1.0,0,0,0,0,0,3,none,none,none,0,0,0,0,0,512,512,64,1,1.0,False,8,True,True,True,,,success,True,True,,True,100,20000,1056.0,1074.0,1.0,1055.0,12834.0,b2d755e2c48526b07b460e5c8667e2cd9001a16c4c425823b0026ea97d04f32c,5.96046448e-08,3.05768319e-07,3,ondemand,,-O3 -mtriple=aarch64-linux-gnu -mcpu=cortex-a76,Pi g++ and LLVM 21 captured by runner,MLIR 21,7851ccec231d1f850fb2b3c60205ba17df551c8b09249b6625bac3fe6019297d,3b90ae91311d8d3b9a6c216e73b88b4e55b8b10886c0024b685f751a4322ce96,16394,11486,,,,,,,147.89003715850413,,6.962243464266207
matmul_bias_relu_latency_row_v1,06a7b5b55d66dfe4da6d01adf7982ab662c8a8e2,raspberry-pi5-cortex-a76,cortex-a76,"+neon,+fp-armv8",f32,matmul_bias_relu,m8_n8_k3_f32,tiled_vector_direct_k,tiled_vector_direct_cleanup,validation,8,8,3,64,3,512,448,256,0.7272727272727273,True,True,True,0,0,512,tiled_vector,False,True,False,True,8,8,8,4,0,none,8,8,3,0,512,1.0,0,0,0,0,0,3,none,none,direct_vector_cleanup,0,0,1,384,0,896,1280,112,1,1.0,False,10,True,True,True,,,success,True,True,,True,100,20000,222.0,241.0,0.0,203.0,14741.0,3ce4c7ec9e8522478d349d9ef677ce137710f7f56ab8199ec3a9cc20b2c15ddb,0,0,3,ondemand,,-O3 -mtriple=aarch64-linux-gnu -mcpu=cortex-a76,Pi g++ and LLVM 21 captured by runner,MLIR 21,d3e92cda0155c98c2e01c5c0fe01521998d46fe1b05368652805dfe71677c5d0,25bb62c9a2b5815e42d8f116c2f6ce7f46725a6466170631c8c844f81f0aaaf4,26554,16607,,,,,,,201.0810759384185,,5.402677381872279
matmul_bias_relu_latency_row_v1,06a7b5b55d66dfe4da6d01adf7982ab662c8a8e2,raspberry-pi5-cortex-a76,cortex-a76,"+neon,+fp-armv8",f32,matmul_bias_relu,m8_n8_k3_f32,tiled_vector_materialized_tail,tiled_vector_materialized_tail,validation,8,8,3,64,3,512,448,256,0.7272727272727273,True,True,True,0,0,512,tiled_vector,False,True,False,True,8,8,8,4,0,tile_materialized,8,8,3,0,512,1.0,768,768,512,0,0,3,none,none,none,0,0,1,0,0,896,1280,112,1,1.0,False,10,True,True,True,,,success,True,True,,True,100,20000,241.0,241.0,0.0,222.0,8019.0,55fd85745cc3f419d78fea628f66c7de06603cb902d571d1d3f8d0c0421ffa0d,0,0,3,ondemand,,-O3 -mtriple=aarch64-linux-gnu -mcpu=cortex-a76,Pi g++ and LLVM 21 captured by runner,MLIR 21,9f8faacedff6f1d71f5844258706cec033d0a2b411dd2dbefd7a85d0adc759bc,0a2d55421196a9f92b356d56f3e6e040afda406a048a44ddb4262a9f29fe8bc7,80818,46449,,,,,,,220.7549379672855,,5.484796933490655
matmul_bias_relu_latency_row_v1,06a7b5b55d66dfe4da6d01adf7982ab662c8a8e2,raspberry-pi5-cortex-a76,cortex-a76,"+neon,+fp-armv8",f32,matmul_bias_relu,m8_n8_k3_f32,whole_shape_vector_materialized_padding,whole_shape_vector_materialized_padding,validation,8,8,3,64,3,512,448,256,0.7272727272727273,True,True,True,0,0,512,whole_shape_vector,False,True,True,False,0,0,0,4,0,whole_shape_materialized,8,8,8,80,1152,2.25,768,768,448,0,0,3,none,none,none,0,0,0,0,0,1536,2560,192,1,1.0,False,10,True,True,True,,,success,True,True,,True,100,20000,260.0,278.0,1.0,259.0,15074.0,1fba81653d494e9e85ef4a0f62c6dbe89deb56db21b22c7dbc478d23817adccc,5.96046448e-08,4.61593569e-07,3,ondemand,,-O3 -mtriple=aarch64-linux-gnu -mcpu=cortex-a76,Pi g++ and LLVM 21 captured by runner,MLIR 21,1cf79a9a8fa42a3876dfe28095e4813ae3a2ca9efe28a3976937dd7b10532e2e,0ec6d3a1374e46ce904d920a1afaff0d5a1ae112bcbee39d635a9bf0f071d8d3,64690,48475,,,,,,,195.17414481379092,,5.560681631015528
matmul_bias_relu_latency_row_v1,06a7b5b55d66dfe4da6d01adf7982ab662c8a8e2,raspberry-pi5-cortex-a76,cortex-a76,"+neon,+fp-armv8",f32,matmul_bias_relu,m8_n8_k3_f32,whole_shape_vector_no_padding,whole_shape_vector_no_padding,validation,8,8,3,64,3,512,448,256,0.7272727272727273,True,True,True,0,0,512,whole_shape_vector,False,True,True,False,0,0,0,4,0,none,8,8,3,0,512,1.0,0,0,0,0,0,3,none,none,none,0,0,0,0,0,896,1280,112,1,1.0,False,10,True,True,True,,,success,True,True,,True,100,20000,74.0,75.0,0.0,55.0,14093.0,6d379d09f49bb289b2b310519c824b86029f14d8906f7304c4829cd28d292983,5.96046448e-08,4.61593569e-07,3,ondemand,,-O3 -mtriple=aarch64-linux-gnu -mcpu=cortex-a76,Pi g++ and LLVM 21 captured by runner,MLIR 21,9f64478dbe1846a9b4fcc048f907e62ec2e4d4fd3c7b3c0696d52c2265b6fa74,8e79ac80062dbd5736c7b8241ff36ca97aa38c24373d94499a196dd0e3019922,36457,30014,,,,,,,193.77493998035789,,4.30406509320417
matmul_bias_relu_latency_row_v1,06a7b5b55d66dfe4da6d01adf7982ab662c8a8e2,raspberry-pi5-cortex-a76,cortex-a76,"+neon,+fp-armv8",f32,matmul_bias_relu,m8_n8_k4_f32,fused_scalar,scalar_baseline,heldout,8,8,4,64,4,640,512,256,0.8333333333333334,True,True,True,0,0,512,scalar,True,False,False,False,0,0,0,1,0,none,8,8,4,0,640,1.0,0,0,0,0,0,4,none,none,none,0,0,0,0,0,512,512,64,1,1.0,False,8,True,True,True,,,success,True,True,,True,100,20000,1296.0,1315.0,0.0,1296.0,37592.0,3524158ebd4520987ca848818b90c1ffda02c949a363f2019ab0d08c5dbba9a4,5.96046448e-08,1.18556035e-06,3,ondemand,,-O3 -mtriple=aarch64-linux-gnu -mcpu=cortex-a76,Pi g++ and LLVM 21 captured by runner,MLIR 21,368e604e30576af522d3440f726d18d192a85196642292ddc9d8c7cfadb8d5ea,5750f0f11dce102ca2e3005020665ade498f047d422345987bf230bcf944fa3c,16394,11486,,,,,,,139.71418305300176,,7.16703787691222
matmul_bias_relu_latency_row_v1,06a7b5b55d66dfe4da6d01adf7982ab662c8a8e2,raspberry-pi5-cortex-a76,cortex-a76,"+neon,+fp-armv8",f32,matmul_bias_relu,m8_n8_k4_f32,tiled_vector_direct_k,tiled_vector_direct_cleanup,heldout,8,8,4,64,4,640,512,256,0.8333333333333334,True,True,True,0,0,512,tiled_vector,False,True,False,True,8,8,8,4,0,none,8,8,4,0,640,1.0,0,0,0,0,0,4,none,none,direct_vector_cleanup,0,0,1,512,0,1024,1536,128,1,1.0,False,10,True,True,True,,,success,True,True,,True,100,20000,278.0,296.0,0.0,259.0,18259.0,4d7c6676f2299ae4ed699ceee14591d58bfa29d58be905918cfdb0ad22d89a5c,0,0,3,ondemand,,-O3 -mtriple=aarch64-linux-gnu -mcpu=cortex-a76,Pi g++ and LLVM 21 captured by runner,MLIR 21,5f1ff5c9b9e22633a65110e8f719322a4cbcddd3e3a31e29ed52b9c8ffbe266d,4c39b8cbafde6f8e4635ca96b504fbfe99b2cf43e147197418b821fecd4e3d9e,26554,16607,,,,,,,153.6941509693861,,5.627621113690637
matmul_bias_relu_latency_row_v1,06a7b5b55d66dfe4da6d01adf7982ab662c8a8e2,raspberry-pi5-cortex-a76,cortex-a76,"+neon,+fp-armv8",f32,matmul_bias_relu,m8_n8_k4_f32,tiled_vector_materialized_tail,tiled_vector_materialized_tail,heldout,8,8,4,64,4,640,512,256,0.8333333333333334,True,True,True,0,0,512,tiled_vector,False,True,False,True,8,8,8,4,0,tile_materialized,8,8,4,0,640,1.0,768,768,512,0,0,4,none,none,none,0,0,1,0,0,1024,1536,128,1,1.0,False,10,True,True,True,,,success,True,True,,True,100,20000,241.0,259.0,0.0,222.0,3555.0,4aba1a5260abbc991572e60a707ed5d286619e287f8b09cd8da7c4d3d1c876c7,0,0,3,ondemand,,-O3 -mtriple=aarch64-linux-gnu -mcpu=cortex-a76,Pi g++ and LLVM 21 captured by runner,MLIR 21,25f7be2949ae8d821662da5f60fae0d28b721a364b44065539d7f682e3d1110d,81208f997755cf361d0a45d688cdfdeba4e1485b040fd7c913d10915bd16a5a2,80818,46449,,,,,,,221.1062777787447,,5.484796933490655
matmul_bias_relu_latency_row_v1,06a7b5b55d66dfe4da6d01adf7982ab662c8a8e2,raspberry-pi5-cortex-a76,cortex-a76,"+neon,+fp-armv8",f32,matmul_bias_relu,m8_n8_k4_f32,whole_shape_vector_materialized_padding,whole_shape_vector_materialized_padding,heldout,8,8,4,64,4,640,512,256,0.8333333333333334,True,True,True,0,0,512,whole_shape_vector,False,True,True,False,0,0,0,4,0,whole_shape_materialized,8,8,8,64,1152,1.8,768,768,512,0,0,4,none,none,none,0,0,0,0,0,1536,2560,192,1,1.0,False,10,True,True,True,,,success,True,True,,True,100,20000,277.0,278.0,1.0,259.0,5074.0,988713d9fe198376978f4c5261ad95dd85aeb6291760277d0749993deac39328,5.96046448e-08,3.39219163e-07,3,ondemand,,-O3 -mtriple=aarch64-linux-gnu -mcpu=cortex-a76,Pi g++ and LLVM 21 captured by runner,MLIR 21,961f68a79dc9a64088854838d5dd2c069d51b7842485c13c48375f6e4971f203,12339a6805e67cd9b59d3d24d95aa925490d2252046a075855d49d1f43ea131e,64690,48475,,,,,,,186.83903804048896,,5.6240175061873385
matmul_bias_relu_latency_row_v1,06a7b5b55d66dfe4da6d01adf7982ab662c8a8e2,raspberry-pi5-cortex-a76,cortex-a76,"+neon,+fp-armv8",f32,matmul_bias_relu,m8_n8_k4_f32,whole_shape_vector_no_padding,whole_shape_vector_no_padding,heldout,8,8,4,64,4,640,512,256,0.8333333333333334,True,True,True,0,0,512,whole_shape_vector,False,True,True,False,0,0,0,4,0,none,8,8,4,0,640,1.0,0,0,0,0,0,4,none,none,none,0,0,0,0,0,1024,1536,128,1,1.0,False,10,True,True,True,,,success,True,True,,True,100,20000,74.0,93.0,0.0,74.0,111.0,7c020b6495e6cd67dd4efff6a6ce03a73e9661f35f3a7350650ac5d4a112471d,5.96046448e-08,3.39219163e-07,3,ondemand,,-O3 -mtriple=aarch64-linux-gnu -mcpu=cortex-a76,Pi g++ and LLVM 21 captured by runner,MLIR 21,7eeb9ffb16b87332bf8bb53c7946cef9816c0ae703e91409ed45275aba47d2c8,20a9b5b678ba9d4799252e93a34f64f0000897eddf67f577650fcd399ae34bf1,40244,32517,,,,,,,159.79743213392794,,4.30406509320417
matmul_bias_relu_latency_row_v1,06a7b5b55d66dfe4da6d01adf7982ab662c8a8e2,raspberry-pi5-cortex-a76,cortex-a76,"+neon,+fp-armv8",f32,matmul_bias_relu,m8_n8_k5_f32,fused_scalar,scalar_baseline,heldout,8,8,5,64,5,768,576,256,0.9230769230769231,True,True,True,0,0,512,scalar,True,False,False,False,0,0,0,1,0,none,8,8,5,0,768,1.0,0,0,0,0,0,5,none,none,none,0,0,0,0,0,512,512,64,1,1.0,False,8,True,True,True,,,success,True,True,,True,100,20000,1537.0,1556.0,0.0,1537.0,28907.0,3971d7251c83b2987f4883cb2367f13ad4c3d892dcf95fb6b8e9233706a84531,5.96046448e-08,1.07001997e-06,3,ondemand,,-O3 -mtriple=aarch64-linux-gnu -mcpu=cortex-a76,Pi g++ and LLVM 21 captured by runner,MLIR 21,48f34c2d80ead2ede0055d2738d7bb25a7306fa4e97084cdd87ecd3c90d1b375,d85122e47b6efddfe567811e660d2c85a1b3d98397d44d14753c4f0f2028849f,16394,11486,,,,,,,147.99393992871046,,7.337587743538596
matmul_bias_relu_latency_row_v1,06a7b5b55d66dfe4da6d01adf7982ab662c8a8e2,raspberry-pi5-cortex-a76,cortex-a76,"+neon,+fp-armv8",f32,matmul_bias_relu,m8_n8_k5_f32,tiled_vector_direct_k,tiled_vector_direct_cleanup,heldout,8,8,5,64,5,768,576,256,0.9230769230769231,True,True,True,0,0,512,tiled_vector,False,True,False,True,8,8,8,4,0,none,8,8,5,0,768,1.0,0,0,0,0,0,5,none,none,direct_vector_cleanup,0,0,1,640,0,1152,1792,144,1,1.0,False,10,True,True,True,,,success,True,True,,True,100,20000,333.0,352.0,0.0,314.0,36092.0,04ce06b2ac775e108e1be2b394a4ba0c2f586504349b4cf71e7f690dadb82ede,0,0,3,ondemand,,-O3 -mtriple=aarch64-linux-gnu -mcpu=cortex-a76,Pi g++ and LLVM 21 captured by runner,MLIR 21,993168fe4f3864c360d4ffc6ab753d064fa4e693e1a2cdb87fd3125e6980fe92,547ea90a62de967d91eb8598fa9119c56809b8ad1350fdf71a27b69ed69fe929,26554,16607,,,,,,,162.35939715988934,,5.808142489980444
matmul_bias_relu_latency_row_v1,06a7b5b55d66dfe4da6d01adf7982ab662c8a8e2,raspberry-pi5-cortex-a76,cortex-a76,"+neon,+fp-armv8",f32,matmul_bias_relu,m8_n8_k5_f32,tiled_vector_materialized_tail,tiled_vector_materialized_tail,heldout,8,8,5,64,5,768,576,256,0.9230769230769231,True,True,True,0,0,512,tiled_vector,False,True,False,True,8,8,8,4,0,tile_materialized,8,8,5,0,768,1.0,768,768,512,0,0,5,none,none,none,0,0,1,0,0,1152,1792,144,1,1.0,False,10,True,True,True,,,success,True,True,,True,100,20000,241.0,260.0,1.0,240.0,3982.0000000000005,a203827193c04cdd57884e1a004ccfa91509ff86b30e83bfa3f3d2f1f444f21c,0,0,3,ondemand,,-O3 -mtriple=aarch64-linux-gnu -mcpu=cortex-a76,Pi g++ and LLVM 21 captured by runner,MLIR 21,c6d6b4e95fbf1a35682a44eee4b6fbda8a8bf32458a31cc3b47f1b58173ca585,da30c9b011d8fda60ec048b5c00d411050bbce58979062eac2d4ec235a684eda,80818,46449,,,,,,,240.48733990639448,,5.484796933490655
matmul_bias_relu_latency_row_v1,06a7b5b55d66dfe4da6d01adf7982ab662c8a8e2,raspberry-pi5-cortex-a76,cortex-a76,"+neon,+fp-armv8",f32,matmul_bias_relu,m8_n8_k5_f32,whole_shape_vector_materialized_padding,whole_shape_vector_materialized_padding,heldout,8,8,5,64,5,768,576,256,0.9230769230769231,True,True,True,0,0,512,whole_shape_vector,False,True,True,False,0,0,0,4,0,whole_shape_materialized,8,8,8,48,1152,1.5,768,768,576,0,0,5,none,none,none,0,0,0,0,0,1536,2560,192,1,1.0,False,10,True,True,True,,,success,True,True,,True,100,20000,278.0,296.0,0.0,259.0,13185.0,e22e89b42cd6ee34a090254ed8bb69b65910eb46d293b8f2b346aee1f29217b5,5.96046448e-08,0.000388716126,3,ondemand,,-O3 -mtriple=aarch64-linux-gnu -mcpu=cortex-a76,Pi g++ and LLVM 21 captured by runner,MLIR 21,b109f2b74880149936b30bafe552983d199ffe329055f1ff79479d2ff0c48563,1378e2c31ac55caea2e492bda6f297217072652f2460af72f249ac0b941e1f47,64690,48475,,,,,,,214.37370008789003,,5.627621113690637
matmul_bias_relu_latency_row_v1,06a7b5b55d66dfe4da6d01adf7982ab662c8a8e2,raspberry-pi5-cortex-a76,cortex-a76,"+neon,+fp-armv8",f32,matmul_bias_relu,m8_n8_k5_f32,whole_shape_vector_no_padding,whole_shape_vector_no_padding,heldout,8,8,5,64,5,768,576,256,0.9230769230769231,True,True,True,0,0,512,whole_shape_vector,False,True,True,False,0,0,0,4,0,none,8,8,5,0,768,1.0,0,0,0,0,0,5,none,none,none,0,0,0,0,0,1152,1792,144,1,1.0,False,10,True,True,True,,,success,True,True,,True,100,20000,92.0,93.0,1.0,74.0,130.0,1fa9f146ffc3fb515bd59b2ca840b5c9b453c49588802ff61645385fa6cb4dc1,5.96046448e-08,0.000388716126,3,ondemand,,-O3 -mtriple=aarch64-linux-gnu -mcpu=cortex-a76,Pi g++ and LLVM 21 captured by runner,MLIR 21,25bd64e0ce20cf59d26c2a3d4baeb7f6350e4ac13252e5855fe46de5f1ecdbe0,d7022cc490e42e5a399caf76cfce94def12da5c9f8265cde70ad2597146a92b1,44031,35022,,,,,,,175.80697312951088,,4.5217885770490405
matmul_bias_relu_latency_row_v1,06a7b5b55d66dfe4da6d01adf7982ab662c8a8e2,raspberry-pi5-cortex-a76,cortex-a76,"+neon,+fp-armv8",f32,matmul_bias_relu,m8_n8_k64_f32,fused_scalar,scalar_baseline,train,8,8,64,64,64,8320,4352,256,1.8055555555555556,True,True,True,0,0,512,scalar,True,False,False,False,0,0,0,1,0,none,8,8,64,0,8320,1.0,0,0,0,0,0,0,none,none,none,0,0,0,0,0,512,512,64,1,1.0,False,8,True,True,True,,,success,True,True,,True,100,20000,15760.0,15778.0,1.0,15740.0,22444.0,359481621361b286c2917038f3c5e2f627c95f9896dc98a3c178e28e45228044,2.38418579e-07,6.90417012e-05,3,ondemand,,-O3 -mtriple=aarch64-linux-gnu -mcpu=cortex-a76,Pi g++ and LLVM 21 captured by runner,MLIR 21,f0373bcb35e6225a3b880a899290b1dcab24167d9c6675e9bc972947045c7f13,85967d17c682bf34846d545c002afd56eb5fafbb7d62d757b4874ec5a5e20e56,16398,11490,,,,,,,149.92508990690112,,9.66523036341187
matmul_bias_relu_latency_row_v1,06a7b5b55d66dfe4da6d01adf7982ab662c8a8e2,raspberry-pi5-cortex-a76,cortex-a76,"+neon,+fp-armv8",f32,matmul_bias_relu,m8_n8_k64_f32,tiled_vector_full_tiles,tiled_vector_full_tiles,train,8,8,64,64,64,8320,4352,256,1.8055555555555556,True,True,True,0,0,512,tiled_vector,False,True,False,True,8,8,8,4,8,none,8,8,64,0,8320,1.0,0,0,0,0,0,0,none,none,none,0,0,0,0,0,8704,16896,1088,8,1.0,False,10,True,True,True,,,success,True,True,,True,100,20000,352.0,352.0,0.0,333.0,16982.0,a377501e67cd3237b9f3bbfcbecbe153c30e766b7ffbc08cb28bdd0d09d496af,0,0,3,ondemand,,-O3 -mtriple=aarch64-linux-gnu -mcpu=cortex-a76,Pi g++ and LLVM 21 captured by runner,MLIR 21,a34c35614fe6db4ccec2a0f91192dce80f97f386951672cab746695b1426faa3,4e981175e6acf6e8f9fdc7538d68b8e16cf30a7cc86d2457f38102ee3f2213fe,72890,41240,,,,,,,211.67320501990616,,5.863631175598097
matmul_bias_relu_latency_row_v1,06a7b5b55d66dfe4da6d01adf7982ab662c8a8e2,raspberry-pi5-cortex-a76,cortex-a76,"+neon,+fp-armv8",f32,matmul_bias_relu,m8_n8_k6_f32,fused_scalar,scalar_baseline,validation,8,8,6,64,6,896,640,256,1.0,True,True,True,0,0,512,scalar,True,False,False,False,0,0,0,1,0,none,8,8,6,0,896,1.0,0,0,0,0,0,6,none,none,none,0,0,0,0,0,512,512,64,1,1.0,False,8,True,True,True,,,success,True,True,,True,100,20000,1778.0,1797.0,0.0,1777.0,13815.0,8c266e5c5eec4954d15a633c702e1eebbf43ecacc80be951467e3d7555742393,2.98023224e-08,4.06255192e-07,3,ondemand,,-O3 -mtriple=aarch64-linux-gnu -mcpu=cortex-a76,Pi g++ and LLVM 21 captured by runner,MLIR 21,e75e2bd15def3100c8d598f9f7dadf9bcfd21ae15fe495e08202048e5ab0bd2a,96e8554f700bc70ecacc5d5d92fdf795c5697aaf8ffb63d16cdd2ec057d5f2e0,16394,11486,,,,,,,153.01895700395107,,7.48324441607385
matmul_bias_relu_latency_row_v1,06a7b5b55d66dfe4da6d01adf7982ab662c8a8e2,raspberry-pi5-cortex-a76,cortex-a76,"+neon,+fp-armv8",f32,matmul_bias_relu,m8_n8_k6_f32,tiled_vector_direct_k,tiled_vector_direct_cleanup,validation,8,8,6,64,6,896,640,256,1.0,True,True,True,0,0,512,tiled_vector,False,True,False,True,8,8,8,4,0,none,8,8,6,0,896,1.0,0,0,0,0,0,6,none,none,direct_vector_cleanup,0,0,1,768,0,1280,2048,160,1,1.0,False,10,True,True,True,,,success,True,True,,True,100,20000,389.0,408.0,0.0,370.0,14741.0,2f14d752a2f087e1e80ad273a2f58169c4161372f7c4956379990f75dafa5de8,0,0,3,ondemand,,-O3 -mtriple=aarch64-linux-gnu -mcpu=cortex-a76,Pi g++ and LLVM 21 captured by runner,MLIR 21,3255c1af19cadab5071b505e4dbe7e2783ed58290521e20cc99cc9afe7907f51,c0c6208c780d41dad67ffe9c7b3381820f801325db3137e9e84f97b157f4aae0,26554,16607,,,,,,,195.29344514012337,,5.963579343618446
matmul_bias_relu_latency_row_v1,06a7b5b55d66dfe4da6d01adf7982ab662c8a8e2,raspberry-pi5-cortex-a76,cortex-a76,"+neon,+fp-armv8",f32,matmul_bias_relu,m8_n8_k6_f32,tiled_vector_materialized_tail,tiled_vector_materialized_tail,validation,8,8,6,64,6,896,640,256,1.0,True,True,True,0,0,512,tiled_vector,False,True,False,True,8,8,8,4,0,tile_materialized,8,8,6,0,896,1.0,768,768,512,0,0,6,none,none,none,0,0,1,0,0,1280,2048,160,1,1.0,False,10,True,True,True,,,success,True,True,,True,100,20000,259.0,260.0,1.0,240.0,7167.0,33c4367bb59a38a116f5148180599abb4fd3568203d0219f1d795ccb770087d2,0,0,3,ondemand,,-O3 -mtriple=aarch64-linux-gnu -mcpu=cortex-a76,Pi g++ and LLVM 21 captured by runner,MLIR 21,7595344da4a14ac649940c256b3b400bbc514cf64ea8527adc36e298028d75e9,7b3e1623500d394bac5b6b6cc3dd5285c949e079549b30dbfb5ac558ba32c9a0,80818,46449,,,,,,,249.13544999435544,,5.556828061699537
matmul_bias_relu_latency_row_v1,06a7b5b55d66dfe4da6d01adf7982ab662c8a8e2,raspberry-pi5-cortex-a76,cortex-a76,"+neon,+fp-armv8",f32,matmul_bias_relu,m8_n8_k6_f32,whole_shape_vector_materialized_padding,whole_shape_vector_materialized_padding,validation,8,8,6,64,6,896,640,256,1.0,True,True,True,0,0,512,whole_shape_vector,False,True,True,False,0,0,0,4,0,whole_shape_materialized,8,8,8,32,1152,1.2857142857142858,768,768,640,0,0,6,none,none,none,0,0,0,0,0,1536,2560,192,1,1.0,False,10,True,True,True,,,success,True,True,,True,100,20000,278.0,297.0,0.0,277.0,5297.0,dfdaa42143fb67e04859266379d18f4b0c9220b777143ef71cf122ca6fc26287,5.96046448e-08,3.93750084e-07,3,ondemand,,-O3 -mtriple=aarch64-linux-gnu -mcpu=cortex-a76,Pi g++ and LLVM 21 captured by runner,MLIR 21,3e8fd032871b42ee88126bd50f050cb263db38805781627b5c7a81f479d55a3c,0e8d470c9b17baabb6612da27de2c3ff7d5341b5b5b957755eff6ef2d96ff70c,64690,48475,,,,,,,183.91591287218034,,5.627621113690637
matmul_bias_relu_latency_row_v1,06a7b5b55d66dfe4da6d01adf7982ab662c8a8e2,raspberry-pi5-cortex-a76,cortex-a76,"+neon,+fp-armv8",f32,matmul_bias_relu,m8_n8_k6_f32,whole_shape_vector_no_padding,whole_shape_vector_no_padding,validation,8,8,6,64,6,896,640,256,1.0,True,True,True,0,0,512,whole_shape_vector,False,True,True,False,0,0,0,4,0,none,8,8,6,0,896,1.0,0,0,0,0,0,6,none,none,none,0,0,0,0,0,1280,2048,160,1,1.0,False,10,True,True,True,,,success,True,True,,True,100,20000,93.0,93.0,0.0,74.0,130.0,4b77acc07f56734b45ea6fb51a9f2b49c48df91e93a6995036d1c43954b37c53,5.96046448e-08,3.93750084e-07,3,ondemand,,-O3 -mtriple=aarch64-linux-gnu -mcpu=cortex-a76,Pi g++ and LLVM 21 captured by runner,MLIR 21,bf02b1bd6dbcf2739135b93bfc6245c1a405cfdf968f0b3aadaa71308d62b126,e521f6446895b573d58c0f92ddd7392952c14be239b98a27fecaa147c83d6ee9,47818,37525,,,,,,,169.22491509467363,,4.532599493153256
matmul_bias_relu_latency_row_v1,06a7b5b55d66dfe4da6d01adf7982ab662c8a8e2,raspberry-pi5-cortex-a76,cortex-a76,"+neon,+fp-armv8",f32,matmul_bias_relu,m8_n8_k7_f32,fused_scalar,scalar_baseline,train,8,8,7,64,7,1024,704,256,1.0666666666666667,True,True,True,0,0,512,scalar,True,False,False,False,0,0,0,1,0,none,8,8,7,0,1024,1.0,0,0,0,0,0,7,none,none,none,0,0,0,0,0,512,512,64,1,1.0,False,8,True,True,True,,,success,True,True,,True,100,20000,2019.0,2037.0000000000002,1.0,2017.9999999999998,14722.0,f69d14d60a9f193b1098a7f6a5b70eee7e94e61c4187efbca4057b11a25b8a74,5.96046448e-08,2.47080741e-06,3,ondemand,,-O3 -mtriple=aarch64-linux-gnu -mcpu=cortex-a76,Pi g++ and LLVM 21 captured by runner,MLIR 21,916bfb5a0f89f6ba65ef0ccf8775848e9538453a08389c84476a2033610cc226,d3e7b1a4324740e479a26302121eabd981e92cfe37c5d78333b4300ae15d5407,16394,11486,,,,,,,176.28060816787183,,7.610357618312838
matmul_bias_relu_latency_row_v1,06a7b5b55d66dfe4da6d01adf7982ab662c8a8e2,raspberry-pi5-cortex-a76,cortex-a76,"+neon,+fp-armv8",f32,matmul_bias_relu,m8_n8_k7_f32,tiled_vector_direct_k,tiled_vector_direct_cleanup,train,8,8,7,64,7,1024,704,256,1.0666666666666667,True,True,True,0,0,512,tiled_vector,False,True,False,True,8,8,8,4,0,none,8,8,7,0,1024,1.0,0,0,0,0,0,7,none,none,direct_vector_cleanup,0,0,1,896,0,1408,2304,176,1,1.0,False,10,True,True,True,,,success,True,True,,True,100,20000,445.0,463.0,1.0,425.0,6018.0,ed6c33ec882e4fcdce31e7c2db1b76329b98bef246d4cb650dbb415624b74251,0,0,3,ondemand,,-O3 -mtriple=aarch64-linux-gnu -mcpu=cortex-a76,Pi g++ and LLVM 21 captured by runner,MLIR 21,e6e1c0cbf63ab26f80dcdd0377417a70eafdf02c4aaa34c0bd52457af02f3ec5,a270a3aeb7b91325409ac9581eec9981ee33d29af9d22dd4cdc15736030f08e0,26554,16607,,,,,,,176.55481095425785,,6.09807428216624
matmul_bias_relu_latency_row_v1,06a7b5b55d66dfe4da6d01adf7982ab662c8a8e2,raspberry-pi5-cortex-a76,cortex-a76,"+neon,+fp-armv8",f32,matmul_bias_relu,m8_n8_k7_f32,tiled_vector_materialized_tail,tiled_vector_materialized_tail,train,8,8,7,64,7,1024,704,256,1.0666666666666667,True,True,True,0,0,512,tiled_vector,False,True,False,True,8,8,8,4,0,tile_materialized,8,8,7,0,1024,1.0,768,768,512,0,0,7,none,none,none,0,0,1,0,0,1408,2304,176,1,1.0,False,10,True,True,True,,,success,True,True,,True,100,20000,259.0,260.0,1.0,240.0,13445.0,b403c6e1c77c20abae4c6778357a460d6a9cb7503de2ed6b54c0ab97c19c680e,0,0,3,ondemand,,-O3 -mtriple=aarch64-linux-gnu -mcpu=cortex-a76,Pi g++ and LLVM 21 captured by runner,MLIR 21,b58197fe4f543559695b1edbe81aa79ef86d15bb7a6de585bcaf6e42a579a662,5f12a734dc616d40c12b0727eae44e88c91112317c8435210547fac5f52fadb7,80818,46449,,,,,,,213.6924178339541,,5.556828061699537
matmul_bias_relu_latency_row_v1,06a7b5b55d66dfe4da6d01adf7982ab662c8a8e2,raspberry-pi5-cortex-a76,cortex-a76,"+neon,+fp-armv8",f32,matmul_bias_relu,m8_n8_k7_f32,whole_shape_vector_materialized_padding,whole_shape_vector_materialized_padding,train,8,8,7,64,7,1024,704,256,1.0666666666666667,True,True,True,0,0,512,whole_shape_vector,False,True,True,False,0,0,0,4,0,whole_shape_materialized,8,8,8,16,1152,1.125,768,768,704,0,0,7,none,none,none,0,0,0,0,0,1536,2560,192,1,1.0,False,10,True,True,True,,,success,True,True,,True,100,20000,278.0,297.0,0.0,277.0,370.0,61b0d5a1265a8127838adac439d87d9c8e31b43907b12e979958c0b91274d2a8,5.96046448e-08,6.94914584e-07,3,ondemand,,-O3 -mtriple=aarch64-linux-gnu -mcpu=cortex-a76,Pi g++ and LLVM 21 captured by runner,MLIR 21,adb9659642d340c9f1a6559523122174f735c88e907c408a5caafd03fe6397b2,a5803dd430d813891536789f9306f3f879738167091ef80c78b44464713ed8fa,64690,48475,,,,,,,182.18220211565495,,5.627621113690637
matmul_bias_relu_latency_row_v1,06a7b5b55d66dfe4da6d01adf7982ab662c8a8e2,raspberry-pi5-cortex-a76,cortex-a76,"+neon,+fp-armv8",f32,matmul_bias_relu,m8_n8_k7_f32,whole_shape_vector_no_padding,whole_shape_vector_no_padding,train,8,8,7,64,7,1024,704,256,1.0666666666666667,True,True,True,0,0,512,whole_shape_vector,False,True,True,False,0,0,0,4,0,none,8,8,7,0,1024,1.0,0,0,0,0,0,7,none,none,none,0,0,0,0,0,1408,2304,176,1,1.0,False,10,True,True,True,,,success,True,True,,True,100,20000,93.0,111.0,1.0,92.0,14593.0,c7a371bea2f692645cf0fdae56e3146b59d0ecddcd021942a4ad8f94a796dabf,5.96046448e-08,6.94914584e-07,3,ondemand,,-O3 -mtriple=aarch64-linux-gnu -mcpu=cortex-a76,Pi g++ and LLVM 21 captured by runner,MLIR 21,d873f3c65ee124df040b1c4a792c583cf9ef3738eebb2abdafaac6a86db281b0,9e4f739235e8828823a3b25bc6f04fc56e18a41613373c163846f8ae6c3c16dc,51605,40028,,,,,,,211.73095609992743,,4.532599493153256
matmul_bias_relu_latency_row_v1,06a7b5b55d66dfe4da6d01adf7982ab662c8a8e2,raspberry-pi5-cortex-a76,cortex-a76,"+neon,+fp-armv8",f32,matmul_bias_relu,m8_n8_k8_f32,fused_scalar,scalar_baseline,validation,8,8,8,64,8,1152,768,256,1.125,True,True,True,0,0,512,scalar,True,False,False,False,0,0,0,1,0,none,8,8,8,0,1152,1.0,0,0,0,0,0,0,none,none,none,0,0,0,0,0,512,512,64,1,1.0,False,8,True,True,True,,,success,True,True,,True,100,20000,2277.0,2278.0,1.0,2259.0,13389.0,bbb3b85a69ea1f036e93d60946c82d72e87ca33087c90a091b38c599d656f100,5.96046448e-08,2.04333463e-07,3,ondemand,,-O3 -mtriple=aarch64-linux-gnu -mcpu=cortex-a76,Pi g++ and LLVM 21 captured by runner,MLIR 21,98d21b7b6bf8dc43376a189e6634397d4b7ddfd35d2e723f293944c5898332f2,03014ec0aa46e1fef75ac1fd6fa535f46e0abd2b6bd324fef3d9811ac9904a58,16346,11486,,,,,,,151.50615200400352,,7.7306140660637395
matmul_bias_relu_latency_row_v1,06a7b5b55d66dfe4da6d01adf7982ab662c8a8e2,raspberry-pi5-cortex-a76,cortex-a76,"+neon,+fp-armv8",f32,matmul_bias_relu,m8_n8_k8_f32,tiled_vector_full_tiles,tiled_vector_full_tiles,validation,8,8,8,64,8,1152,768,256,1.125,True,True,True,0,0,512,tiled_vector,False,True,False,True,8,8,8,4,1,none,8,8,8,0,1152,1.0,0,0,0,0,0,0,none,none,none,0,0,0,0,0,1536,2560,192,1,1.0,False,10,True,True,True,,,success,True,True,,True,100,20000,92.0,93.0,1.0,74.0,2555.0,53b4528c4cb79256b5ee0f7af867529e56053462261c9699321294f6a7d29e22,1.1920929e-07,1.55130047e-06,3,ondemand,,-O3 -mtriple=aarch64-linux-gnu -mcpu=cortex-a76,Pi g++ and LLVM 21 captured by runner,MLIR 21,9affaf8e73bacad71e9fa24c8826970545e52df4e34d2d87f3fd56c2b8373ae6,10b873fa81a4e912aa13f989344159f55629d5f74ecaf7e5eb97ff809827213a,53609,31805,,,,,,,215.3819869272411,,4.5217885770490405
matmul_bias_relu_latency_row_v1,06a7b5b55d66dfe4da6d01adf7982ab662c8a8e2,raspberry-pi5-cortex-a76,cortex-a76,"+neon,+fp-armv8",f32,matmul_bias_relu,m8_n8_k8_f32,whole_shape_vector_no_padding,whole_shape_vector_no_padding,validation,8,8,8,64,8,1152,768,256,1.125,True,True,True,0,0,512,whole_shape_vector,False,True,True,False,0,0,0,4,0,none,8,8,8,0,1152,1.0,0,0,0,0,0,0,none,none,none,0,0,0,0,0,1536,2560,192,1,1.0,False,10,True,True,True,,,success,True,True,,True,100,20000,111.0,112.0,0.0,92.0,16389.0,066d1d0d70e93ec6a87059fd04264f4b4da243bf829e260931886295fe1cf584,1.1920929e-07,1.55130047e-06,3,ondemand,,-O3 -mtriple=aarch64-linux-gnu -mcpu=cortex-a76,Pi g++ and LLVM 21 captured by runner,MLIR 21,08f79108dea27194ab7791d10a9d50294d7e204ce69c050b422f64b5fe9cf363,a38e79176a14300a69deb6fbc42452d5db1926c0254acdbbbf3b24dc3926b648,55393,42531,,,,,,,184.14944992400706,,4.709530201312334
matmul_bias_relu_latency_row_v1,06a7b5b55d66dfe4da6d01adf7982ab662c8a8e2,raspberry-pi5-cortex-a76,cortex-a76,"+neon,+fp-armv8",f32,matmul_bias_relu,m8_n8_k9_f32,fused_scalar,scalar_baseline,heldout,8,8,9,64,9,1280,832,256,1.1764705882352942,True,True,True,0,0,512,scalar,True,False,False,False,0,0,0,1,0,none,8,8,9,0,1280,1.0,0,0,0,0,0,1,none,none,none,0,0,0,0,0,512,512,64,1,1.0,False,8,True,True,True,,,success,True,True,,True,100,20000,2500.0,2519.0,0.0,2499.0,11000.0,bad134b1a9cb190d70ace97e89cbf24c56272617f34c85d1c09a8f66efb7e83b,5.96046448e-08,5.12319228e-07,3,ondemand,,-O3 -mtriple=aarch64-linux-gnu -mcpu=cortex-a76,Pi g++ and LLVM 21 captured by runner,MLIR 21,a88d2bb098802f4f065d0f17f45efb8893b86ab4bcbf191cf056cfa9f268e7a4,db2a0fe8db3efd696416bf741f9ea84f52bdc7e032ea42df8eafa9b5866c8c07,16394,11486,,,,,,,156.56337793916464,,7.824046010856292
matmul_bias_relu_latency_row_v1,06a7b5b55d66dfe4da6d01adf7982ab662c8a8e2,raspberry-pi5-cortex-a76,cortex-a76,"+neon,+fp-armv8",f32,matmul_bias_relu,m8_n8_k9_f32,tiled_vector_direct_k,tiled_vector_direct_cleanup,heldout,8,8,9,64,9,1280,832,256,1.1764705882352942,True,True,True,0,0,512,tiled_vector,False,True,False,True,8,8,8,4,1,none,8,8,9,0,1280,1.0,0,0,0,0,0,1,none,none,direct_vector_cleanup,0,0,1,128,0,1664,2816,208,2,1.0,False,10,True,True,True,,,success,True,True,,True,100,20000,130.0,148.0,1.0,129.0,2037.0000000000002,a0ba6f1561c0c862fd823355059259db7a8f113cef295610e88b241e9b1da638,0,0,3,ondemand,,-O3 -mtriple=aarch64-linux-gnu -mcpu=cortex-a76,Pi g++ and LLVM 21 captured by runner,MLIR 21,eb09ee9a3dd57bda86a6074251ad1ceeae507b31ae4d47350941efc53bab29fd,14c78fe259bb05472bd09f205313345954696965cee21db034e1b845202d9fdd,61168,37274,,,,,,,188.888130011037,,4.867534450455582
matmul_bias_relu_latency_row_v1,06a7b5b55d66dfe4da6d01adf7982ab662c8a8e2,raspberry-pi5-cortex-a76,cortex-a76,"+neon,+fp-armv8",f32,matmul_bias_relu,m8_n8_k9_f32,tiled_vector_materialized_tail,tiled_vector_materialized_tail,heldout,8,8,9,64,9,1280,832,256,1.1764705882352942,True,True,True,0,0,512,tiled_vector,False,True,False,True,8,8,8,4,1,tile_materialized,8,8,9,0,1280,1.0,768,768,512,0,0,1,none,none,none,0,0,1,0,0,1664,2816,208,2,1.0,False,10,True,True,True,,,success,True,True,,True,100,20000,426.0,445.0,0.0,425.0,16704.0,188bc199016f04efbf4007b84a357aee6f258e71698828e14cee66cc93f65cb9,0,0,3,ondemand,,-O3 -mtriple=aarch64-linux-gnu -mcpu=cortex-a76,Pi g++ and LLVM 21 captured by runner,MLIR 21,e0bad190bd8cb249ba32f133c590829ac9e96ab508f2cbea21a59bec120246a7,04b421075cb9f85d3dd9eec7cdcf8023a8db353ee98fa7e339aa74e703acb088,86846,49393,,,,,,,237.56741895340383,,6.054439346269371
matmul_bias_relu_latency_row_v1,06a7b5b55d66dfe4da6d01adf7982ab662c8a8e2,raspberry-pi5-cortex-a76,cortex-a76,"+neon,+fp-armv8",f32,matmul_bias_relu,m8_n8_k9_f32,whole_shape_vector_materialized_padding,whole_shape_vector_materialized_padding,heldout,8,8,9,64,9,1280,832,256,1.1764705882352942,True,True,True,0,0,512,whole_shape_vector,False,True,True,False,0,0,0,4,0,whole_shape_materialized,8,8,16,112,2176,1.7,1280,1280,832,0,0,1,none,none,none,0,0,0,0,0,2560,4608,320,1,1.0,False,10,True,True,True,,,success,True,True,,True,100,20000,408.0,426.0,1.0,388.0,14241.0,4329c2d8d6cce9f895d5f569ab6889966edfd92698987b2bf0730115cb8ddcf6,7.4505806e-08,7.57908778e-06,3,ondemand,,-O3 -mtriple=aarch64-linux-gnu -mcpu=cortex-a76,Pi g++ and LLVM 21 captured by runner,MLIR 21,31dfd5848881dc6885e655713e55200ae9dcaab2c367de4bad54cfbe0cdcc611,2c8797b95e5126dbc7842a409becbc9f8f52a939e7c834a484f6950b7a4f7a7e,95925,68862,,,,,,,215.33915610052645,,6.0112671744041615
matmul_bias_relu_latency_row_v1,06a7b5b55d66dfe4da6d01adf7982ab662c8a8e2,raspberry-pi5-cortex-a76,cortex-a76,"+neon,+fp-armv8",f32,matmul_bias_relu,m8_n8_k9_f32,whole_shape_vector_no_padding,whole_shape_vector_no_padding,heldout,8,8,9,64,9,1280,832,256,1.1764705882352942,True,True,True,0,0,512,whole_shape_vector,False,True,True,False,0,0,0,4,0,none,8,8,9,0,1280,1.0,0,0,0,0,0,1,none,none,none,0,0,0,0,0,1664,2816,208,1,1.0,False,10,True,True,True,,,success,True,True,,True,100,20000,111.0,112.0,0.0,92.0,12241.0,d4ed54a9133fd9f87a9fcecfc0c761ee191c372063a3d2f5ad1e78a579da1ec4,7.4505806e-08,7.57908778e-06,3,ondemand,,-O3 -mtriple=aarch64-linux-gnu -mcpu=cortex-a76,Pi g++ and LLVM 21 captured by runner,MLIR 21,be9dd0a4400e8fdd9f76fe48edaacbdcb5caebcd30357ef001f65645d06177eb,c6620141c6127bc3bfc8f4849f4688c575b3f0947e9c47a6b8e2c0601ce11bdf,59180,45034,,,,,,,181.17365683428943,,4.709530201312334
matmul_bias_relu_latency_row_v1,06a7b5b55d66dfe4da6d01adf7982ab662c8a8e2,raspberry-pi5-cortex-a76,cortex-a76,"+neon,+fp-armv8",f32,matmul_bias_relu,m9_n9_k9_f32,fused_scalar,scalar_baseline,heldout,9,9,9,81,9,1620,972,324,1.25,True,True,True,0,0,648,scalar,True,False,False,False,0,0,0,1,0,none,9,9,9,0,1620,1.0,0,0,0,1,1,1,none,none,none,0,0,0,0,0,512,512,64,1,1.265625,False,8,True,True,True,,,success,True,True,,True,100,20000,3148.0,3167.0,0.0,3148.0,18037.0,0a95bc646df7a80d32ea9cad374ebf27ae30f8ccf451216cad842614fa501e51,5.96046448e-08,2.33316581e-06,3,ondemand,,-O3 -mtriple=aarch64-linux-gnu -mcpu=cortex-a76,Pi g++ and LLVM 21 captured by runner,MLIR 21,e2d876fa32d994612653e704f0c06e16f8256abffe72d920ee4e759209353b12,84be6f83de5e0abbb93b2369e3aa14dc2d9e352d0ad6518750147c38a5268cf6,16346,11486,,,,,,,178.00735216587782,,8.054522609537294
matmul_bias_relu_latency_row_v1,06a7b5b55d66dfe4da6d01adf7982ab662c8a8e2,raspberry-pi5-cortex-a76,cortex-a76,"+neon,+fp-armv8",f32,matmul_bias_relu,m9_n9_k9_f32,tiled_vector_materialized_tail,tiled_vector_materialized_tail,heldout,9,9,9,81,9,1620,972,324,1.25,True,True,True,0,0,648,tiled_vector,False,True,False,True,8,8,8,4,1,tile_materialized,9,9,9,0,1620,1.0,768,9216,6144,1,1,1,none,none,none,4,4,4,0,0,1970,3428,246,8,1.0,False,10,True,True,True,,,success,True,True,,True,100,20000,3296.0,3315.0,1.0,3259.0,19167.0,22eb86eb04f4d688ff632699c86f3e3c872e923731a7d63b232f34e194251923,0,0,3,ondemand,,-O3 -mtriple=aarch64-linux-gnu -mcpu=cortex-a76,Pi g++ and LLVM 21 captured by runner,MLIR 21,2e42730a14972f45652f7465e90b035252a9a756b2b6656e313de926394a4b9e,655b21b95b68ff0fcebd1c3dd647528e1d9422d4de5dd87fbc7f972379919dc5,114062,66617,,,,,,,323.72749992646277,,8.100464891029363
matmul_bias_relu_latency_row_v1,06a7b5b55d66dfe4da6d01adf7982ab662c8a8e2,raspberry-pi5-cortex-a76,cortex-a76,"+neon,+fp-armv8",f32,matmul_bias_relu,m9_n9_k9_f32,whole_shape_vector_no_padding,whole_shape_vector_no_padding,heldout,9,9,9,81,9,1620,972,324,1.25,True,True,True,0,0,648,whole_shape_vector,False,True,True,False,0,0,0,4,0,none,9,9,9,0,1620,1.0,0,0,0,1,1,1,none,none,none,0,0,0,0,0,1970,3428,246,1,1.265625,False,10,True,True,True,,,success,True,True,,True,100,20000,185.0,186.0,0.0,166.0,241.0,4e43ad35cd2e6feda681ff6b797277a43d24de162fb2680c45249575c43d54f9,1.1920929e-07,9.68377108e-07,3,ondemand,,-O3 -mtriple=aarch64-linux-gnu -mcpu=cortex-a76,Pi g++ and LLVM 21 captured by runner,MLIR 21,31f58858af50633f6a3951d9eaa03b6d39f98609517d0ca49ec257db56962efc,6a14b7b1145a9981aabf58eba1fe0591ed781d48c1c86b031e57774828adbfc0,66121,51979,,,,,,,220.44404898770154,,5.220355825078324
