shape_group_id,candidate_id,candidate_kind,status
m1_n1_k1_f32,fused_scalar,scalar_baseline,measured
m1_n1_k1_f32,whole_shape_vector_no_padding,whole_shape_vector_no_padding,compile_failed
m1_n1_k1_f32,whole_shape_vector_materialized_padding,whole_shape_vector_materialized_padding,measured
m1_n1_k1_f32,tiled_vector_full_tiles,tiled_vector_full_tiles,illegal
m1_n1_k1_f32,tiled_vector_materialized_tail,tiled_vector_materialized_tail,measured
m1_n1_k1_f32,tiled_vector_direct_k,tiled_vector_direct_cleanup,illegal
m1_n1_k1_f32,tiled_vector_direct_scalar,tiled_vector_direct_cleanup,lowering_incomplete
m1_n1_k1_f32,tiled_vector_specialized_tail,tiled_vector_specialized_tail,lowering_incomplete
m1_n1_k1_f32,tiled_vector_masked_transfer,tiled_vector_direct_cleanup,lowering_incomplete
m1_n1_k1_f32,unfused_vector,unfused_vector,lowering_incomplete
m2_n2_k2_f32,fused_scalar,scalar_baseline,measured
m2_n2_k2_f32,whole_shape_vector_no_padding,whole_shape_vector_no_padding,measured
m2_n2_k2_f32,whole_shape_vector_materialized_padding,whole_shape_vector_materialized_padding,measured
m2_n2_k2_f32,tiled_vector_full_tiles,tiled_vector_full_tiles,illegal
m2_n2_k2_f32,tiled_vector_materialized_tail,tiled_vector_materialized_tail,measured
m2_n2_k2_f32,tiled_vector_direct_k,tiled_vector_direct_cleanup,illegal
m2_n2_k2_f32,tiled_vector_direct_scalar,tiled_vector_direct_cleanup,lowering_incomplete
m2_n2_k2_f32,tiled_vector_specialized_tail,tiled_vector_specialized_tail,lowering_incomplete
m2_n2_k2_f32,tiled_vector_masked_transfer,tiled_vector_direct_cleanup,lowering_incomplete
m2_n2_k2_f32,unfused_vector,unfused_vector,lowering_incomplete
m3_n7_k5_f32,fused_scalar,scalar_baseline,measured
m3_n7_k5_f32,whole_shape_vector_no_padding,whole_shape_vector_no_padding,measured
m3_n7_k5_f32,whole_shape_vector_materialized_padding,whole_shape_vector_materialized_padding,measured
m3_n7_k5_f32,tiled_vector_full_tiles,tiled_vector_full_tiles,illegal
m3_n7_k5_f32,tiled_vector_materialized_tail,tiled_vector_materialized_tail,measured
m3_n7_k5_f32,tiled_vector_direct_k,tiled_vector_direct_cleanup,illegal
m3_n7_k5_f32,tiled_vector_direct_scalar,tiled_vector_direct_cleanup,lowering_incomplete
m3_n7_k5_f32,tiled_vector_specialized_tail,tiled_vector_specialized_tail,lowering_incomplete
m3_n7_k5_f32,tiled_vector_masked_transfer,tiled_vector_direct_cleanup,lowering_incomplete
m3_n7_k5_f32,unfused_vector,unfused_vector,lowering_incomplete
m4_n4_k4_f32,fused_scalar,scalar_baseline,measured
m4_n4_k4_f32,whole_shape_vector_no_padding,whole_shape_vector_no_padding,measured
m4_n4_k4_f32,whole_shape_vector_materialized_padding,whole_shape_vector_materialized_padding,measured
m4_n4_k4_f32,tiled_vector_full_tiles,tiled_vector_full_tiles,illegal
m4_n4_k4_f32,tiled_vector_materialized_tail,tiled_vector_materialized_tail,measured
m4_n4_k4_f32,tiled_vector_direct_k,tiled_vector_direct_cleanup,illegal
m4_n4_k4_f32,tiled_vector_direct_scalar,tiled_vector_direct_cleanup,lowering_incomplete
m4_n4_k4_f32,tiled_vector_specialized_tail,tiled_vector_specialized_tail,lowering_incomplete
m4_n4_k4_f32,tiled_vector_masked_transfer,tiled_vector_direct_cleanup,lowering_incomplete
m4_n4_k4_f32,unfused_vector,unfused_vector,lowering_incomplete
m4_n4_k8_f32,fused_scalar,scalar_baseline,measured
m4_n4_k8_f32,whole_shape_vector_no_padding,whole_shape_vector_no_padding,measured
m4_n4_k8_f32,whole_shape_vector_materialized_padding,whole_shape_vector_materialized_padding,measured
m4_n4_k8_f32,tiled_vector_full_tiles,tiled_vector_full_tiles,illegal
m4_n4_k8_f32,tiled_vector_materialized_tail,tiled_vector_materialized_tail,measured
m4_n4_k8_f32,tiled_vector_direct_k,tiled_vector_direct_cleanup,illegal
m4_n4_k8_f32,tiled_vector_direct_scalar,tiled_vector_direct_cleanup,lowering_incomplete
m4_n4_k8_f32,tiled_vector_specialized_tail,tiled_vector_specialized_tail,lowering_incomplete
m4_n4_k8_f32,tiled_vector_masked_transfer,tiled_vector_direct_cleanup,lowering_incomplete
m4_n4_k8_f32,unfused_vector,unfused_vector,lowering_incomplete
m5_n3_k7_f32,fused_scalar,scalar_baseline,measured
m5_n3_k7_f32,whole_shape_vector_no_padding,whole_shape_vector_no_padding,measured
m5_n3_k7_f32,whole_shape_vector_materialized_padding,whole_shape_vector_materialized_padding,measured
m5_n3_k7_f32,tiled_vector_full_tiles,tiled_vector_full_tiles,illegal
m5_n3_k7_f32,tiled_vector_materialized_tail,tiled_vector_materialized_tail,measured
m5_n3_k7_f32,tiled_vector_direct_k,tiled_vector_direct_cleanup,illegal
m5_n3_k7_f32,tiled_vector_direct_scalar,tiled_vector_direct_cleanup,lowering_incomplete
m5_n3_k7_f32,tiled_vector_specialized_tail,tiled_vector_specialized_tail,lowering_incomplete
m5_n3_k7_f32,tiled_vector_masked_transfer,tiled_vector_direct_cleanup,lowering_incomplete
m5_n3_k7_f32,unfused_vector,unfused_vector,lowering_incomplete
m7_n7_k7_f32,fused_scalar,scalar_baseline,measured
m7_n7_k7_f32,whole_shape_vector_no_padding,whole_shape_vector_no_padding,measured
m7_n7_k7_f32,whole_shape_vector_materialized_padding,whole_shape_vector_materialized_padding,measured
m7_n7_k7_f32,tiled_vector_full_tiles,tiled_vector_full_tiles,illegal
m7_n7_k7_f32,tiled_vector_materialized_tail,tiled_vector_materialized_tail,measured
m7_n7_k7_f32,tiled_vector_direct_k,tiled_vector_direct_cleanup,illegal
m7_n7_k7_f32,tiled_vector_direct_scalar,tiled_vector_direct_cleanup,lowering_incomplete
m7_n7_k7_f32,tiled_vector_specialized_tail,tiled_vector_specialized_tail,lowering_incomplete
m7_n7_k7_f32,tiled_vector_masked_transfer,tiled_vector_direct_cleanup,lowering_incomplete
m7_n7_k7_f32,unfused_vector,unfused_vector,lowering_incomplete
m8_n8_k1_f32,fused_scalar,scalar_baseline,measured
m8_n8_k1_f32,whole_shape_vector_no_padding,whole_shape_vector_no_padding,measured
m8_n8_k1_f32,whole_shape_vector_materialized_padding,whole_shape_vector_materialized_padding,measured
m8_n8_k1_f32,tiled_vector_full_tiles,tiled_vector_full_tiles,illegal
m8_n8_k1_f32,tiled_vector_materialized_tail,tiled_vector_materialized_tail,measured
m8_n8_k1_f32,tiled_vector_direct_k,tiled_vector_direct_cleanup,measured
m8_n8_k1_f32,tiled_vector_direct_scalar,tiled_vector_direct_cleanup,lowering_incomplete
m8_n8_k1_f32,tiled_vector_specialized_tail,tiled_vector_specialized_tail,lowering_incomplete
m8_n8_k1_f32,tiled_vector_masked_transfer,tiled_vector_direct_cleanup,lowering_incomplete
m8_n8_k1_f32,unfused_vector,unfused_vector,lowering_incomplete
m8_n8_k2_f32,fused_scalar,scalar_baseline,measured
m8_n8_k2_f32,whole_shape_vector_no_padding,whole_shape_vector_no_padding,measured
m8_n8_k2_f32,whole_shape_vector_materialized_padding,whole_shape_vector_materialized_padding,measured
m8_n8_k2_f32,tiled_vector_full_tiles,tiled_vector_full_tiles,illegal
m8_n8_k2_f32,tiled_vector_materialized_tail,tiled_vector_materialized_tail,measured
m8_n8_k2_f32,tiled_vector_direct_k,tiled_vector_direct_cleanup,measured
m8_n8_k2_f32,tiled_vector_direct_scalar,tiled_vector_direct_cleanup,lowering_incomplete
m8_n8_k2_f32,tiled_vector_specialized_tail,tiled_vector_specialized_tail,lowering_incomplete
m8_n8_k2_f32,tiled_vector_masked_transfer,tiled_vector_direct_cleanup,lowering_incomplete
m8_n8_k2_f32,unfused_vector,unfused_vector,lowering_incomplete
m8_n8_k3_f32,fused_scalar,scalar_baseline,measured
m8_n8_k3_f32,whole_shape_vector_no_padding,whole_shape_vector_no_padding,measured
m8_n8_k3_f32,whole_shape_vector_materialized_padding,whole_shape_vector_materialized_padding,measured
m8_n8_k3_f32,tiled_vector_full_tiles,tiled_vector_full_tiles,illegal
m8_n8_k3_f32,tiled_vector_materialized_tail,tiled_vector_materialized_tail,measured
m8_n8_k3_f32,tiled_vector_direct_k,tiled_vector_direct_cleanup,measured
m8_n8_k3_f32,tiled_vector_direct_scalar,tiled_vector_direct_cleanup,lowering_incomplete
m8_n8_k3_f32,tiled_vector_specialized_tail,tiled_vector_specialized_tail,lowering_incomplete
m8_n8_k3_f32,tiled_vector_masked_transfer,tiled_vector_direct_cleanup,lowering_incomplete
m8_n8_k3_f32,unfused_vector,unfused_vector,lowering_incomplete
m8_n8_k4_f32,fused_scalar,scalar_baseline,measured
m8_n8_k4_f32,whole_shape_vector_no_padding,whole_shape_vector_no_padding,measured
m8_n8_k4_f32,whole_shape_vector_materialized_padding,whole_shape_vector_materialized_padding,measured
m8_n8_k4_f32,tiled_vector_full_tiles,tiled_vector_full_tiles,illegal
m8_n8_k4_f32,tiled_vector_materialized_tail,tiled_vector_materialized_tail,measured
m8_n8_k4_f32,tiled_vector_direct_k,tiled_vector_direct_cleanup,measured
m8_n8_k4_f32,tiled_vector_direct_scalar,tiled_vector_direct_cleanup,lowering_incomplete
m8_n8_k4_f32,tiled_vector_specialized_tail,tiled_vector_specialized_tail,lowering_incomplete
m8_n8_k4_f32,tiled_vector_masked_transfer,tiled_vector_direct_cleanup,lowering_incomplete
m8_n8_k4_f32,unfused_vector,unfused_vector,lowering_incomplete
m8_n8_k5_f32,fused_scalar,scalar_baseline,measured
m8_n8_k5_f32,whole_shape_vector_no_padding,whole_shape_vector_no_padding,measured
m8_n8_k5_f32,whole_shape_vector_materialized_padding,whole_shape_vector_materialized_padding,measured
m8_n8_k5_f32,tiled_vector_full_tiles,tiled_vector_full_tiles,illegal
m8_n8_k5_f32,tiled_vector_materialized_tail,tiled_vector_materialized_tail,measured
m8_n8_k5_f32,tiled_vector_direct_k,tiled_vector_direct_cleanup,measured
m8_n8_k5_f32,tiled_vector_direct_scalar,tiled_vector_direct_cleanup,lowering_incomplete
m8_n8_k5_f32,tiled_vector_specialized_tail,tiled_vector_specialized_tail,lowering_incomplete
m8_n8_k5_f32,tiled_vector_masked_transfer,tiled_vector_direct_cleanup,lowering_incomplete
m8_n8_k5_f32,unfused_vector,unfused_vector,lowering_incomplete
m8_n8_k6_f32,fused_scalar,scalar_baseline,measured
m8_n8_k6_f32,whole_shape_vector_no_padding,whole_shape_vector_no_padding,measured
m8_n8_k6_f32,whole_shape_vector_materialized_padding,whole_shape_vector_materialized_padding,measured
m8_n8_k6_f32,tiled_vector_full_tiles,tiled_vector_full_tiles,illegal
m8_n8_k6_f32,tiled_vector_materialized_tail,tiled_vector_materialized_tail,measured
m8_n8_k6_f32,tiled_vector_direct_k,tiled_vector_direct_cleanup,measured
m8_n8_k6_f32,tiled_vector_direct_scalar,tiled_vector_direct_cleanup,lowering_incomplete
m8_n8_k6_f32,tiled_vector_specialized_tail,tiled_vector_specialized_tail,lowering_incomplete
m8_n8_k6_f32,tiled_vector_masked_transfer,tiled_vector_direct_cleanup,lowering_incomplete
m8_n8_k6_f32,unfused_vector,unfused_vector,lowering_incomplete
m8_n8_k7_f32,fused_scalar,scalar_baseline,measured
m8_n8_k7_f32,whole_shape_vector_no_padding,whole_shape_vector_no_padding,measured
m8_n8_k7_f32,whole_shape_vector_materialized_padding,whole_shape_vector_materialized_padding,measured
m8_n8_k7_f32,tiled_vector_full_tiles,tiled_vector_full_tiles,illegal
m8_n8_k7_f32,tiled_vector_materialized_tail,tiled_vector_materialized_tail,measured
m8_n8_k7_f32,tiled_vector_direct_k,tiled_vector_direct_cleanup,measured
m8_n8_k7_f32,tiled_vector_direct_scalar,tiled_vector_direct_cleanup,lowering_incomplete
m8_n8_k7_f32,tiled_vector_specialized_tail,tiled_vector_specialized_tail,lowering_incomplete
m8_n8_k7_f32,tiled_vector_masked_transfer,tiled_vector_direct_cleanup,lowering_incomplete
m8_n8_k7_f32,unfused_vector,unfused_vector,lowering_incomplete
m8_n8_k8_f32,fused_scalar,scalar_baseline,measured
m8_n8_k8_f32,whole_shape_vector_no_padding,whole_shape_vector_no_padding,measured
m8_n8_k8_f32,whole_shape_vector_materialized_padding,whole_shape_vector_materialized_padding,illegal
m8_n8_k8_f32,tiled_vector_full_tiles,tiled_vector_full_tiles,measured
m8_n8_k8_f32,tiled_vector_materialized_tail,tiled_vector_materialized_tail,illegal
m8_n8_k8_f32,tiled_vector_direct_k,tiled_vector_direct_cleanup,illegal
m8_n8_k8_f32,tiled_vector_direct_scalar,tiled_vector_direct_cleanup,lowering_incomplete
m8_n8_k8_f32,tiled_vector_specialized_tail,tiled_vector_specialized_tail,lowering_incomplete
m8_n8_k8_f32,tiled_vector_masked_transfer,tiled_vector_direct_cleanup,lowering_incomplete
m8_n8_k8_f32,unfused_vector,unfused_vector,lowering_incomplete
m8_n8_k9_f32,fused_scalar,scalar_baseline,measured
m8_n8_k9_f32,whole_shape_vector_no_padding,whole_shape_vector_no_padding,measured
m8_n8_k9_f32,whole_shape_vector_materialized_padding,whole_shape_vector_materialized_padding,measured
m8_n8_k9_f32,tiled_vector_full_tiles,tiled_vector_full_tiles,illegal
m8_n8_k9_f32,tiled_vector_materialized_tail,tiled_vector_materialized_tail,measured
m8_n8_k9_f32,tiled_vector_direct_k,tiled_vector_direct_cleanup,measured
m8_n8_k9_f32,tiled_vector_direct_scalar,tiled_vector_direct_cleanup,lowering_incomplete
m8_n8_k9_f32,tiled_vector_specialized_tail,tiled_vector_specialized_tail,lowering_incomplete
m8_n8_k9_f32,tiled_vector_masked_transfer,tiled_vector_direct_cleanup,lowering_incomplete
m8_n8_k9_f32,unfused_vector,unfused_vector,lowering_incomplete
m8_n8_k15_f32,fused_scalar,scalar_baseline,measured
m8_n8_k15_f32,whole_shape_vector_no_padding,whole_shape_vector_no_padding,measured
m8_n8_k15_f32,whole_shape_vector_materialized_padding,whole_shape_vector_materialized_padding,measured
m8_n8_k15_f32,tiled_vector_full_tiles,tiled_vector_full_tiles,illegal
m8_n8_k15_f32,tiled_vector_materialized_tail,tiled_vector_materialized_tail,measured
m8_n8_k15_f32,tiled_vector_direct_k,tiled_vector_direct_cleanup,measured
m8_n8_k15_f32,tiled_vector_direct_scalar,tiled_vector_direct_cleanup,lowering_incomplete
m8_n8_k15_f32,tiled_vector_specialized_tail,tiled_vector_specialized_tail,lowering_incomplete
m8_n8_k15_f32,tiled_vector_masked_transfer,tiled_vector_direct_cleanup,lowering_incomplete
m8_n8_k15_f32,unfused_vector,unfused_vector,lowering_incomplete
m8_n8_k16_f32,fused_scalar,scalar_baseline,measured
m8_n8_k16_f32,whole_shape_vector_no_padding,whole_shape_vector_no_padding,measured
m8_n8_k16_f32,whole_shape_vector_materialized_padding,whole_shape_vector_materialized_padding,illegal
m8_n8_k16_f32,tiled_vector_full_tiles,tiled_vector_full_tiles,measured
m8_n8_k16_f32,tiled_vector_materialized_tail,tiled_vector_materialized_tail,illegal
m8_n8_k16_f32,tiled_vector_direct_k,tiled_vector_direct_cleanup,illegal
m8_n8_k16_f32,tiled_vector_direct_scalar,tiled_vector_direct_cleanup,lowering_incomplete
m8_n8_k16_f32,tiled_vector_specialized_tail,tiled_vector_specialized_tail,lowering_incomplete
m8_n8_k16_f32,tiled_vector_masked_transfer,tiled_vector_direct_cleanup,lowering_incomplete
m8_n8_k16_f32,unfused_vector,unfused_vector,lowering_incomplete
m8_n8_k17_f32,fused_scalar,scalar_baseline,measured
m8_n8_k17_f32,whole_shape_vector_no_padding,whole_shape_vector_no_padding,measured
m8_n8_k17_f32,whole_shape_vector_materialized_padding,whole_shape_vector_materialized_padding,measured
m8_n8_k17_f32,tiled_vector_full_tiles,tiled_vector_full_tiles,illegal
m8_n8_k17_f32,tiled_vector_materialized_tail,tiled_vector_materialized_tail,measured
m8_n8_k17_f32,tiled_vector_direct_k,tiled_vector_direct_cleanup,measured
m8_n8_k17_f32,tiled_vector_direct_scalar,tiled_vector_direct_cleanup,lowering_incomplete
m8_n8_k17_f32,tiled_vector_specialized_tail,tiled_vector_specialized_tail,lowering_incomplete
m8_n8_k17_f32,tiled_vector_masked_transfer,tiled_vector_direct_cleanup,lowering_incomplete
m8_n8_k17_f32,unfused_vector,unfused_vector,lowering_incomplete
m8_n8_k23_f32,fused_scalar,scalar_baseline,measured
m8_n8_k23_f32,whole_shape_vector_no_padding,whole_shape_vector_no_padding,measured
m8_n8_k23_f32,whole_shape_vector_materialized_padding,whole_shape_vector_materialized_padding,measured
m8_n8_k23_f32,tiled_vector_full_tiles,tiled_vector_full_tiles,illegal
m8_n8_k23_f32,tiled_vector_materialized_tail,tiled_vector_materialized_tail,measured
m8_n8_k23_f32,tiled_vector_direct_k,tiled_vector_direct_cleanup,measured
m8_n8_k23_f32,tiled_vector_direct_scalar,tiled_vector_direct_cleanup,lowering_incomplete
m8_n8_k23_f32,tiled_vector_specialized_tail,tiled_vector_specialized_tail,lowering_incomplete
m8_n8_k23_f32,tiled_vector_masked_transfer,tiled_vector_direct_cleanup,lowering_incomplete
m8_n8_k23_f32,unfused_vector,unfused_vector,lowering_incomplete
m8_n8_k24_f32,fused_scalar,scalar_baseline,measured
m8_n8_k24_f32,whole_shape_vector_no_padding,whole_shape_vector_no_padding,measured
m8_n8_k24_f32,whole_shape_vector_materialized_padding,whole_shape_vector_materialized_padding,illegal
m8_n8_k24_f32,tiled_vector_full_tiles,tiled_vector_full_tiles,measured
m8_n8_k24_f32,tiled_vector_materialized_tail,tiled_vector_materialized_tail,illegal
m8_n8_k24_f32,tiled_vector_direct_k,tiled_vector_direct_cleanup,illegal
m8_n8_k24_f32,tiled_vector_direct_scalar,tiled_vector_direct_cleanup,lowering_incomplete
m8_n8_k24_f32,tiled_vector_specialized_tail,tiled_vector_specialized_tail,lowering_incomplete
m8_n8_k24_f32,tiled_vector_masked_transfer,tiled_vector_direct_cleanup,lowering_incomplete
m8_n8_k24_f32,unfused_vector,unfused_vector,lowering_incomplete
m8_n8_k25_f32,fused_scalar,scalar_baseline,measured
m8_n8_k25_f32,whole_shape_vector_no_padding,whole_shape_vector_no_padding,measured
m8_n8_k25_f32,whole_shape_vector_materialized_padding,whole_shape_vector_materialized_padding,measured
m8_n8_k25_f32,tiled_vector_full_tiles,tiled_vector_full_tiles,illegal
m8_n8_k25_f32,tiled_vector_materialized_tail,tiled_vector_materialized_tail,measured
m8_n8_k25_f32,tiled_vector_direct_k,tiled_vector_direct_cleanup,measured
m8_n8_k25_f32,tiled_vector_direct_scalar,tiled_vector_direct_cleanup,lowering_incomplete
m8_n8_k25_f32,tiled_vector_specialized_tail,tiled_vector_specialized_tail,lowering_incomplete
m8_n8_k25_f32,tiled_vector_masked_transfer,tiled_vector_direct_cleanup,lowering_incomplete
m8_n8_k25_f32,unfused_vector,unfused_vector,lowering_incomplete
m8_n8_k31_f32,fused_scalar,scalar_baseline,measured
m8_n8_k31_f32,whole_shape_vector_no_padding,whole_shape_vector_no_padding,measured
m8_n8_k31_f32,whole_shape_vector_materialized_padding,whole_shape_vector_materialized_padding,measured
m8_n8_k31_f32,tiled_vector_full_tiles,tiled_vector_full_tiles,illegal
m8_n8_k31_f32,tiled_vector_materialized_tail,tiled_vector_materialized_tail,measured
m8_n8_k31_f32,tiled_vector_direct_k,tiled_vector_direct_cleanup,measured
m8_n8_k31_f32,tiled_vector_direct_scalar,tiled_vector_direct_cleanup,lowering_incomplete
m8_n8_k31_f32,tiled_vector_specialized_tail,tiled_vector_specialized_tail,lowering_incomplete
m8_n8_k31_f32,tiled_vector_masked_transfer,tiled_vector_direct_cleanup,lowering_incomplete
m8_n8_k31_f32,unfused_vector,unfused_vector,lowering_incomplete
m8_n8_k32_f32,fused_scalar,scalar_baseline,measured
m8_n8_k32_f32,whole_shape_vector_no_padding,whole_shape_vector_no_padding,measured
m8_n8_k32_f32,whole_shape_vector_materialized_padding,whole_shape_vector_materialized_padding,illegal
m8_n8_k32_f32,tiled_vector_full_tiles,tiled_vector_full_tiles,measured
m8_n8_k32_f32,tiled_vector_materialized_tail,tiled_vector_materialized_tail,illegal
m8_n8_k32_f32,tiled_vector_direct_k,tiled_vector_direct_cleanup,illegal
m8_n8_k32_f32,tiled_vector_direct_scalar,tiled_vector_direct_cleanup,lowering_incomplete
m8_n8_k32_f32,tiled_vector_specialized_tail,tiled_vector_specialized_tail,lowering_incomplete
m8_n8_k32_f32,tiled_vector_masked_transfer,tiled_vector_direct_cleanup,lowering_incomplete
m8_n8_k32_f32,unfused_vector,unfused_vector,lowering_incomplete
m8_n8_k33_f32,fused_scalar,scalar_baseline,measured
m8_n8_k33_f32,whole_shape_vector_no_padding,whole_shape_vector_no_padding,measured
m8_n8_k33_f32,whole_shape_vector_materialized_padding,whole_shape_vector_materialized_padding,measured
m8_n8_k33_f32,tiled_vector_full_tiles,tiled_vector_full_tiles,illegal
m8_n8_k33_f32,tiled_vector_materialized_tail,tiled_vector_materialized_tail,measured
m8_n8_k33_f32,tiled_vector_direct_k,tiled_vector_direct_cleanup,measured
m8_n8_k33_f32,tiled_vector_direct_scalar,tiled_vector_direct_cleanup,lowering_incomplete
m8_n8_k33_f32,tiled_vector_specialized_tail,tiled_vector_specialized_tail,lowering_incomplete
m8_n8_k33_f32,tiled_vector_masked_transfer,tiled_vector_direct_cleanup,lowering_incomplete
m8_n8_k33_f32,unfused_vector,unfused_vector,lowering_incomplete
m8_n8_k63_f32,fused_scalar,scalar_baseline,measured
m8_n8_k63_f32,whole_shape_vector_no_padding,whole_shape_vector_no_padding,illegal
m8_n8_k63_f32,whole_shape_vector_materialized_padding,whole_shape_vector_materialized_padding,illegal
m8_n8_k63_f32,tiled_vector_full_tiles,tiled_vector_full_tiles,illegal
m8_n8_k63_f32,tiled_vector_materialized_tail,tiled_vector_materialized_tail,measured
m8_n8_k63_f32,tiled_vector_direct_k,tiled_vector_direct_cleanup,measured
m8_n8_k63_f32,tiled_vector_direct_scalar,tiled_vector_direct_cleanup,lowering_incomplete
m8_n8_k63_f32,tiled_vector_specialized_tail,tiled_vector_specialized_tail,lowering_incomplete
m8_n8_k63_f32,tiled_vector_masked_transfer,tiled_vector_direct_cleanup,lowering_incomplete
m8_n8_k63_f32,unfused_vector,unfused_vector,lowering_incomplete
m8_n8_k64_f32,fused_scalar,scalar_baseline,measured
m8_n8_k64_f32,whole_shape_vector_no_padding,whole_shape_vector_no_padding,illegal
m8_n8_k64_f32,whole_shape_vector_materialized_padding,whole_shape_vector_materialized_padding,illegal
m8_n8_k64_f32,tiled_vector_full_tiles,tiled_vector_full_tiles,measured
m8_n8_k64_f32,tiled_vector_materialized_tail,tiled_vector_materialized_tail,illegal
m8_n8_k64_f32,tiled_vector_direct_k,tiled_vector_direct_cleanup,illegal
m8_n8_k64_f32,tiled_vector_direct_scalar,tiled_vector_direct_cleanup,lowering_incomplete
m8_n8_k64_f32,tiled_vector_specialized_tail,tiled_vector_specialized_tail,lowering_incomplete
m8_n8_k64_f32,tiled_vector_masked_transfer,tiled_vector_direct_cleanup,lowering_incomplete
m8_n8_k64_f32,unfused_vector,unfused_vector,lowering_incomplete
m8_n8_k65_f32,fused_scalar,scalar_baseline,measured
m8_n8_k65_f32,whole_shape_vector_no_padding,whole_shape_vector_no_padding,illegal
m8_n8_k65_f32,whole_shape_vector_materialized_padding,whole_shape_vector_materialized_padding,illegal
m8_n8_k65_f32,tiled_vector_full_tiles,tiled_vector_full_tiles,illegal
m8_n8_k65_f32,tiled_vector_materialized_tail,tiled_vector_materialized_tail,measured
m8_n8_k65_f32,tiled_vector_direct_k,tiled_vector_direct_cleanup,measured
m8_n8_k65_f32,tiled_vector_direct_scalar,tiled_vector_direct_cleanup,lowering_incomplete
m8_n8_k65_f32,tiled_vector_specialized_tail,tiled_vector_specialized_tail,lowering_incomplete
m8_n8_k65_f32,tiled_vector_masked_transfer,tiled_vector_direct_cleanup,lowering_incomplete
m8_n8_k65_f32,unfused_vector,unfused_vector,lowering_incomplete
m8_n8_k95_f32,fused_scalar,scalar_baseline,measured
m8_n8_k95_f32,whole_shape_vector_no_padding,whole_shape_vector_no_padding,illegal
m8_n8_k95_f32,whole_shape_vector_materialized_padding,whole_shape_vector_materialized_padding,illegal
m8_n8_k95_f32,tiled_vector_full_tiles,tiled_vector_full_tiles,illegal
m8_n8_k95_f32,tiled_vector_materialized_tail,tiled_vector_materialized_tail,measured
m8_n8_k95_f32,tiled_vector_direct_k,tiled_vector_direct_cleanup,measured
m8_n8_k95_f32,tiled_vector_direct_scalar,tiled_vector_direct_cleanup,lowering_incomplete
m8_n8_k95_f32,tiled_vector_specialized_tail,tiled_vector_specialized_tail,lowering_incomplete
m8_n8_k95_f32,tiled_vector_masked_transfer,tiled_vector_direct_cleanup,lowering_incomplete
m8_n8_k95_f32,unfused_vector,unfused_vector,lowering_incomplete
m8_n8_k96_f32,fused_scalar,scalar_baseline,measured
m8_n8_k96_f32,whole_shape_vector_no_padding,whole_shape_vector_no_padding,illegal
m8_n8_k96_f32,whole_shape_vector_materialized_padding,whole_shape_vector_materialized_padding,illegal
m8_n8_k96_f32,tiled_vector_full_tiles,tiled_vector_full_tiles,measured
m8_n8_k96_f32,tiled_vector_materialized_tail,tiled_vector_materialized_tail,illegal
m8_n8_k96_f32,tiled_vector_direct_k,tiled_vector_direct_cleanup,illegal
m8_n8_k96_f32,tiled_vector_direct_scalar,tiled_vector_direct_cleanup,lowering_incomplete
m8_n8_k96_f32,tiled_vector_specialized_tail,tiled_vector_specialized_tail,lowering_incomplete
m8_n8_k96_f32,tiled_vector_masked_transfer,tiled_vector_direct_cleanup,lowering_incomplete
m8_n8_k96_f32,unfused_vector,unfused_vector,lowering_incomplete
m8_n8_k97_f32,fused_scalar,scalar_baseline,measured
m8_n8_k97_f32,whole_shape_vector_no_padding,whole_shape_vector_no_padding,illegal
m8_n8_k97_f32,whole_shape_vector_materialized_padding,whole_shape_vector_materialized_padding,illegal
m8_n8_k97_f32,tiled_vector_full_tiles,tiled_vector_full_tiles,illegal
m8_n8_k97_f32,tiled_vector_materialized_tail,tiled_vector_materialized_tail,measured
m8_n8_k97_f32,tiled_vector_direct_k,tiled_vector_direct_cleanup,measured
m8_n8_k97_f32,tiled_vector_direct_scalar,tiled_vector_direct_cleanup,lowering_incomplete
m8_n8_k97_f32,tiled_vector_specialized_tail,tiled_vector_specialized_tail,lowering_incomplete
m8_n8_k97_f32,tiled_vector_masked_transfer,tiled_vector_direct_cleanup,lowering_incomplete
m8_n8_k97_f32,unfused_vector,unfused_vector,lowering_incomplete
m8_n8_k127_f32,fused_scalar,scalar_baseline,measured
m8_n8_k127_f32,whole_shape_vector_no_padding,whole_shape_vector_no_padding,illegal
m8_n8_k127_f32,whole_shape_vector_materialized_padding,whole_shape_vector_materialized_padding,illegal
m8_n8_k127_f32,tiled_vector_full_tiles,tiled_vector_full_tiles,illegal
m8_n8_k127_f32,tiled_vector_materialized_tail,tiled_vector_materialized_tail,measured
m8_n8_k127_f32,tiled_vector_direct_k,tiled_vector_direct_cleanup,measured
m8_n8_k127_f32,tiled_vector_direct_scalar,tiled_vector_direct_cleanup,lowering_incomplete
m8_n8_k127_f32,tiled_vector_specialized_tail,tiled_vector_specialized_tail,lowering_incomplete
m8_n8_k127_f32,tiled_vector_masked_transfer,tiled_vector_direct_cleanup,lowering_incomplete
m8_n8_k127_f32,unfused_vector,unfused_vector,lowering_incomplete
m8_n8_k128_f32,fused_scalar,scalar_baseline,measured
m8_n8_k128_f32,whole_shape_vector_no_padding,whole_shape_vector_no_padding,illegal
m8_n8_k128_f32,whole_shape_vector_materialized_padding,whole_shape_vector_materialized_padding,illegal
m8_n8_k128_f32,tiled_vector_full_tiles,tiled_vector_full_tiles,measured
m8_n8_k128_f32,tiled_vector_materialized_tail,tiled_vector_materialized_tail,illegal
m8_n8_k128_f32,tiled_vector_direct_k,tiled_vector_direct_cleanup,illegal
m8_n8_k128_f32,tiled_vector_direct_scalar,tiled_vector_direct_cleanup,lowering_incomplete
m8_n8_k128_f32,tiled_vector_specialized_tail,tiled_vector_specialized_tail,lowering_incomplete
m8_n8_k128_f32,tiled_vector_masked_transfer,tiled_vector_direct_cleanup,lowering_incomplete
m8_n8_k128_f32,unfused_vector,unfused_vector,lowering_incomplete
m8_n8_k129_f32,fused_scalar,scalar_baseline,measured
m8_n8_k129_f32,whole_shape_vector_no_padding,whole_shape_vector_no_padding,illegal
m8_n8_k129_f32,whole_shape_vector_materialized_padding,whole_shape_vector_materialized_padding,illegal
m8_n8_k129_f32,tiled_vector_full_tiles,tiled_vector_full_tiles,illegal
m8_n8_k129_f32,tiled_vector_materialized_tail,tiled_vector_materialized_tail,measured
m8_n8_k129_f32,tiled_vector_direct_k,tiled_vector_direct_cleanup,measured
m8_n8_k129_f32,tiled_vector_direct_scalar,tiled_vector_direct_cleanup,lowering_incomplete
m8_n8_k129_f32,tiled_vector_specialized_tail,tiled_vector_specialized_tail,lowering_incomplete
m8_n8_k129_f32,tiled_vector_masked_transfer,tiled_vector_direct_cleanup,lowering_incomplete
m8_n8_k129_f32,unfused_vector,unfused_vector,lowering_incomplete
m8_n8_k255_f32,fused_scalar,scalar_baseline,measured
m8_n8_k255_f32,whole_shape_vector_no_padding,whole_shape_vector_no_padding,illegal
m8_n8_k255_f32,whole_shape_vector_materialized_padding,whole_shape_vector_materialized_padding,illegal
m8_n8_k255_f32,tiled_vector_full_tiles,tiled_vector_full_tiles,illegal
m8_n8_k255_f32,tiled_vector_materialized_tail,tiled_vector_materialized_tail,measured
m8_n8_k255_f32,tiled_vector_direct_k,tiled_vector_direct_cleanup,measured
m8_n8_k255_f32,tiled_vector_direct_scalar,tiled_vector_direct_cleanup,lowering_incomplete
m8_n8_k255_f32,tiled_vector_specialized_tail,tiled_vector_specialized_tail,lowering_incomplete
m8_n8_k255_f32,tiled_vector_masked_transfer,tiled_vector_direct_cleanup,lowering_incomplete
m8_n8_k255_f32,unfused_vector,unfused_vector,lowering_incomplete
m8_n8_k256_f32,fused_scalar,scalar_baseline,measured
m8_n8_k256_f32,whole_shape_vector_no_padding,whole_shape_vector_no_padding,illegal
m8_n8_k256_f32,whole_shape_vector_materialized_padding,whole_shape_vector_materialized_padding,illegal
m8_n8_k256_f32,tiled_vector_full_tiles,tiled_vector_full_tiles,measured
m8_n8_k256_f32,tiled_vector_materialized_tail,tiled_vector_materialized_tail,illegal
m8_n8_k256_f32,tiled_vector_direct_k,tiled_vector_direct_cleanup,illegal
m8_n8_k256_f32,tiled_vector_direct_scalar,tiled_vector_direct_cleanup,lowering_incomplete
m8_n8_k256_f32,tiled_vector_specialized_tail,tiled_vector_specialized_tail,lowering_incomplete
m8_n8_k256_f32,tiled_vector_masked_transfer,tiled_vector_direct_cleanup,lowering_incomplete
m8_n8_k256_f32,unfused_vector,unfused_vector,lowering_incomplete
m8_n8_k257_f32,fused_scalar,scalar_baseline,measured
m8_n8_k257_f32,whole_shape_vector_no_padding,whole_shape_vector_no_padding,illegal
m8_n8_k257_f32,whole_shape_vector_materialized_padding,whole_shape_vector_materialized_padding,illegal
m8_n8_k257_f32,tiled_vector_full_tiles,tiled_vector_full_tiles,illegal
m8_n8_k257_f32,tiled_vector_materialized_tail,tiled_vector_materialized_tail,measured
m8_n8_k257_f32,tiled_vector_direct_k,tiled_vector_direct_cleanup,measured
m8_n8_k257_f32,tiled_vector_direct_scalar,tiled_vector_direct_cleanup,lowering_incomplete
m8_n8_k257_f32,tiled_vector_specialized_tail,tiled_vector_specialized_tail,lowering_incomplete
m8_n8_k257_f32,tiled_vector_masked_transfer,tiled_vector_direct_cleanup,lowering_incomplete
m8_n8_k257_f32,unfused_vector,unfused_vector,lowering_incomplete
m8_n8_k2048_f32,fused_scalar,scalar_baseline,measured
m8_n8_k2048_f32,whole_shape_vector_no_padding,whole_shape_vector_no_padding,illegal
m8_n8_k2048_f32,whole_shape_vector_materialized_padding,whole_shape_vector_materialized_padding,illegal
m8_n8_k2048_f32,tiled_vector_full_tiles,tiled_vector_full_tiles,measured
m8_n8_k2048_f32,tiled_vector_materialized_tail,tiled_vector_materialized_tail,illegal
m8_n8_k2048_f32,tiled_vector_direct_k,tiled_vector_direct_cleanup,illegal
m8_n8_k2048_f32,tiled_vector_direct_scalar,tiled_vector_direct_cleanup,lowering_incomplete
m8_n8_k2048_f32,tiled_vector_specialized_tail,tiled_vector_specialized_tail,lowering_incomplete
m8_n8_k2048_f32,tiled_vector_masked_transfer,tiled_vector_direct_cleanup,lowering_incomplete
m8_n8_k2048_f32,unfused_vector,unfused_vector,lowering_incomplete
m8_n16_k512_f32,fused_scalar,scalar_baseline,measured
m8_n16_k512_f32,whole_shape_vector_no_padding,whole_shape_vector_no_padding,illegal
m8_n16_k512_f32,whole_shape_vector_materialized_padding,whole_shape_vector_materialized_padding,illegal
m8_n16_k512_f32,tiled_vector_full_tiles,tiled_vector_full_tiles,measured
m8_n16_k512_f32,tiled_vector_materialized_tail,tiled_vector_materialized_tail,illegal
m8_n16_k512_f32,tiled_vector_direct_k,tiled_vector_direct_cleanup,illegal
m8_n16_k512_f32,tiled_vector_direct_scalar,tiled_vector_direct_cleanup,lowering_incomplete
m8_n16_k512_f32,tiled_vector_specialized_tail,tiled_vector_specialized_tail,lowering_incomplete
m8_n16_k512_f32,tiled_vector_masked_transfer,tiled_vector_direct_cleanup,lowering_incomplete
m8_n16_k512_f32,unfused_vector,unfused_vector,lowering_incomplete
m8_n16_k1024_f32,fused_scalar,scalar_baseline,measured
m8_n16_k1024_f32,whole_shape_vector_no_padding,whole_shape_vector_no_padding,illegal
m8_n16_k1024_f32,whole_shape_vector_materialized_padding,whole_shape_vector_materialized_padding,illegal
m8_n16_k1024_f32,tiled_vector_full_tiles,tiled_vector_full_tiles,measured
m8_n16_k1024_f32,tiled_vector_materialized_tail,tiled_vector_materialized_tail,illegal
m8_n16_k1024_f32,tiled_vector_direct_k,tiled_vector_direct_cleanup,illegal
m8_n16_k1024_f32,tiled_vector_direct_scalar,tiled_vector_direct_cleanup,lowering_incomplete
m8_n16_k1024_f32,tiled_vector_specialized_tail,tiled_vector_specialized_tail,lowering_incomplete
m8_n16_k1024_f32,tiled_vector_masked_transfer,tiled_vector_direct_cleanup,lowering_incomplete
m8_n16_k1024_f32,unfused_vector,unfused_vector,lowering_incomplete
m9_n9_k9_f32,fused_scalar,scalar_baseline,measured
m9_n9_k9_f32,whole_shape_vector_no_padding,whole_shape_vector_no_padding,measured
m9_n9_k9_f32,whole_shape_vector_materialized_padding,whole_shape_vector_materialized_padding,illegal
m9_n9_k9_f32,tiled_vector_full_tiles,tiled_vector_full_tiles,illegal
m9_n9_k9_f32,tiled_vector_materialized_tail,tiled_vector_materialized_tail,measured
m9_n9_k9_f32,tiled_vector_direct_k,tiled_vector_direct_cleanup,illegal
m9_n9_k9_f32,tiled_vector_direct_scalar,tiled_vector_direct_cleanup,lowering_incomplete
m9_n9_k9_f32,tiled_vector_specialized_tail,tiled_vector_specialized_tail,lowering_incomplete
m9_n9_k9_f32,tiled_vector_masked_transfer,tiled_vector_direct_cleanup,lowering_incomplete
m9_n9_k9_f32,unfused_vector,unfused_vector,lowering_incomplete
m15_n15_k15_f32,fused_scalar,scalar_baseline,measured
m15_n15_k15_f32,whole_shape_vector_no_padding,whole_shape_vector_no_padding,measured
m15_n15_k15_f32,whole_shape_vector_materialized_padding,whole_shape_vector_materialized_padding,illegal
m15_n15_k15_f32,tiled_vector_full_tiles,tiled_vector_full_tiles,illegal
m15_n15_k15_f32,tiled_vector_materialized_tail,tiled_vector_materialized_tail,measured
m15_n15_k15_f32,tiled_vector_direct_k,tiled_vector_direct_cleanup,illegal
m15_n15_k15_f32,tiled_vector_direct_scalar,tiled_vector_direct_cleanup,lowering_incomplete
m15_n15_k15_f32,tiled_vector_specialized_tail,tiled_vector_specialized_tail,lowering_incomplete
m15_n15_k15_f32,tiled_vector_masked_transfer,tiled_vector_direct_cleanup,lowering_incomplete
m15_n15_k15_f32,unfused_vector,unfused_vector,lowering_incomplete
m15_n15_k31_f32,fused_scalar,scalar_baseline,measured
m15_n15_k31_f32,whole_shape_vector_no_padding,whole_shape_vector_no_padding,illegal
m15_n15_k31_f32,whole_shape_vector_materialized_padding,whole_shape_vector_materialized_padding,illegal
m15_n15_k31_f32,tiled_vector_full_tiles,tiled_vector_full_tiles,illegal
m15_n15_k31_f32,tiled_vector_materialized_tail,tiled_vector_materialized_tail,measured
m15_n15_k31_f32,tiled_vector_direct_k,tiled_vector_direct_cleanup,illegal
m15_n15_k31_f32,tiled_vector_direct_scalar,tiled_vector_direct_cleanup,lowering_incomplete
m15_n15_k31_f32,tiled_vector_specialized_tail,tiled_vector_specialized_tail,lowering_incomplete
m15_n15_k31_f32,tiled_vector_masked_transfer,tiled_vector_direct_cleanup,lowering_incomplete
m15_n15_k31_f32,unfused_vector,unfused_vector,lowering_incomplete
m16_n16_k7_f32,fused_scalar,scalar_baseline,measured
m16_n16_k7_f32,whole_shape_vector_no_padding,whole_shape_vector_no_padding,measured
m16_n16_k7_f32,whole_shape_vector_materialized_padding,whole_shape_vector_materialized_padding,measured
m16_n16_k7_f32,tiled_vector_full_tiles,tiled_vector_full_tiles,illegal
m16_n16_k7_f32,tiled_vector_materialized_tail,tiled_vector_materialized_tail,measured
m16_n16_k7_f32,tiled_vector_direct_k,tiled_vector_direct_cleanup,measured
m16_n16_k7_f32,tiled_vector_direct_scalar,tiled_vector_direct_cleanup,lowering_incomplete
m16_n16_k7_f32,tiled_vector_specialized_tail,tiled_vector_specialized_tail,lowering_incomplete
m16_n16_k7_f32,tiled_vector_masked_transfer,tiled_vector_direct_cleanup,lowering_incomplete
m16_n16_k7_f32,unfused_vector,unfused_vector,lowering_incomplete
m16_n16_k8_f32,fused_scalar,scalar_baseline,measured
m16_n16_k8_f32,whole_shape_vector_no_padding,whole_shape_vector_no_padding,measured
m16_n16_k8_f32,whole_shape_vector_materialized_padding,whole_shape_vector_materialized_padding,illegal
m16_n16_k8_f32,tiled_vector_full_tiles,tiled_vector_full_tiles,measured
m16_n16_k8_f32,tiled_vector_materialized_tail,tiled_vector_materialized_tail,illegal
m16_n16_k8_f32,tiled_vector_direct_k,tiled_vector_direct_cleanup,illegal
m16_n16_k8_f32,tiled_vector_direct_scalar,tiled_vector_direct_cleanup,lowering_incomplete
m16_n16_k8_f32,tiled_vector_specialized_tail,tiled_vector_specialized_tail,lowering_incomplete
m16_n16_k8_f32,tiled_vector_masked_transfer,tiled_vector_direct_cleanup,lowering_incomplete
m16_n16_k8_f32,unfused_vector,unfused_vector,lowering_incomplete
m16_n16_k9_f32,fused_scalar,scalar_baseline,measured
m16_n16_k9_f32,whole_shape_vector_no_padding,whole_shape_vector_no_padding,measured
m16_n16_k9_f32,whole_shape_vector_materialized_padding,whole_shape_vector_materialized_padding,illegal
m16_n16_k9_f32,tiled_vector_full_tiles,tiled_vector_full_tiles,illegal
m16_n16_k9_f32,tiled_vector_materialized_tail,tiled_vector_materialized_tail,measured
m16_n16_k9_f32,tiled_vector_direct_k,tiled_vector_direct_cleanup,measured
m16_n16_k9_f32,tiled_vector_direct_scalar,tiled_vector_direct_cleanup,lowering_incomplete
m16_n16_k9_f32,tiled_vector_specialized_tail,tiled_vector_specialized_tail,lowering_incomplete
m16_n16_k9_f32,tiled_vector_masked_transfer,tiled_vector_direct_cleanup,lowering_incomplete
m16_n16_k9_f32,unfused_vector,unfused_vector,lowering_incomplete
m16_n16_k15_f32,fused_scalar,scalar_baseline,measured
m16_n16_k15_f32,whole_shape_vector_no_padding,whole_shape_vector_no_padding,measured
m16_n16_k15_f32,whole_shape_vector_materialized_padding,whole_shape_vector_materialized_padding,illegal
m16_n16_k15_f32,tiled_vector_full_tiles,tiled_vector_full_tiles,illegal
m16_n16_k15_f32,tiled_vector_materialized_tail,tiled_vector_materialized_tail,measured
m16_n16_k15_f32,tiled_vector_direct_k,tiled_vector_direct_cleanup,measured
m16_n16_k15_f32,tiled_vector_direct_scalar,tiled_vector_direct_cleanup,lowering_incomplete
m16_n16_k15_f32,tiled_vector_specialized_tail,tiled_vector_specialized_tail,lowering_incomplete
m16_n16_k15_f32,tiled_vector_masked_transfer,tiled_vector_direct_cleanup,lowering_incomplete
m16_n16_k15_f32,unfused_vector,unfused_vector,lowering_incomplete
m16_n16_k16_f32,fused_scalar,scalar_baseline,measured
m16_n16_k16_f32,whole_shape_vector_no_padding,whole_shape_vector_no_padding,illegal
m16_n16_k16_f32,whole_shape_vector_materialized_padding,whole_shape_vector_materialized_padding,illegal
m16_n16_k16_f32,tiled_vector_full_tiles,tiled_vector_full_tiles,measured
m16_n16_k16_f32,tiled_vector_materialized_tail,tiled_vector_materialized_tail,illegal
m16_n16_k16_f32,tiled_vector_direct_k,tiled_vector_direct_cleanup,illegal
m16_n16_k16_f32,tiled_vector_direct_scalar,tiled_vector_direct_cleanup,lowering_incomplete
m16_n16_k16_f32,tiled_vector_specialized_tail,tiled_vector_specialized_tail,lowering_incomplete
m16_n16_k16_f32,tiled_vector_masked_transfer,tiled_vector_direct_cleanup,lowering_incomplete
m16_n16_k16_f32,unfused_vector,unfused_vector,lowering_incomplete
m16_n16_k17_f32,fused_scalar,scalar_baseline,measured
m16_n16_k17_f32,whole_shape_vector_no_padding,whole_shape_vector_no_padding,illegal
m16_n16_k17_f32,whole_shape_vector_materialized_padding,whole_shape_vector_materialized_padding,illegal
m16_n16_k17_f32,tiled_vector_full_tiles,tiled_vector_full_tiles,illegal
m16_n16_k17_f32,tiled_vector_materialized_tail,tiled_vector_materialized_tail,measured
m16_n16_k17_f32,tiled_vector_direct_k,tiled_vector_direct_cleanup,measured
m16_n16_k17_f32,tiled_vector_direct_scalar,tiled_vector_direct_cleanup,lowering_incomplete
m16_n16_k17_f32,tiled_vector_specialized_tail,tiled_vector_specialized_tail,lowering_incomplete
m16_n16_k17_f32,tiled_vector_masked_transfer,tiled_vector_direct_cleanup,lowering_incomplete
m16_n16_k17_f32,unfused_vector,unfused_vector,lowering_incomplete
m16_n16_k23_f32,fused_scalar,scalar_baseline,measured
m16_n16_k23_f32,whole_shape_vector_no_padding,whole_shape_vector_no_padding,illegal
m16_n16_k23_f32,whole_shape_vector_materialized_padding,whole_shape_vector_materialized_padding,illegal
m16_n16_k23_f32,tiled_vector_full_tiles,tiled_vector_full_tiles,illegal
m16_n16_k23_f32,tiled_vector_materialized_tail,tiled_vector_materialized_tail,measured
m16_n16_k23_f32,tiled_vector_direct_k,tiled_vector_direct_cleanup,measured
m16_n16_k23_f32,tiled_vector_direct_scalar,tiled_vector_direct_cleanup,lowering_incomplete
m16_n16_k23_f32,tiled_vector_specialized_tail,tiled_vector_specialized_tail,lowering_incomplete
m16_n16_k23_f32,tiled_vector_masked_transfer,tiled_vector_direct_cleanup,lowering_incomplete
m16_n16_k23_f32,unfused_vector,unfused_vector,lowering_incomplete
m16_n16_k24_f32,fused_scalar,scalar_baseline,measured
m16_n16_k24_f32,whole_shape_vector_no_padding,whole_shape_vector_no_padding,illegal
m16_n16_k24_f32,whole_shape_vector_materialized_padding,whole_shape_vector_materialized_padding,illegal
m16_n16_k24_f32,tiled_vector_full_tiles,tiled_vector_full_tiles,measured
m16_n16_k24_f32,tiled_vector_materialized_tail,tiled_vector_materialized_tail,illegal
m16_n16_k24_f32,tiled_vector_direct_k,tiled_vector_direct_cleanup,illegal
m16_n16_k24_f32,tiled_vector_direct_scalar,tiled_vector_direct_cleanup,lowering_incomplete
m16_n16_k24_f32,tiled_vector_specialized_tail,tiled_vector_specialized_tail,lowering_incomplete
m16_n16_k24_f32,tiled_vector_masked_transfer,tiled_vector_direct_cleanup,lowering_incomplete
m16_n16_k24_f32,unfused_vector,unfused_vector,lowering_incomplete
m16_n16_k25_f32,fused_scalar,scalar_baseline,measured
m16_n16_k25_f32,whole_shape_vector_no_padding,whole_shape_vector_no_padding,illegal
m16_n16_k25_f32,whole_shape_vector_materialized_padding,whole_shape_vector_materialized_padding,illegal
m16_n16_k25_f32,tiled_vector_full_tiles,tiled_vector_full_tiles,illegal
m16_n16_k25_f32,tiled_vector_materialized_tail,tiled_vector_materialized_tail,measured
m16_n16_k25_f32,tiled_vector_direct_k,tiled_vector_direct_cleanup,measured
m16_n16_k25_f32,tiled_vector_direct_scalar,tiled_vector_direct_cleanup,lowering_incomplete
m16_n16_k25_f32,tiled_vector_specialized_tail,tiled_vector_specialized_tail,lowering_incomplete
m16_n16_k25_f32,tiled_vector_masked_transfer,tiled_vector_direct_cleanup,lowering_incomplete
m16_n16_k25_f32,unfused_vector,unfused_vector,lowering_incomplete
m16_n16_k31_f32,fused_scalar,scalar_baseline,measured
m16_n16_k31_f32,whole_shape_vector_no_padding,whole_shape_vector_no_padding,illegal
m16_n16_k31_f32,whole_shape_vector_materialized_padding,whole_shape_vector_materialized_padding,illegal
m16_n16_k31_f32,tiled_vector_full_tiles,tiled_vector_full_tiles,illegal
m16_n16_k31_f32,tiled_vector_materialized_tail,tiled_vector_materialized_tail,measured
m16_n16_k31_f32,tiled_vector_direct_k,tiled_vector_direct_cleanup,measured
m16_n16_k31_f32,tiled_vector_direct_scalar,tiled_vector_direct_cleanup,lowering_incomplete
m16_n16_k31_f32,tiled_vector_specialized_tail,tiled_vector_specialized_tail,lowering_incomplete
m16_n16_k31_f32,tiled_vector_masked_transfer,tiled_vector_direct_cleanup,lowering_incomplete
m16_n16_k31_f32,unfused_vector,unfused_vector,lowering_incomplete
m16_n16_k32_f32,fused_scalar,scalar_baseline,measured
m16_n16_k32_f32,whole_shape_vector_no_padding,whole_shape_vector_no_padding,illegal
m16_n16_k32_f32,whole_shape_vector_materialized_padding,whole_shape_vector_materialized_padding,illegal
m16_n16_k32_f32,tiled_vector_full_tiles,tiled_vector_full_tiles,measured
m16_n16_k32_f32,tiled_vector_materialized_tail,tiled_vector_materialized_tail,illegal
m16_n16_k32_f32,tiled_vector_direct_k,tiled_vector_direct_cleanup,illegal
m16_n16_k32_f32,tiled_vector_direct_scalar,tiled_vector_direct_cleanup,lowering_incomplete
m16_n16_k32_f32,tiled_vector_specialized_tail,tiled_vector_specialized_tail,lowering_incomplete
m16_n16_k32_f32,tiled_vector_masked_transfer,tiled_vector_direct_cleanup,lowering_incomplete
m16_n16_k32_f32,unfused_vector,unfused_vector,lowering_incomplete
m16_n16_k33_f32,fused_scalar,scalar_baseline,measured
m16_n16_k33_f32,whole_shape_vector_no_padding,whole_shape_vector_no_padding,illegal
m16_n16_k33_f32,whole_shape_vector_materialized_padding,whole_shape_vector_materialized_padding,illegal
m16_n16_k33_f32,tiled_vector_full_tiles,tiled_vector_full_tiles,illegal
m16_n16_k33_f32,tiled_vector_materialized_tail,tiled_vector_materialized_tail,measured
m16_n16_k33_f32,tiled_vector_direct_k,tiled_vector_direct_cleanup,measured
m16_n16_k33_f32,tiled_vector_direct_scalar,tiled_vector_direct_cleanup,lowering_incomplete
m16_n16_k33_f32,tiled_vector_specialized_tail,tiled_vector_specialized_tail,lowering_incomplete
m16_n16_k33_f32,tiled_vector_masked_transfer,tiled_vector_direct_cleanup,lowering_incomplete
m16_n16_k33_f32,unfused_vector,unfused_vector,lowering_incomplete
m16_n16_k63_f32,fused_scalar,scalar_baseline,measured
m16_n16_k63_f32,whole_shape_vector_no_padding,whole_shape_vector_no_padding,illegal
m16_n16_k63_f32,whole_shape_vector_materialized_padding,whole_shape_vector_materialized_padding,illegal
m16_n16_k63_f32,tiled_vector_full_tiles,tiled_vector_full_tiles,illegal
m16_n16_k63_f32,tiled_vector_materialized_tail,tiled_vector_materialized_tail,measured
m16_n16_k63_f32,tiled_vector_direct_k,tiled_vector_direct_cleanup,measured
m16_n16_k63_f32,tiled_vector_direct_scalar,tiled_vector_direct_cleanup,lowering_incomplete
m16_n16_k63_f32,tiled_vector_specialized_tail,tiled_vector_specialized_tail,lowering_incomplete
m16_n16_k63_f32,tiled_vector_masked_transfer,tiled_vector_direct_cleanup,lowering_incomplete
m16_n16_k63_f32,unfused_vector,unfused_vector,lowering_incomplete
m16_n16_k95_f32,fused_scalar,scalar_baseline,measured
m16_n16_k95_f32,whole_shape_vector_no_padding,whole_shape_vector_no_padding,illegal
m16_n16_k95_f32,whole_shape_vector_materialized_padding,whole_shape_vector_materialized_padding,illegal
m16_n16_k95_f32,tiled_vector_full_tiles,tiled_vector_full_tiles,illegal
m16_n16_k95_f32,tiled_vector_materialized_tail,tiled_vector_materialized_tail,measured
m16_n16_k95_f32,tiled_vector_direct_k,tiled_vector_direct_cleanup,measured
m16_n16_k95_f32,tiled_vector_direct_scalar,tiled_vector_direct_cleanup,lowering_incomplete
m16_n16_k95_f32,tiled_vector_specialized_tail,tiled_vector_specialized_tail,lowering_incomplete
m16_n16_k95_f32,tiled_vector_masked_transfer,tiled_vector_direct_cleanup,lowering_incomplete
m16_n16_k95_f32,unfused_vector,unfused_vector,lowering_incomplete
m16_n16_k97_f32,fused_scalar,scalar_baseline,measured
m16_n16_k97_f32,whole_shape_vector_no_padding,whole_shape_vector_no_padding,illegal
m16_n16_k97_f32,whole_shape_vector_materialized_padding,whole_shape_vector_materialized_padding,illegal
m16_n16_k97_f32,tiled_vector_full_tiles,tiled_vector_full_tiles,illegal
m16_n16_k97_f32,tiled_vector_materialized_tail,tiled_vector_materialized_tail,measured
m16_n16_k97_f32,tiled_vector_direct_k,tiled_vector_direct_cleanup,measured
m16_n16_k97_f32,tiled_vector_direct_scalar,tiled_vector_direct_cleanup,lowering_incomplete
m16_n16_k97_f32,tiled_vector_specialized_tail,tiled_vector_specialized_tail,lowering_incomplete
m16_n16_k97_f32,tiled_vector_masked_transfer,tiled_vector_direct_cleanup,lowering_incomplete
m16_n16_k97_f32,unfused_vector,unfused_vector,lowering_incomplete
m16_n16_k2048_f32,fused_scalar,scalar_baseline,measured
m16_n16_k2048_f32,whole_shape_vector_no_padding,whole_shape_vector_no_padding,illegal
m16_n16_k2048_f32,whole_shape_vector_materialized_padding,whole_shape_vector_materialized_padding,illegal
m16_n16_k2048_f32,tiled_vector_full_tiles,tiled_vector_full_tiles,measured
m16_n16_k2048_f32,tiled_vector_materialized_tail,tiled_vector_materialized_tail,illegal
m16_n16_k2048_f32,tiled_vector_direct_k,tiled_vector_direct_cleanup,illegal
m16_n16_k2048_f32,tiled_vector_direct_scalar,tiled_vector_direct_cleanup,lowering_incomplete
m16_n16_k2048_f32,tiled_vector_specialized_tail,tiled_vector_specialized_tail,lowering_incomplete
m16_n16_k2048_f32,tiled_vector_masked_transfer,tiled_vector_direct_cleanup,lowering_incomplete
m16_n16_k2048_f32,unfused_vector,unfused_vector,lowering_incomplete
m16_n32_k63_f32,fused_scalar,scalar_baseline,measured
m16_n32_k63_f32,whole_shape_vector_no_padding,whole_shape_vector_no_padding,illegal
m16_n32_k63_f32,whole_shape_vector_materialized_padding,whole_shape_vector_materialized_padding,illegal
m16_n32_k63_f32,tiled_vector_full_tiles,tiled_vector_full_tiles,illegal
m16_n32_k63_f32,tiled_vector_materialized_tail,tiled_vector_materialized_tail,measured
m16_n32_k63_f32,tiled_vector_direct_k,tiled_vector_direct_cleanup,measured
m16_n32_k63_f32,tiled_vector_direct_scalar,tiled_vector_direct_cleanup,lowering_incomplete
m16_n32_k63_f32,tiled_vector_specialized_tail,tiled_vector_specialized_tail,lowering_incomplete
m16_n32_k63_f32,tiled_vector_masked_transfer,tiled_vector_direct_cleanup,lowering_incomplete
m16_n32_k63_f32,unfused_vector,unfused_vector,lowering_incomplete
m16_n32_k512_f32,fused_scalar,scalar_baseline,measured
m16_n32_k512_f32,whole_shape_vector_no_padding,whole_shape_vector_no_padding,illegal
m16_n32_k512_f32,whole_shape_vector_materialized_padding,whole_shape_vector_materialized_padding,illegal
m16_n32_k512_f32,tiled_vector_full_tiles,tiled_vector_full_tiles,measured
m16_n32_k512_f32,tiled_vector_materialized_tail,tiled_vector_materialized_tail,illegal
m16_n32_k512_f32,tiled_vector_direct_k,tiled_vector_direct_cleanup,illegal
m16_n32_k512_f32,tiled_vector_direct_scalar,tiled_vector_direct_cleanup,lowering_incomplete
m16_n32_k512_f32,tiled_vector_specialized_tail,tiled_vector_specialized_tail,lowering_incomplete
m16_n32_k512_f32,tiled_vector_masked_transfer,tiled_vector_direct_cleanup,lowering_incomplete
m16_n32_k512_f32,unfused_vector,unfused_vector,lowering_incomplete
m16_n32_k1024_f32,fused_scalar,scalar_baseline,measured
m16_n32_k1024_f32,whole_shape_vector_no_padding,whole_shape_vector_no_padding,illegal
m16_n32_k1024_f32,whole_shape_vector_materialized_padding,whole_shape_vector_materialized_padding,illegal
m16_n32_k1024_f32,tiled_vector_full_tiles,tiled_vector_full_tiles,measured
m16_n32_k1024_f32,tiled_vector_materialized_tail,tiled_vector_materialized_tail,illegal
m16_n32_k1024_f32,tiled_vector_direct_k,tiled_vector_direct_cleanup,illegal
m16_n32_k1024_f32,tiled_vector_direct_scalar,tiled_vector_direct_cleanup,lowering_incomplete
m16_n32_k1024_f32,tiled_vector_specialized_tail,tiled_vector_specialized_tail,lowering_incomplete
m16_n32_k1024_f32,tiled_vector_masked_transfer,tiled_vector_direct_cleanup,lowering_incomplete
m16_n32_k1024_f32,unfused_vector,unfused_vector,lowering_incomplete
m16_n64_k127_f32,fused_scalar,scalar_baseline,measured
m16_n64_k127_f32,whole_shape_vector_no_padding,whole_shape_vector_no_padding,illegal
m16_n64_k127_f32,whole_shape_vector_materialized_padding,whole_shape_vector_materialized_padding,illegal
m16_n64_k127_f32,tiled_vector_full_tiles,tiled_vector_full_tiles,illegal
m16_n64_k127_f32,tiled_vector_materialized_tail,tiled_vector_materialized_tail,measured
m16_n64_k127_f32,tiled_vector_direct_k,tiled_vector_direct_cleanup,measured
m16_n64_k127_f32,tiled_vector_direct_scalar,tiled_vector_direct_cleanup,lowering_incomplete
m16_n64_k127_f32,tiled_vector_specialized_tail,tiled_vector_specialized_tail,lowering_incomplete
m16_n64_k127_f32,tiled_vector_masked_transfer,tiled_vector_direct_cleanup,lowering_incomplete
m16_n64_k127_f32,unfused_vector,unfused_vector,lowering_incomplete
m16_n128_k255_f32,fused_scalar,scalar_baseline,measured
m16_n128_k255_f32,whole_shape_vector_no_padding,whole_shape_vector_no_padding,illegal
m16_n128_k255_f32,whole_shape_vector_materialized_padding,whole_shape_vector_materialized_padding,illegal
m16_n128_k255_f32,tiled_vector_full_tiles,tiled_vector_full_tiles,illegal
m16_n128_k255_f32,tiled_vector_materialized_tail,tiled_vector_materialized_tail,measured
m16_n128_k255_f32,tiled_vector_direct_k,tiled_vector_direct_cleanup,measured
m16_n128_k255_f32,tiled_vector_direct_scalar,tiled_vector_direct_cleanup,lowering_incomplete
m16_n128_k255_f32,tiled_vector_specialized_tail,tiled_vector_specialized_tail,lowering_incomplete
m16_n128_k255_f32,tiled_vector_masked_transfer,tiled_vector_direct_cleanup,lowering_incomplete
m16_n128_k255_f32,unfused_vector,unfused_vector,lowering_incomplete
m17_n17_k17_f32,fused_scalar,scalar_baseline,measured
m17_n17_k17_f32,whole_shape_vector_no_padding,whole_shape_vector_no_padding,illegal
m17_n17_k17_f32,whole_shape_vector_materialized_padding,whole_shape_vector_materialized_padding,illegal
m17_n17_k17_f32,tiled_vector_full_tiles,tiled_vector_full_tiles,illegal
m17_n17_k17_f32,tiled_vector_materialized_tail,tiled_vector_materialized_tail,measured
m17_n17_k17_f32,tiled_vector_direct_k,tiled_vector_direct_cleanup,illegal
m17_n17_k17_f32,tiled_vector_direct_scalar,tiled_vector_direct_cleanup,lowering_incomplete
m17_n17_k17_f32,tiled_vector_specialized_tail,tiled_vector_specialized_tail,lowering_incomplete
m17_n17_k17_f32,tiled_vector_masked_transfer,tiled_vector_direct_cleanup,lowering_incomplete
m17_n17_k17_f32,unfused_vector,unfused_vector,lowering_incomplete
m24_n40_k31_f32,fused_scalar,scalar_baseline,measured
m24_n40_k31_f32,whole_shape_vector_no_padding,whole_shape_vector_no_padding,illegal
m24_n40_k31_f32,whole_shape_vector_materialized_padding,whole_shape_vector_materialized_padding,illegal
m24_n40_k31_f32,tiled_vector_full_tiles,tiled_vector_full_tiles,illegal
m24_n40_k31_f32,tiled_vector_materialized_tail,tiled_vector_materialized_tail,measured
m24_n40_k31_f32,tiled_vector_direct_k,tiled_vector_direct_cleanup,measured
m24_n40_k31_f32,tiled_vector_direct_scalar,tiled_vector_direct_cleanup,lowering_incomplete
m24_n40_k31_f32,tiled_vector_specialized_tail,tiled_vector_specialized_tail,lowering_incomplete
m24_n40_k31_f32,tiled_vector_masked_transfer,tiled_vector_direct_cleanup,lowering_incomplete
m24_n40_k31_f32,unfused_vector,unfused_vector,lowering_incomplete
m31_n31_k31_f32,fused_scalar,scalar_baseline,measured
m31_n31_k31_f32,whole_shape_vector_no_padding,whole_shape_vector_no_padding,illegal
m31_n31_k31_f32,whole_shape_vector_materialized_padding,whole_shape_vector_materialized_padding,illegal
m31_n31_k31_f32,tiled_vector_full_tiles,tiled_vector_full_tiles,illegal
m31_n31_k31_f32,tiled_vector_materialized_tail,tiled_vector_materialized_tail,measured
m31_n31_k31_f32,tiled_vector_direct_k,tiled_vector_direct_cleanup,illegal
m31_n31_k31_f32,tiled_vector_direct_scalar,tiled_vector_direct_cleanup,lowering_incomplete
m31_n31_k31_f32,tiled_vector_specialized_tail,tiled_vector_specialized_tail,lowering_incomplete
m31_n31_k31_f32,tiled_vector_masked_transfer,tiled_vector_direct_cleanup,lowering_incomplete
m31_n31_k31_f32,unfused_vector,unfused_vector,lowering_incomplete
m31_n31_k32_f32,fused_scalar,scalar_baseline,measured
m31_n31_k32_f32,whole_shape_vector_no_padding,whole_shape_vector_no_padding,illegal
m31_n31_k32_f32,whole_shape_vector_materialized_padding,whole_shape_vector_materialized_padding,illegal
m31_n31_k32_f32,tiled_vector_full_tiles,tiled_vector_full_tiles,illegal
m31_n31_k32_f32,tiled_vector_materialized_tail,tiled_vector_materialized_tail,measured
m31_n31_k32_f32,tiled_vector_direct_k,tiled_vector_direct_cleanup,illegal
m31_n31_k32_f32,tiled_vector_direct_scalar,tiled_vector_direct_cleanup,lowering_incomplete
m31_n31_k32_f32,tiled_vector_specialized_tail,tiled_vector_specialized_tail,lowering_incomplete
m31_n31_k32_f32,tiled_vector_masked_transfer,tiled_vector_direct_cleanup,lowering_incomplete
m31_n31_k32_f32,unfused_vector,unfused_vector,lowering_incomplete
m31_n33_k64_f32,fused_scalar,scalar_baseline,measured
m31_n33_k64_f32,whole_shape_vector_no_padding,whole_shape_vector_no_padding,illegal
m31_n33_k64_f32,whole_shape_vector_materialized_padding,whole_shape_vector_materialized_padding,illegal
m31_n33_k64_f32,tiled_vector_full_tiles,tiled_vector_full_tiles,illegal
m31_n33_k64_f32,tiled_vector_materialized_tail,tiled_vector_materialized_tail,measured
m31_n33_k64_f32,tiled_vector_direct_k,tiled_vector_direct_cleanup,illegal
m31_n33_k64_f32,tiled_vector_direct_scalar,tiled_vector_direct_cleanup,lowering_incomplete
m31_n33_k64_f32,tiled_vector_specialized_tail,tiled_vector_specialized_tail,lowering_incomplete
m31_n33_k64_f32,tiled_vector_masked_transfer,tiled_vector_direct_cleanup,lowering_incomplete
m31_n33_k64_f32,unfused_vector,unfused_vector,lowering_incomplete
m32_n16_k255_f32,fused_scalar,scalar_baseline,measured
m32_n16_k255_f32,whole_shape_vector_no_padding,whole_shape_vector_no_padding,illegal
m32_n16_k255_f32,whole_shape_vector_materialized_padding,whole_shape_vector_materialized_padding,illegal
m32_n16_k255_f32,tiled_vector_full_tiles,tiled_vector_full_tiles,illegal
m32_n16_k255_f32,tiled_vector_materialized_tail,tiled_vector_materialized_tail,measured
m32_n16_k255_f32,tiled_vector_direct_k,tiled_vector_direct_cleanup,measured
m32_n16_k255_f32,tiled_vector_direct_scalar,tiled_vector_direct_cleanup,lowering_incomplete
m32_n16_k255_f32,tiled_vector_specialized_tail,tiled_vector_specialized_tail,lowering_incomplete
m32_n16_k255_f32,tiled_vector_masked_transfer,tiled_vector_direct_cleanup,lowering_incomplete
m32_n16_k255_f32,unfused_vector,unfused_vector,lowering_incomplete
m32_n32_k7_f32,fused_scalar,scalar_baseline,measured
m32_n32_k7_f32,whole_shape_vector_no_padding,whole_shape_vector_no_padding,illegal
m32_n32_k7_f32,whole_shape_vector_materialized_padding,whole_shape_vector_materialized_padding,illegal
m32_n32_k7_f32,tiled_vector_full_tiles,tiled_vector_full_tiles,illegal
m32_n32_k7_f32,tiled_vector_materialized_tail,tiled_vector_materialized_tail,measured
m32_n32_k7_f32,tiled_vector_direct_k,tiled_vector_direct_cleanup,measured
m32_n32_k7_f32,tiled_vector_direct_scalar,tiled_vector_direct_cleanup,lowering_incomplete
m32_n32_k7_f32,tiled_vector_specialized_tail,tiled_vector_specialized_tail,lowering_incomplete
m32_n32_k7_f32,tiled_vector_masked_transfer,tiled_vector_direct_cleanup,lowering_incomplete
m32_n32_k7_f32,unfused_vector,unfused_vector,lowering_incomplete
m32_n32_k9_f32,fused_scalar,scalar_baseline,measured
m32_n32_k9_f32,whole_shape_vector_no_padding,whole_shape_vector_no_padding,illegal
m32_n32_k9_f32,whole_shape_vector_materialized_padding,whole_shape_vector_materialized_padding,illegal
m32_n32_k9_f32,tiled_vector_full_tiles,tiled_vector_full_tiles,illegal
m32_n32_k9_f32,tiled_vector_materialized_tail,tiled_vector_materialized_tail,measured
m32_n32_k9_f32,tiled_vector_direct_k,tiled_vector_direct_cleanup,measured
m32_n32_k9_f32,tiled_vector_direct_scalar,tiled_vector_direct_cleanup,lowering_incomplete
m32_n32_k9_f32,tiled_vector_specialized_tail,tiled_vector_specialized_tail,lowering_incomplete
m32_n32_k9_f32,tiled_vector_masked_transfer,tiled_vector_direct_cleanup,lowering_incomplete
m32_n32_k9_f32,unfused_vector,unfused_vector,lowering_incomplete
m32_n32_k15_f32,fused_scalar,scalar_baseline,measured
m32_n32_k15_f32,whole_shape_vector_no_padding,whole_shape_vector_no_padding,illegal
m32_n32_k15_f32,whole_shape_vector_materialized_padding,whole_shape_vector_materialized_padding,illegal
m32_n32_k15_f32,tiled_vector_full_tiles,tiled_vector_full_tiles,illegal
m32_n32_k15_f32,tiled_vector_materialized_tail,tiled_vector_materialized_tail,measured
m32_n32_k15_f32,tiled_vector_direct_k,tiled_vector_direct_cleanup,measured
m32_n32_k15_f32,tiled_vector_direct_scalar,tiled_vector_direct_cleanup,lowering_incomplete
m32_n32_k15_f32,tiled_vector_specialized_tail,tiled_vector_specialized_tail,lowering_incomplete
m32_n32_k15_f32,tiled_vector_masked_transfer,tiled_vector_direct_cleanup,lowering_incomplete
m32_n32_k15_f32,unfused_vector,unfused_vector,lowering_incomplete
m32_n32_k23_f32,fused_scalar,scalar_baseline,measured
m32_n32_k23_f32,whole_shape_vector_no_padding,whole_shape_vector_no_padding,illegal
m32_n32_k23_f32,whole_shape_vector_materialized_padding,whole_shape_vector_materialized_padding,illegal
m32_n32_k23_f32,tiled_vector_full_tiles,tiled_vector_full_tiles,illegal
m32_n32_k23_f32,tiled_vector_materialized_tail,tiled_vector_materialized_tail,measured
m32_n32_k23_f32,tiled_vector_direct_k,tiled_vector_direct_cleanup,measured
m32_n32_k23_f32,tiled_vector_direct_scalar,tiled_vector_direct_cleanup,lowering_incomplete
m32_n32_k23_f32,tiled_vector_specialized_tail,tiled_vector_specialized_tail,lowering_incomplete
m32_n32_k23_f32,tiled_vector_masked_transfer,tiled_vector_direct_cleanup,lowering_incomplete
m32_n32_k23_f32,unfused_vector,unfused_vector,lowering_incomplete
m32_n32_k25_f32,fused_scalar,scalar_baseline,measured
m32_n32_k25_f32,whole_shape_vector_no_padding,whole_shape_vector_no_padding,illegal
m32_n32_k25_f32,whole_shape_vector_materialized_padding,whole_shape_vector_materialized_padding,illegal
m32_n32_k25_f32,tiled_vector_full_tiles,tiled_vector_full_tiles,illegal
m32_n32_k25_f32,tiled_vector_materialized_tail,tiled_vector_materialized_tail,measured
m32_n32_k25_f32,tiled_vector_direct_k,tiled_vector_direct_cleanup,measured
m32_n32_k25_f32,tiled_vector_direct_scalar,tiled_vector_direct_cleanup,lowering_incomplete
m32_n32_k25_f32,tiled_vector_specialized_tail,tiled_vector_specialized_tail,lowering_incomplete
m32_n32_k25_f32,tiled_vector_masked_transfer,tiled_vector_direct_cleanup,lowering_incomplete
m32_n32_k25_f32,unfused_vector,unfused_vector,lowering_incomplete
m32_n32_k31_f32,fused_scalar,scalar_baseline,measured
m32_n32_k31_f32,whole_shape_vector_no_padding,whole_shape_vector_no_padding,illegal
m32_n32_k31_f32,whole_shape_vector_materialized_padding,whole_shape_vector_materialized_padding,illegal
m32_n32_k31_f32,tiled_vector_full_tiles,tiled_vector_full_tiles,illegal
m32_n32_k31_f32,tiled_vector_materialized_tail,tiled_vector_materialized_tail,measured
m32_n32_k31_f32,tiled_vector_direct_k,tiled_vector_direct_cleanup,measured
m32_n32_k31_f32,tiled_vector_direct_scalar,tiled_vector_direct_cleanup,lowering_incomplete
m32_n32_k31_f32,tiled_vector_specialized_tail,tiled_vector_specialized_tail,lowering_incomplete
m32_n32_k31_f32,tiled_vector_masked_transfer,tiled_vector_direct_cleanup,lowering_incomplete
m32_n32_k31_f32,unfused_vector,unfused_vector,lowering_incomplete
m32_n32_k32_f32,fused_scalar,scalar_baseline,measured
m32_n32_k32_f32,whole_shape_vector_no_padding,whole_shape_vector_no_padding,illegal
m32_n32_k32_f32,whole_shape_vector_materialized_padding,whole_shape_vector_materialized_padding,illegal
m32_n32_k32_f32,tiled_vector_full_tiles,tiled_vector_full_tiles,measured
m32_n32_k32_f32,tiled_vector_materialized_tail,tiled_vector_materialized_tail,illegal
m32_n32_k32_f32,tiled_vector_direct_k,tiled_vector_direct_cleanup,illegal
m32_n32_k32_f32,tiled_vector_direct_scalar,tiled_vector_direct_cleanup,lowering_incomplete
m32_n32_k32_f32,tiled_vector_specialized_tail,tiled_vector_specialized_tail,lowering_incomplete
m32_n32_k32_f32,tiled_vector_masked_transfer,tiled_vector_direct_cleanup,lowering_incomplete
m32_n32_k32_f32,unfused_vector,unfused_vector,lowering_incomplete
m32_n32_k33_f32,fused_scalar,scalar_baseline,measured
m32_n32_k33_f32,whole_shape_vector_no_padding,whole_shape_vector_no_padding,illegal
m32_n32_k33_f32,whole_shape_vector_materialized_padding,whole_shape_vector_materialized_padding,illegal
m32_n32_k33_f32,tiled_vector_full_tiles,tiled_vector_full_tiles,illegal
m32_n32_k33_f32,tiled_vector_materialized_tail,tiled_vector_materialized_tail,measured
m32_n32_k33_f32,tiled_vector_direct_k,tiled_vector_direct_cleanup,measured
m32_n32_k33_f32,tiled_vector_direct_scalar,tiled_vector_direct_cleanup,lowering_incomplete
m32_n32_k33_f32,tiled_vector_specialized_tail,tiled_vector_specialized_tail,lowering_incomplete
m32_n32_k33_f32,tiled_vector_masked_transfer,tiled_vector_direct_cleanup,lowering_incomplete
m32_n32_k33_f32,unfused_vector,unfused_vector,lowering_incomplete
m32_n32_k63_f32,fused_scalar,scalar_baseline,measured
m32_n32_k63_f32,whole_shape_vector_no_padding,whole_shape_vector_no_padding,illegal
m32_n32_k63_f32,whole_shape_vector_materialized_padding,whole_shape_vector_materialized_padding,illegal
m32_n32_k63_f32,tiled_vector_full_tiles,tiled_vector_full_tiles,illegal
m32_n32_k63_f32,tiled_vector_materialized_tail,tiled_vector_materialized_tail,measured
m32_n32_k63_f32,tiled_vector_direct_k,tiled_vector_direct_cleanup,measured
m32_n32_k63_f32,tiled_vector_direct_scalar,tiled_vector_direct_cleanup,lowering_incomplete
m32_n32_k63_f32,tiled_vector_specialized_tail,tiled_vector_specialized_tail,lowering_incomplete
m32_n32_k63_f32,tiled_vector_masked_transfer,tiled_vector_direct_cleanup,lowering_incomplete
m32_n32_k63_f32,unfused_vector,unfused_vector,lowering_incomplete
m32_n32_k64_f32,fused_scalar,scalar_baseline,measured
m32_n32_k64_f32,whole_shape_vector_no_padding,whole_shape_vector_no_padding,illegal
m32_n32_k64_f32,whole_shape_vector_materialized_padding,whole_shape_vector_materialized_padding,illegal
m32_n32_k64_f32,tiled_vector_full_tiles,tiled_vector_full_tiles,measured
m32_n32_k64_f32,tiled_vector_materialized_tail,tiled_vector_materialized_tail,illegal
m32_n32_k64_f32,tiled_vector_direct_k,tiled_vector_direct_cleanup,illegal
m32_n32_k64_f32,tiled_vector_direct_scalar,tiled_vector_direct_cleanup,lowering_incomplete
m32_n32_k64_f32,tiled_vector_specialized_tail,tiled_vector_specialized_tail,lowering_incomplete
m32_n32_k64_f32,tiled_vector_masked_transfer,tiled_vector_direct_cleanup,lowering_incomplete
m32_n32_k64_f32,unfused_vector,unfused_vector,lowering_incomplete
m32_n32_k65_f32,fused_scalar,scalar_baseline,measured
m32_n32_k65_f32,whole_shape_vector_no_padding,whole_shape_vector_no_padding,illegal
m32_n32_k65_f32,whole_shape_vector_materialized_padding,whole_shape_vector_materialized_padding,illegal
m32_n32_k65_f32,tiled_vector_full_tiles,tiled_vector_full_tiles,illegal
m32_n32_k65_f32,tiled_vector_materialized_tail,tiled_vector_materialized_tail,measured
m32_n32_k65_f32,tiled_vector_direct_k,tiled_vector_direct_cleanup,measured
m32_n32_k65_f32,tiled_vector_direct_scalar,tiled_vector_direct_cleanup,lowering_incomplete
m32_n32_k65_f32,tiled_vector_specialized_tail,tiled_vector_specialized_tail,lowering_incomplete
m32_n32_k65_f32,tiled_vector_masked_transfer,tiled_vector_direct_cleanup,lowering_incomplete
m32_n32_k65_f32,unfused_vector,unfused_vector,lowering_incomplete
m32_n32_k95_f32,fused_scalar,scalar_baseline,measured
m32_n32_k95_f32,whole_shape_vector_no_padding,whole_shape_vector_no_padding,illegal
m32_n32_k95_f32,whole_shape_vector_materialized_padding,whole_shape_vector_materialized_padding,illegal
m32_n32_k95_f32,tiled_vector_full_tiles,tiled_vector_full_tiles,illegal
m32_n32_k95_f32,tiled_vector_materialized_tail,tiled_vector_materialized_tail,measured
m32_n32_k95_f32,tiled_vector_direct_k,tiled_vector_direct_cleanup,measured
m32_n32_k95_f32,tiled_vector_direct_scalar,tiled_vector_direct_cleanup,lowering_incomplete
m32_n32_k95_f32,tiled_vector_specialized_tail,tiled_vector_specialized_tail,lowering_incomplete
m32_n32_k95_f32,tiled_vector_masked_transfer,tiled_vector_direct_cleanup,lowering_incomplete
m32_n32_k95_f32,unfused_vector,unfused_vector,lowering_incomplete
m32_n32_k97_f32,fused_scalar,scalar_baseline,measured
m32_n32_k97_f32,whole_shape_vector_no_padding,whole_shape_vector_no_padding,illegal
m32_n32_k97_f32,whole_shape_vector_materialized_padding,whole_shape_vector_materialized_padding,illegal
m32_n32_k97_f32,tiled_vector_full_tiles,tiled_vector_full_tiles,illegal
m32_n32_k97_f32,tiled_vector_materialized_tail,tiled_vector_materialized_tail,measured
m32_n32_k97_f32,tiled_vector_direct_k,tiled_vector_direct_cleanup,measured
m32_n32_k97_f32,tiled_vector_direct_scalar,tiled_vector_direct_cleanup,lowering_incomplete
m32_n32_k97_f32,tiled_vector_specialized_tail,tiled_vector_specialized_tail,lowering_incomplete
m32_n32_k97_f32,tiled_vector_masked_transfer,tiled_vector_direct_cleanup,lowering_incomplete
m32_n32_k97_f32,unfused_vector,unfused_vector,lowering_incomplete
m32_n32_k127_f32,fused_scalar,scalar_baseline,measured
m32_n32_k127_f32,whole_shape_vector_no_padding,whole_shape_vector_no_padding,illegal
m32_n32_k127_f32,whole_shape_vector_materialized_padding,whole_shape_vector_materialized_padding,illegal
m32_n32_k127_f32,tiled_vector_full_tiles,tiled_vector_full_tiles,illegal
m32_n32_k127_f32,tiled_vector_materialized_tail,tiled_vector_materialized_tail,measured
m32_n32_k127_f32,tiled_vector_direct_k,tiled_vector_direct_cleanup,measured
m32_n32_k127_f32,tiled_vector_direct_scalar,tiled_vector_direct_cleanup,lowering_incomplete
m32_n32_k127_f32,tiled_vector_specialized_tail,tiled_vector_specialized_tail,lowering_incomplete
m32_n32_k127_f32,tiled_vector_masked_transfer,tiled_vector_direct_cleanup,lowering_incomplete
m32_n32_k127_f32,unfused_vector,unfused_vector,lowering_incomplete
m32_n64_k17_f32,fused_scalar,scalar_baseline,measured
m32_n64_k17_f32,whole_shape_vector_no_padding,whole_shape_vector_no_padding,illegal
m32_n64_k17_f32,whole_shape_vector_materialized_padding,whole_shape_vector_materialized_padding,illegal
m32_n64_k17_f32,tiled_vector_full_tiles,tiled_vector_full_tiles,illegal
m32_n64_k17_f32,tiled_vector_materialized_tail,tiled_vector_materialized_tail,measured
m32_n64_k17_f32,tiled_vector_direct_k,tiled_vector_direct_cleanup,measured
m32_n64_k17_f32,tiled_vector_direct_scalar,tiled_vector_direct_cleanup,lowering_incomplete
m32_n64_k17_f32,tiled_vector_specialized_tail,tiled_vector_specialized_tail,lowering_incomplete
m32_n64_k17_f32,tiled_vector_masked_transfer,tiled_vector_direct_cleanup,lowering_incomplete
m32_n64_k17_f32,unfused_vector,unfused_vector,lowering_incomplete
m32_n64_k511_f32,fused_scalar,scalar_baseline,measured
m32_n64_k511_f32,whole_shape_vector_no_padding,whole_shape_vector_no_padding,illegal
m32_n64_k511_f32,whole_shape_vector_materialized_padding,whole_shape_vector_materialized_padding,illegal
m32_n64_k511_f32,tiled_vector_full_tiles,tiled_vector_full_tiles,illegal
m32_n64_k511_f32,tiled_vector_materialized_tail,tiled_vector_materialized_tail,measured
m32_n64_k511_f32,tiled_vector_direct_k,tiled_vector_direct_cleanup,measured
m32_n64_k511_f32,tiled_vector_direct_scalar,tiled_vector_direct_cleanup,lowering_incomplete
m32_n64_k511_f32,tiled_vector_specialized_tail,tiled_vector_specialized_tail,lowering_incomplete
m32_n64_k511_f32,tiled_vector_masked_transfer,tiled_vector_direct_cleanup,lowering_incomplete
m32_n64_k511_f32,unfused_vector,unfused_vector,lowering_incomplete
m33_n31_k64_f32,fused_scalar,scalar_baseline,measured
m33_n31_k64_f32,whole_shape_vector_no_padding,whole_shape_vector_no_padding,illegal
m33_n31_k64_f32,whole_shape_vector_materialized_padding,whole_shape_vector_materialized_padding,illegal
m33_n31_k64_f32,tiled_vector_full_tiles,tiled_vector_full_tiles,illegal
m33_n31_k64_f32,tiled_vector_materialized_tail,tiled_vector_materialized_tail,measured
m33_n31_k64_f32,tiled_vector_direct_k,tiled_vector_direct_cleanup,illegal
m33_n31_k64_f32,tiled_vector_direct_scalar,tiled_vector_direct_cleanup,lowering_incomplete
m33_n31_k64_f32,tiled_vector_specialized_tail,tiled_vector_specialized_tail,lowering_incomplete
m33_n31_k64_f32,tiled_vector_masked_transfer,tiled_vector_direct_cleanup,lowering_incomplete
m33_n31_k64_f32,unfused_vector,unfused_vector,lowering_incomplete
m33_n33_k32_f32,fused_scalar,scalar_baseline,measured
m33_n33_k32_f32,whole_shape_vector_no_padding,whole_shape_vector_no_padding,illegal
m33_n33_k32_f32,whole_shape_vector_materialized_padding,whole_shape_vector_materialized_padding,illegal
m33_n33_k32_f32,tiled_vector_full_tiles,tiled_vector_full_tiles,illegal
m33_n33_k32_f32,tiled_vector_materialized_tail,tiled_vector_materialized_tail,measured
m33_n33_k32_f32,tiled_vector_direct_k,tiled_vector_direct_cleanup,illegal
m33_n33_k32_f32,tiled_vector_direct_scalar,tiled_vector_direct_cleanup,lowering_incomplete
m33_n33_k32_f32,tiled_vector_specialized_tail,tiled_vector_specialized_tail,lowering_incomplete
m33_n33_k32_f32,tiled_vector_masked_transfer,tiled_vector_direct_cleanup,lowering_incomplete
m33_n33_k32_f32,unfused_vector,unfused_vector,lowering_incomplete
m40_n24_k33_f32,fused_scalar,scalar_baseline,measured
m40_n24_k33_f32,whole_shape_vector_no_padding,whole_shape_vector_no_padding,illegal
m40_n24_k33_f32,whole_shape_vector_materialized_padding,whole_shape_vector_materialized_padding,illegal
m40_n24_k33_f32,tiled_vector_full_tiles,tiled_vector_full_tiles,illegal
m40_n24_k33_f32,tiled_vector_materialized_tail,tiled_vector_materialized_tail,measured
m40_n24_k33_f32,tiled_vector_direct_k,tiled_vector_direct_cleanup,measured
m40_n24_k33_f32,tiled_vector_direct_scalar,tiled_vector_direct_cleanup,lowering_incomplete
m40_n24_k33_f32,tiled_vector_specialized_tail,tiled_vector_specialized_tail,lowering_incomplete
m40_n24_k33_f32,tiled_vector_masked_transfer,tiled_vector_direct_cleanup,lowering_incomplete
m40_n24_k33_f32,unfused_vector,unfused_vector,lowering_incomplete
m48_n80_k63_f32,fused_scalar,scalar_baseline,measured
m48_n80_k63_f32,whole_shape_vector_no_padding,whole_shape_vector_no_padding,illegal
m48_n80_k63_f32,whole_shape_vector_materialized_padding,whole_shape_vector_materialized_padding,illegal
m48_n80_k63_f32,tiled_vector_full_tiles,tiled_vector_full_tiles,illegal
m48_n80_k63_f32,tiled_vector_materialized_tail,tiled_vector_materialized_tail,measured
m48_n80_k63_f32,tiled_vector_direct_k,tiled_vector_direct_cleanup,measured
m48_n80_k63_f32,tiled_vector_direct_scalar,tiled_vector_direct_cleanup,lowering_incomplete
m48_n80_k63_f32,tiled_vector_specialized_tail,tiled_vector_specialized_tail,lowering_incomplete
m48_n80_k63_f32,tiled_vector_masked_transfer,tiled_vector_direct_cleanup,lowering_incomplete
m48_n80_k63_f32,unfused_vector,unfused_vector,lowering_incomplete
m63_n63_k64_f32,fused_scalar,scalar_baseline,measured
m63_n63_k64_f32,whole_shape_vector_no_padding,whole_shape_vector_no_padding,illegal
m63_n63_k64_f32,whole_shape_vector_materialized_padding,whole_shape_vector_materialized_padding,illegal
m63_n63_k64_f32,tiled_vector_full_tiles,tiled_vector_full_tiles,illegal
m63_n63_k64_f32,tiled_vector_materialized_tail,tiled_vector_materialized_tail,measured
m63_n63_k64_f32,tiled_vector_direct_k,tiled_vector_direct_cleanup,illegal
m63_n63_k64_f32,tiled_vector_direct_scalar,tiled_vector_direct_cleanup,lowering_incomplete
m63_n63_k64_f32,tiled_vector_specialized_tail,tiled_vector_specialized_tail,lowering_incomplete
m63_n63_k64_f32,tiled_vector_masked_transfer,tiled_vector_direct_cleanup,lowering_incomplete
m63_n63_k64_f32,unfused_vector,unfused_vector,lowering_incomplete
m63_n65_k96_f32,fused_scalar,scalar_baseline,measured
m63_n65_k96_f32,whole_shape_vector_no_padding,whole_shape_vector_no_padding,illegal
m63_n65_k96_f32,whole_shape_vector_materialized_padding,whole_shape_vector_materialized_padding,illegal
m63_n65_k96_f32,tiled_vector_full_tiles,tiled_vector_full_tiles,illegal
m63_n65_k96_f32,tiled_vector_materialized_tail,tiled_vector_materialized_tail,measured
m63_n65_k96_f32,tiled_vector_direct_k,tiled_vector_direct_cleanup,illegal
m63_n65_k96_f32,tiled_vector_direct_scalar,tiled_vector_direct_cleanup,lowering_incomplete
m63_n65_k96_f32,tiled_vector_specialized_tail,tiled_vector_specialized_tail,lowering_incomplete
m63_n65_k96_f32,tiled_vector_masked_transfer,tiled_vector_direct_cleanup,lowering_incomplete
m63_n65_k96_f32,unfused_vector,unfused_vector,lowering_incomplete
m64_n16_k65_f32,fused_scalar,scalar_baseline,measured
m64_n16_k65_f32,whole_shape_vector_no_padding,whole_shape_vector_no_padding,illegal
m64_n16_k65_f32,whole_shape_vector_materialized_padding,whole_shape_vector_materialized_padding,illegal
m64_n16_k65_f32,tiled_vector_full_tiles,tiled_vector_full_tiles,illegal
m64_n16_k65_f32,tiled_vector_materialized_tail,tiled_vector_materialized_tail,measured
m64_n16_k65_f32,tiled_vector_direct_k,tiled_vector_direct_cleanup,measured
m64_n16_k65_f32,tiled_vector_direct_scalar,tiled_vector_direct_cleanup,lowering_incomplete
m64_n16_k65_f32,tiled_vector_specialized_tail,tiled_vector_specialized_tail,lowering_incomplete
m64_n16_k65_f32,tiled_vector_masked_transfer,tiled_vector_direct_cleanup,lowering_incomplete
m64_n16_k65_f32,unfused_vector,unfused_vector,lowering_incomplete
m64_n32_k31_f32,fused_scalar,scalar_baseline,measured
m64_n32_k31_f32,whole_shape_vector_no_padding,whole_shape_vector_no_padding,illegal
m64_n32_k31_f32,whole_shape_vector_materialized_padding,whole_shape_vector_materialized_padding,illegal
m64_n32_k31_f32,tiled_vector_full_tiles,tiled_vector_full_tiles,illegal
m64_n32_k31_f32,tiled_vector_materialized_tail,tiled_vector_materialized_tail,measured
m64_n32_k31_f32,tiled_vector_direct_k,tiled_vector_direct_cleanup,measured
m64_n32_k31_f32,tiled_vector_direct_scalar,tiled_vector_direct_cleanup,lowering_incomplete
m64_n32_k31_f32,tiled_vector_specialized_tail,tiled_vector_specialized_tail,lowering_incomplete
m64_n32_k31_f32,tiled_vector_masked_transfer,tiled_vector_direct_cleanup,lowering_incomplete
m64_n32_k31_f32,unfused_vector,unfused_vector,lowering_incomplete
m64_n32_k513_f32,fused_scalar,scalar_baseline,measured
m64_n32_k513_f32,whole_shape_vector_no_padding,whole_shape_vector_no_padding,illegal
m64_n32_k513_f32,whole_shape_vector_materialized_padding,whole_shape_vector_materialized_padding,illegal
m64_n32_k513_f32,tiled_vector_full_tiles,tiled_vector_full_tiles,illegal
m64_n32_k513_f32,tiled_vector_materialized_tail,tiled_vector_materialized_tail,measured
m64_n32_k513_f32,tiled_vector_direct_k,tiled_vector_direct_cleanup,measured
m64_n32_k513_f32,tiled_vector_direct_scalar,tiled_vector_direct_cleanup,lowering_incomplete
m64_n32_k513_f32,tiled_vector_specialized_tail,tiled_vector_specialized_tail,lowering_incomplete
m64_n32_k513_f32,tiled_vector_masked_transfer,tiled_vector_direct_cleanup,lowering_incomplete
m64_n32_k513_f32,unfused_vector,unfused_vector,lowering_incomplete
m64_n64_k63_f32,fused_scalar,scalar_baseline,measured
m64_n64_k63_f32,whole_shape_vector_no_padding,whole_shape_vector_no_padding,illegal
m64_n64_k63_f32,whole_shape_vector_materialized_padding,whole_shape_vector_materialized_padding,illegal
m64_n64_k63_f32,tiled_vector_full_tiles,tiled_vector_full_tiles,illegal
m64_n64_k63_f32,tiled_vector_materialized_tail,tiled_vector_materialized_tail,measured
m64_n64_k63_f32,tiled_vector_direct_k,tiled_vector_direct_cleanup,measured
m64_n64_k63_f32,tiled_vector_direct_scalar,tiled_vector_direct_cleanup,lowering_incomplete
m64_n64_k63_f32,tiled_vector_specialized_tail,tiled_vector_specialized_tail,lowering_incomplete
m64_n64_k63_f32,tiled_vector_masked_transfer,tiled_vector_direct_cleanup,lowering_incomplete
m64_n64_k63_f32,unfused_vector,unfused_vector,lowering_incomplete
m64_n64_k64_f32,fused_scalar,scalar_baseline,measured
m64_n64_k64_f32,whole_shape_vector_no_padding,whole_shape_vector_no_padding,illegal
m64_n64_k64_f32,whole_shape_vector_materialized_padding,whole_shape_vector_materialized_padding,illegal
m64_n64_k64_f32,tiled_vector_full_tiles,tiled_vector_full_tiles,measured
m64_n64_k64_f32,tiled_vector_materialized_tail,tiled_vector_materialized_tail,illegal
m64_n64_k64_f32,tiled_vector_direct_k,tiled_vector_direct_cleanup,illegal
m64_n64_k64_f32,tiled_vector_direct_scalar,tiled_vector_direct_cleanup,lowering_incomplete
m64_n64_k64_f32,tiled_vector_specialized_tail,tiled_vector_specialized_tail,lowering_incomplete
m64_n64_k64_f32,tiled_vector_masked_transfer,tiled_vector_direct_cleanup,lowering_incomplete
m64_n64_k64_f32,unfused_vector,unfused_vector,lowering_incomplete
m64_n64_k65_f32,fused_scalar,scalar_baseline,measured
m64_n64_k65_f32,whole_shape_vector_no_padding,whole_shape_vector_no_padding,illegal
m64_n64_k65_f32,whole_shape_vector_materialized_padding,whole_shape_vector_materialized_padding,illegal
m64_n64_k65_f32,tiled_vector_full_tiles,tiled_vector_full_tiles,illegal
m64_n64_k65_f32,tiled_vector_materialized_tail,tiled_vector_materialized_tail,measured
m64_n64_k65_f32,tiled_vector_direct_k,tiled_vector_direct_cleanup,measured
m64_n64_k65_f32,tiled_vector_direct_scalar,tiled_vector_direct_cleanup,lowering_incomplete
m64_n64_k65_f32,tiled_vector_specialized_tail,tiled_vector_specialized_tail,lowering_incomplete
m64_n64_k65_f32,tiled_vector_masked_transfer,tiled_vector_direct_cleanup,lowering_incomplete
m64_n64_k65_f32,unfused_vector,unfused_vector,lowering_incomplete
m64_n64_k128_f32,fused_scalar,scalar_baseline,measured
m64_n64_k128_f32,whole_shape_vector_no_padding,whole_shape_vector_no_padding,illegal
m64_n64_k128_f32,whole_shape_vector_materialized_padding,whole_shape_vector_materialized_padding,illegal
m64_n64_k128_f32,tiled_vector_full_tiles,tiled_vector_full_tiles,measured
m64_n64_k128_f32,tiled_vector_materialized_tail,tiled_vector_materialized_tail,illegal
m64_n64_k128_f32,tiled_vector_direct_k,tiled_vector_direct_cleanup,illegal
m64_n64_k128_f32,tiled_vector_direct_scalar,tiled_vector_direct_cleanup,lowering_incomplete
m64_n64_k128_f32,tiled_vector_specialized_tail,tiled_vector_specialized_tail,lowering_incomplete
m64_n64_k128_f32,tiled_vector_masked_transfer,tiled_vector_direct_cleanup,lowering_incomplete
m64_n64_k128_f32,unfused_vector,unfused_vector,lowering_incomplete
m65_n63_k96_f32,fused_scalar,scalar_baseline,measured
m65_n63_k96_f32,whole_shape_vector_no_padding,whole_shape_vector_no_padding,illegal
m65_n63_k96_f32,whole_shape_vector_materialized_padding,whole_shape_vector_materialized_padding,illegal
m65_n63_k96_f32,tiled_vector_full_tiles,tiled_vector_full_tiles,illegal
m65_n63_k96_f32,tiled_vector_materialized_tail,tiled_vector_materialized_tail,measured
m65_n63_k96_f32,tiled_vector_direct_k,tiled_vector_direct_cleanup,illegal
m65_n63_k96_f32,tiled_vector_direct_scalar,tiled_vector_direct_cleanup,lowering_incomplete
m65_n63_k96_f32,tiled_vector_specialized_tail,tiled_vector_specialized_tail,lowering_incomplete
m65_n63_k96_f32,tiled_vector_masked_transfer,tiled_vector_direct_cleanup,lowering_incomplete
m65_n63_k96_f32,unfused_vector,unfused_vector,lowering_incomplete
m65_n65_k64_f32,fused_scalar,scalar_baseline,measured
m65_n65_k64_f32,whole_shape_vector_no_padding,whole_shape_vector_no_padding,illegal
m65_n65_k64_f32,whole_shape_vector_materialized_padding,whole_shape_vector_materialized_padding,illegal
m65_n65_k64_f32,tiled_vector_full_tiles,tiled_vector_full_tiles,illegal
m65_n65_k64_f32,tiled_vector_materialized_tail,tiled_vector_materialized_tail,measured
m65_n65_k64_f32,tiled_vector_direct_k,tiled_vector_direct_cleanup,illegal
m65_n65_k64_f32,tiled_vector_direct_scalar,tiled_vector_direct_cleanup,lowering_incomplete
m65_n65_k64_f32,tiled_vector_specialized_tail,tiled_vector_specialized_tail,lowering_incomplete
m65_n65_k64_f32,tiled_vector_masked_transfer,tiled_vector_direct_cleanup,lowering_incomplete
m65_n65_k64_f32,unfused_vector,unfused_vector,lowering_incomplete
m80_n48_k65_f32,fused_scalar,scalar_baseline,measured
m80_n48_k65_f32,whole_shape_vector_no_padding,whole_shape_vector_no_padding,illegal
m80_n48_k65_f32,whole_shape_vector_materialized_padding,whole_shape_vector_materialized_padding,illegal
m80_n48_k65_f32,tiled_vector_full_tiles,tiled_vector_full_tiles,illegal
m80_n48_k65_f32,tiled_vector_materialized_tail,tiled_vector_materialized_tail,measured
m80_n48_k65_f32,tiled_vector_direct_k,tiled_vector_direct_cleanup,measured
m80_n48_k65_f32,tiled_vector_direct_scalar,tiled_vector_direct_cleanup,lowering_incomplete
m80_n48_k65_f32,tiled_vector_specialized_tail,tiled_vector_specialized_tail,lowering_incomplete
m80_n48_k65_f32,tiled_vector_masked_transfer,tiled_vector_direct_cleanup,lowering_incomplete
m80_n48_k65_f32,unfused_vector,unfused_vector,lowering_incomplete
m95_n95_k96_f32,fused_scalar,scalar_baseline,measured
m95_n95_k96_f32,whole_shape_vector_no_padding,whole_shape_vector_no_padding,illegal
m95_n95_k96_f32,whole_shape_vector_materialized_padding,whole_shape_vector_materialized_padding,illegal
m95_n95_k96_f32,tiled_vector_full_tiles,tiled_vector_full_tiles,illegal
m95_n95_k96_f32,tiled_vector_materialized_tail,tiled_vector_materialized_tail,measured
m95_n95_k96_f32,tiled_vector_direct_k,tiled_vector_direct_cleanup,illegal
m95_n95_k96_f32,tiled_vector_direct_scalar,tiled_vector_direct_cleanup,lowering_incomplete
m95_n95_k96_f32,tiled_vector_specialized_tail,tiled_vector_specialized_tail,lowering_incomplete
m95_n95_k96_f32,tiled_vector_masked_transfer,tiled_vector_direct_cleanup,lowering_incomplete
m95_n95_k96_f32,unfused_vector,unfused_vector,lowering_incomplete
m95_n97_k128_f32,fused_scalar,scalar_baseline,measured
m95_n97_k128_f32,whole_shape_vector_no_padding,whole_shape_vector_no_padding,illegal
m95_n97_k128_f32,whole_shape_vector_materialized_padding,whole_shape_vector_materialized_padding,illegal
m95_n97_k128_f32,tiled_vector_full_tiles,tiled_vector_full_tiles,illegal
m95_n97_k128_f32,tiled_vector_materialized_tail,tiled_vector_materialized_tail,measured
m95_n97_k128_f32,tiled_vector_direct_k,tiled_vector_direct_cleanup,illegal
m95_n97_k128_f32,tiled_vector_direct_scalar,tiled_vector_direct_cleanup,lowering_incomplete
m95_n97_k128_f32,tiled_vector_specialized_tail,tiled_vector_specialized_tail,lowering_incomplete
m95_n97_k128_f32,tiled_vector_masked_transfer,tiled_vector_direct_cleanup,lowering_incomplete
m95_n97_k128_f32,unfused_vector,unfused_vector,lowering_incomplete
m96_n96_k95_f32,fused_scalar,scalar_baseline,measured
m96_n96_k95_f32,whole_shape_vector_no_padding,whole_shape_vector_no_padding,illegal
m96_n96_k95_f32,whole_shape_vector_materialized_padding,whole_shape_vector_materialized_padding,illegal
m96_n96_k95_f32,tiled_vector_full_tiles,tiled_vector_full_tiles,illegal
m96_n96_k95_f32,tiled_vector_materialized_tail,tiled_vector_materialized_tail,measured
m96_n96_k95_f32,tiled_vector_direct_k,tiled_vector_direct_cleanup,measured
m96_n96_k95_f32,tiled_vector_direct_scalar,tiled_vector_direct_cleanup,lowering_incomplete
m96_n96_k95_f32,tiled_vector_specialized_tail,tiled_vector_specialized_tail,lowering_incomplete
m96_n96_k95_f32,tiled_vector_masked_transfer,tiled_vector_direct_cleanup,lowering_incomplete
m96_n96_k95_f32,unfused_vector,unfused_vector,lowering_incomplete
m96_n96_k97_f32,fused_scalar,scalar_baseline,measured
m96_n96_k97_f32,whole_shape_vector_no_padding,whole_shape_vector_no_padding,illegal
m96_n96_k97_f32,whole_shape_vector_materialized_padding,whole_shape_vector_materialized_padding,illegal
m96_n96_k97_f32,tiled_vector_full_tiles,tiled_vector_full_tiles,illegal
m96_n96_k97_f32,tiled_vector_materialized_tail,tiled_vector_materialized_tail,measured
m96_n96_k97_f32,tiled_vector_direct_k,tiled_vector_direct_cleanup,measured
m96_n96_k97_f32,tiled_vector_direct_scalar,tiled_vector_direct_cleanup,lowering_incomplete
m96_n96_k97_f32,tiled_vector_specialized_tail,tiled_vector_specialized_tail,lowering_incomplete
m96_n96_k97_f32,tiled_vector_masked_transfer,tiled_vector_direct_cleanup,lowering_incomplete
m96_n96_k97_f32,unfused_vector,unfused_vector,lowering_incomplete
m97_n95_k128_f32,fused_scalar,scalar_baseline,measured
m97_n95_k128_f32,whole_shape_vector_no_padding,whole_shape_vector_no_padding,illegal
m97_n95_k128_f32,whole_shape_vector_materialized_padding,whole_shape_vector_materialized_padding,illegal
m97_n95_k128_f32,tiled_vector_full_tiles,tiled_vector_full_tiles,illegal
m97_n95_k128_f32,tiled_vector_materialized_tail,tiled_vector_materialized_tail,measured
m97_n95_k128_f32,tiled_vector_direct_k,tiled_vector_direct_cleanup,illegal
m97_n95_k128_f32,tiled_vector_direct_scalar,tiled_vector_direct_cleanup,lowering_incomplete
m97_n95_k128_f32,tiled_vector_specialized_tail,tiled_vector_specialized_tail,lowering_incomplete
m97_n95_k128_f32,tiled_vector_masked_transfer,tiled_vector_direct_cleanup,lowering_incomplete
m97_n95_k128_f32,unfused_vector,unfused_vector,lowering_incomplete
m97_n97_k96_f32,fused_scalar,scalar_baseline,measured
m97_n97_k96_f32,whole_shape_vector_no_padding,whole_shape_vector_no_padding,illegal
m97_n97_k96_f32,whole_shape_vector_materialized_padding,whole_shape_vector_materialized_padding,illegal
m97_n97_k96_f32,tiled_vector_full_tiles,tiled_vector_full_tiles,illegal
m97_n97_k96_f32,tiled_vector_materialized_tail,tiled_vector_materialized_tail,measured
m97_n97_k96_f32,tiled_vector_direct_k,tiled_vector_direct_cleanup,illegal
m97_n97_k96_f32,tiled_vector_direct_scalar,tiled_vector_direct_cleanup,lowering_incomplete
m97_n97_k96_f32,tiled_vector_specialized_tail,tiled_vector_specialized_tail,lowering_incomplete
m97_n97_k96_f32,tiled_vector_masked_transfer,tiled_vector_direct_cleanup,lowering_incomplete
m97_n97_k96_f32,unfused_vector,unfused_vector,lowering_incomplete
m127_n127_k128_f32,fused_scalar,scalar_baseline,measured
m127_n127_k128_f32,whole_shape_vector_no_padding,whole_shape_vector_no_padding,illegal
m127_n127_k128_f32,whole_shape_vector_materialized_padding,whole_shape_vector_materialized_padding,illegal
m127_n127_k128_f32,tiled_vector_full_tiles,tiled_vector_full_tiles,illegal
m127_n127_k128_f32,tiled_vector_materialized_tail,tiled_vector_materialized_tail,measured
m127_n127_k128_f32,tiled_vector_direct_k,tiled_vector_direct_cleanup,illegal
m127_n127_k128_f32,tiled_vector_direct_scalar,tiled_vector_direct_cleanup,lowering_incomplete
m127_n127_k128_f32,tiled_vector_specialized_tail,tiled_vector_specialized_tail,lowering_incomplete
m127_n127_k128_f32,tiled_vector_masked_transfer,tiled_vector_direct_cleanup,lowering_incomplete
m127_n127_k128_f32,unfused_vector,unfused_vector,lowering_incomplete
m127_n129_k256_f32,fused_scalar,scalar_baseline,measured
m127_n129_k256_f32,whole_shape_vector_no_padding,whole_shape_vector_no_padding,illegal
m127_n129_k256_f32,whole_shape_vector_materialized_padding,whole_shape_vector_materialized_padding,illegal
m127_n129_k256_f32,tiled_vector_full_tiles,tiled_vector_full_tiles,illegal
m127_n129_k256_f32,tiled_vector_materialized_tail,tiled_vector_materialized_tail,measured
m127_n129_k256_f32,tiled_vector_direct_k,tiled_vector_direct_cleanup,illegal
m127_n129_k256_f32,tiled_vector_direct_scalar,tiled_vector_direct_cleanup,lowering_incomplete
m127_n129_k256_f32,tiled_vector_specialized_tail,tiled_vector_specialized_tail,lowering_incomplete
m127_n129_k256_f32,tiled_vector_masked_transfer,tiled_vector_direct_cleanup,lowering_incomplete
m127_n129_k256_f32,unfused_vector,unfused_vector,lowering_incomplete
m128_n16_k257_f32,fused_scalar,scalar_baseline,measured
m128_n16_k257_f32,whole_shape_vector_no_padding,whole_shape_vector_no_padding,illegal
m128_n16_k257_f32,whole_shape_vector_materialized_padding,whole_shape_vector_materialized_padding,illegal
m128_n16_k257_f32,tiled_vector_full_tiles,tiled_vector_full_tiles,illegal
m128_n16_k257_f32,tiled_vector_materialized_tail,tiled_vector_materialized_tail,measured
m128_n16_k257_f32,tiled_vector_direct_k,tiled_vector_direct_cleanup,measured
m128_n16_k257_f32,tiled_vector_direct_scalar,tiled_vector_direct_cleanup,lowering_incomplete
m128_n16_k257_f32,tiled_vector_specialized_tail,tiled_vector_specialized_tail,lowering_incomplete
m128_n16_k257_f32,tiled_vector_masked_transfer,tiled_vector_direct_cleanup,lowering_incomplete
m128_n16_k257_f32,unfused_vector,unfused_vector,lowering_incomplete
m128_n64_k16_f32,fused_scalar,scalar_baseline,measured
m128_n64_k16_f32,whole_shape_vector_no_padding,whole_shape_vector_no_padding,illegal
m128_n64_k16_f32,whole_shape_vector_materialized_padding,whole_shape_vector_materialized_padding,illegal
m128_n64_k16_f32,tiled_vector_full_tiles,tiled_vector_full_tiles,measured
m128_n64_k16_f32,tiled_vector_materialized_tail,tiled_vector_materialized_tail,illegal
m128_n64_k16_f32,tiled_vector_direct_k,tiled_vector_direct_cleanup,illegal
m128_n64_k16_f32,tiled_vector_direct_scalar,tiled_vector_direct_cleanup,lowering_incomplete
m128_n64_k16_f32,tiled_vector_specialized_tail,tiled_vector_specialized_tail,lowering_incomplete
m128_n64_k16_f32,tiled_vector_masked_transfer,tiled_vector_direct_cleanup,lowering_incomplete
m128_n64_k16_f32,unfused_vector,unfused_vector,lowering_incomplete
m128_n128_k64_f32,fused_scalar,scalar_baseline,measured
m128_n128_k64_f32,whole_shape_vector_no_padding,whole_shape_vector_no_padding,illegal
m128_n128_k64_f32,whole_shape_vector_materialized_padding,whole_shape_vector_materialized_padding,illegal
m128_n128_k64_f32,tiled_vector_full_tiles,tiled_vector_full_tiles,measured
m128_n128_k64_f32,tiled_vector_materialized_tail,tiled_vector_materialized_tail,illegal
m128_n128_k64_f32,tiled_vector_direct_k,tiled_vector_direct_cleanup,illegal
m128_n128_k64_f32,tiled_vector_direct_scalar,tiled_vector_direct_cleanup,lowering_incomplete
m128_n128_k64_f32,tiled_vector_specialized_tail,tiled_vector_specialized_tail,lowering_incomplete
m128_n128_k64_f32,tiled_vector_masked_transfer,tiled_vector_direct_cleanup,lowering_incomplete
m128_n128_k64_f32,unfused_vector,unfused_vector,lowering_incomplete
m128_n128_k127_f32,fused_scalar,scalar_baseline,measured
m128_n128_k127_f32,whole_shape_vector_no_padding,whole_shape_vector_no_padding,illegal
m128_n128_k127_f32,whole_shape_vector_materialized_padding,whole_shape_vector_materialized_padding,illegal
m128_n128_k127_f32,tiled_vector_full_tiles,tiled_vector_full_tiles,illegal
m128_n128_k127_f32,tiled_vector_materialized_tail,tiled_vector_materialized_tail,measured
m128_n128_k127_f32,tiled_vector_direct_k,tiled_vector_direct_cleanup,measured
m128_n128_k127_f32,tiled_vector_direct_scalar,tiled_vector_direct_cleanup,lowering_incomplete
m128_n128_k127_f32,tiled_vector_specialized_tail,tiled_vector_specialized_tail,lowering_incomplete
m128_n128_k127_f32,tiled_vector_masked_transfer,tiled_vector_direct_cleanup,lowering_incomplete
m128_n128_k127_f32,unfused_vector,unfused_vector,lowering_incomplete
m128_n128_k129_f32,fused_scalar,scalar_baseline,measured
m128_n128_k129_f32,whole_shape_vector_no_padding,whole_shape_vector_no_padding,illegal
m128_n128_k129_f32,whole_shape_vector_materialized_padding,whole_shape_vector_materialized_padding,illegal
m128_n128_k129_f32,tiled_vector_full_tiles,tiled_vector_full_tiles,illegal
m128_n128_k129_f32,tiled_vector_materialized_tail,tiled_vector_materialized_tail,measured
m128_n128_k129_f32,tiled_vector_direct_k,tiled_vector_direct_cleanup,measured
m128_n128_k129_f32,tiled_vector_direct_scalar,tiled_vector_direct_cleanup,lowering_incomplete
m128_n128_k129_f32,tiled_vector_specialized_tail,tiled_vector_specialized_tail,lowering_incomplete
m128_n128_k129_f32,tiled_vector_masked_transfer,tiled_vector_direct_cleanup,lowering_incomplete
m128_n128_k129_f32,unfused_vector,unfused_vector,lowering_incomplete
m128_n512_k16_f32,fused_scalar,scalar_baseline,measured
m128_n512_k16_f32,whole_shape_vector_no_padding,whole_shape_vector_no_padding,illegal
m128_n512_k16_f32,whole_shape_vector_materialized_padding,whole_shape_vector_materialized_padding,illegal
m128_n512_k16_f32,tiled_vector_full_tiles,tiled_vector_full_tiles,measured
m128_n512_k16_f32,tiled_vector_materialized_tail,tiled_vector_materialized_tail,illegal
m128_n512_k16_f32,tiled_vector_direct_k,tiled_vector_direct_cleanup,illegal
m128_n512_k16_f32,tiled_vector_direct_scalar,tiled_vector_direct_cleanup,lowering_incomplete
m128_n512_k16_f32,tiled_vector_specialized_tail,tiled_vector_specialized_tail,lowering_incomplete
m128_n512_k16_f32,tiled_vector_masked_transfer,tiled_vector_direct_cleanup,lowering_incomplete
m128_n512_k16_f32,unfused_vector,unfused_vector,lowering_incomplete
m129_n127_k256_f32,fused_scalar,scalar_baseline,measured
m129_n127_k256_f32,whole_shape_vector_no_padding,whole_shape_vector_no_padding,illegal
m129_n127_k256_f32,whole_shape_vector_materialized_padding,whole_shape_vector_materialized_padding,illegal
m129_n127_k256_f32,tiled_vector_full_tiles,tiled_vector_full_tiles,illegal
m129_n127_k256_f32,tiled_vector_materialized_tail,tiled_vector_materialized_tail,measured
m129_n127_k256_f32,tiled_vector_direct_k,tiled_vector_direct_cleanup,illegal
m129_n127_k256_f32,tiled_vector_direct_scalar,tiled_vector_direct_cleanup,lowering_incomplete
m129_n127_k256_f32,tiled_vector_specialized_tail,tiled_vector_specialized_tail,lowering_incomplete
m129_n127_k256_f32,tiled_vector_masked_transfer,tiled_vector_direct_cleanup,lowering_incomplete
m129_n127_k256_f32,unfused_vector,unfused_vector,lowering_incomplete
m129_n129_k128_f32,fused_scalar,scalar_baseline,measured
m129_n129_k128_f32,whole_shape_vector_no_padding,whole_shape_vector_no_padding,illegal
m129_n129_k128_f32,whole_shape_vector_materialized_padding,whole_shape_vector_materialized_padding,illegal
m129_n129_k128_f32,tiled_vector_full_tiles,tiled_vector_full_tiles,illegal
m129_n129_k128_f32,tiled_vector_materialized_tail,tiled_vector_materialized_tail,measured
m129_n129_k128_f32,tiled_vector_direct_k,tiled_vector_direct_cleanup,illegal
m129_n129_k128_f32,tiled_vector_direct_scalar,tiled_vector_direct_cleanup,lowering_incomplete
m129_n129_k128_f32,tiled_vector_specialized_tail,tiled_vector_specialized_tail,lowering_incomplete
m129_n129_k128_f32,tiled_vector_masked_transfer,tiled_vector_direct_cleanup,lowering_incomplete
m129_n129_k128_f32,unfused_vector,unfused_vector,lowering_incomplete
m255_n255_k256_f32,fused_scalar,scalar_baseline,measured
m255_n255_k256_f32,whole_shape_vector_no_padding,whole_shape_vector_no_padding,illegal
m255_n255_k256_f32,whole_shape_vector_materialized_padding,whole_shape_vector_materialized_padding,illegal
m255_n255_k256_f32,tiled_vector_full_tiles,tiled_vector_full_tiles,illegal
m255_n255_k256_f32,tiled_vector_materialized_tail,tiled_vector_materialized_tail,measured
m255_n255_k256_f32,tiled_vector_direct_k,tiled_vector_direct_cleanup,illegal
m255_n255_k256_f32,tiled_vector_direct_scalar,tiled_vector_direct_cleanup,lowering_incomplete
m255_n255_k256_f32,tiled_vector_specialized_tail,tiled_vector_specialized_tail,lowering_incomplete
m255_n255_k256_f32,tiled_vector_masked_transfer,tiled_vector_direct_cleanup,lowering_incomplete
m255_n255_k256_f32,unfused_vector,unfused_vector,lowering_incomplete
m256_n8_k16_f32,fused_scalar,scalar_baseline,measured
m256_n8_k16_f32,whole_shape_vector_no_padding,whole_shape_vector_no_padding,illegal
m256_n8_k16_f32,whole_shape_vector_materialized_padding,whole_shape_vector_materialized_padding,illegal
m256_n8_k16_f32,tiled_vector_full_tiles,tiled_vector_full_tiles,measured
m256_n8_k16_f32,tiled_vector_materialized_tail,tiled_vector_materialized_tail,illegal
m256_n8_k16_f32,tiled_vector_direct_k,tiled_vector_direct_cleanup,illegal
m256_n8_k16_f32,tiled_vector_direct_scalar,tiled_vector_direct_cleanup,lowering_incomplete
m256_n8_k16_f32,tiled_vector_specialized_tail,tiled_vector_specialized_tail,lowering_incomplete
m256_n8_k16_f32,tiled_vector_masked_transfer,tiled_vector_direct_cleanup,lowering_incomplete
m256_n8_k16_f32,unfused_vector,unfused_vector,lowering_incomplete
m256_n256_k255_f32,fused_scalar,scalar_baseline,measured
m256_n256_k255_f32,whole_shape_vector_no_padding,whole_shape_vector_no_padding,illegal
m256_n256_k255_f32,whole_shape_vector_materialized_padding,whole_shape_vector_materialized_padding,illegal
m256_n256_k255_f32,tiled_vector_full_tiles,tiled_vector_full_tiles,illegal
m256_n256_k255_f32,tiled_vector_materialized_tail,tiled_vector_materialized_tail,measured
m256_n256_k255_f32,tiled_vector_direct_k,tiled_vector_direct_cleanup,measured
m256_n256_k255_f32,tiled_vector_direct_scalar,tiled_vector_direct_cleanup,lowering_incomplete
m256_n256_k255_f32,tiled_vector_specialized_tail,tiled_vector_specialized_tail,lowering_incomplete
m256_n256_k255_f32,tiled_vector_masked_transfer,tiled_vector_direct_cleanup,lowering_incomplete
m256_n256_k255_f32,unfused_vector,unfused_vector,lowering_incomplete
m256_n256_k257_f32,fused_scalar,scalar_baseline,measured
m256_n256_k257_f32,whole_shape_vector_no_padding,whole_shape_vector_no_padding,illegal
m256_n256_k257_f32,whole_shape_vector_materialized_padding,whole_shape_vector_materialized_padding,illegal
m256_n256_k257_f32,tiled_vector_full_tiles,tiled_vector_full_tiles,illegal
m256_n256_k257_f32,tiled_vector_materialized_tail,tiled_vector_materialized_tail,measured
m256_n256_k257_f32,tiled_vector_direct_k,tiled_vector_direct_cleanup,measured
m256_n256_k257_f32,tiled_vector_direct_scalar,tiled_vector_direct_cleanup,lowering_incomplete
m256_n256_k257_f32,tiled_vector_specialized_tail,tiled_vector_specialized_tail,lowering_incomplete
m256_n256_k257_f32,tiled_vector_masked_transfer,tiled_vector_direct_cleanup,lowering_incomplete
m256_n256_k257_f32,unfused_vector,unfused_vector,lowering_incomplete
m256_n512_k8_f32,fused_scalar,scalar_baseline,measured
m256_n512_k8_f32,whole_shape_vector_no_padding,whole_shape_vector_no_padding,illegal
m256_n512_k8_f32,whole_shape_vector_materialized_padding,whole_shape_vector_materialized_padding,illegal
m256_n512_k8_f32,tiled_vector_full_tiles,tiled_vector_full_tiles,measured
m256_n512_k8_f32,tiled_vector_materialized_tail,tiled_vector_materialized_tail,illegal
m256_n512_k8_f32,tiled_vector_direct_k,tiled_vector_direct_cleanup,illegal
m256_n512_k8_f32,tiled_vector_direct_scalar,tiled_vector_direct_cleanup,lowering_incomplete
m256_n512_k8_f32,tiled_vector_specialized_tail,tiled_vector_specialized_tail,lowering_incomplete
m256_n512_k8_f32,tiled_vector_masked_transfer,tiled_vector_direct_cleanup,lowering_incomplete
m256_n512_k8_f32,unfused_vector,unfused_vector,lowering_incomplete
m257_n257_k256_f32,fused_scalar,scalar_baseline,measured
m257_n257_k256_f32,whole_shape_vector_no_padding,whole_shape_vector_no_padding,illegal
m257_n257_k256_f32,whole_shape_vector_materialized_padding,whole_shape_vector_materialized_padding,illegal
m257_n257_k256_f32,tiled_vector_full_tiles,tiled_vector_full_tiles,illegal
m257_n257_k256_f32,tiled_vector_materialized_tail,tiled_vector_materialized_tail,measured
m257_n257_k256_f32,tiled_vector_direct_k,tiled_vector_direct_cleanup,illegal
m257_n257_k256_f32,tiled_vector_direct_scalar,tiled_vector_direct_cleanup,lowering_incomplete
m257_n257_k256_f32,tiled_vector_specialized_tail,tiled_vector_specialized_tail,lowering_incomplete
m257_n257_k256_f32,tiled_vector_masked_transfer,tiled_vector_direct_cleanup,lowering_incomplete
m257_n257_k256_f32,unfused_vector,unfused_vector,lowering_incomplete
m512_n16_k32_f32,fused_scalar,scalar_baseline,measured
m512_n16_k32_f32,whole_shape_vector_no_padding,whole_shape_vector_no_padding,illegal
m512_n16_k32_f32,whole_shape_vector_materialized_padding,whole_shape_vector_materialized_padding,illegal
m512_n16_k32_f32,tiled_vector_full_tiles,tiled_vector_full_tiles,measured
m512_n16_k32_f32,tiled_vector_materialized_tail,tiled_vector_materialized_tail,illegal
m512_n16_k32_f32,tiled_vector_direct_k,tiled_vector_direct_cleanup,illegal
m512_n16_k32_f32,tiled_vector_direct_scalar,tiled_vector_direct_cleanup,lowering_incomplete
m512_n16_k32_f32,tiled_vector_specialized_tail,tiled_vector_specialized_tail,lowering_incomplete
m512_n16_k32_f32,tiled_vector_masked_transfer,tiled_vector_direct_cleanup,lowering_incomplete
m512_n16_k32_f32,unfused_vector,unfused_vector,lowering_incomplete
m512_n256_k32_f32,fused_scalar,scalar_baseline,measured
m512_n256_k32_f32,whole_shape_vector_no_padding,whole_shape_vector_no_padding,illegal
m512_n256_k32_f32,whole_shape_vector_materialized_padding,whole_shape_vector_materialized_padding,illegal
m512_n256_k32_f32,tiled_vector_full_tiles,tiled_vector_full_tiles,measured
m512_n256_k32_f32,tiled_vector_materialized_tail,tiled_vector_materialized_tail,illegal
m512_n256_k32_f32,tiled_vector_direct_k,tiled_vector_direct_cleanup,illegal
m512_n256_k32_f32,tiled_vector_direct_scalar,tiled_vector_direct_cleanup,lowering_incomplete
m512_n256_k32_f32,tiled_vector_specialized_tail,tiled_vector_specialized_tail,lowering_incomplete
m512_n256_k32_f32,tiled_vector_masked_transfer,tiled_vector_direct_cleanup,lowering_incomplete
m512_n256_k32_f32,unfused_vector,unfused_vector,lowering_incomplete
m512_n1024_k16_f32,fused_scalar,scalar_baseline,measured
m512_n1024_k16_f32,whole_shape_vector_no_padding,whole_shape_vector_no_padding,illegal
m512_n1024_k16_f32,whole_shape_vector_materialized_padding,whole_shape_vector_materialized_padding,illegal
m512_n1024_k16_f32,tiled_vector_full_tiles,tiled_vector_full_tiles,measured
m512_n1024_k16_f32,tiled_vector_materialized_tail,tiled_vector_materialized_tail,illegal
m512_n1024_k16_f32,tiled_vector_direct_k,tiled_vector_direct_cleanup,illegal
m512_n1024_k16_f32,tiled_vector_direct_scalar,tiled_vector_direct_cleanup,lowering_incomplete
m512_n1024_k16_f32,tiled_vector_specialized_tail,tiled_vector_specialized_tail,lowering_incomplete
m512_n1024_k16_f32,tiled_vector_masked_transfer,tiled_vector_direct_cleanup,lowering_incomplete
m512_n1024_k16_f32,unfused_vector,unfused_vector,lowering_incomplete
m1024_n8_k16_f32,fused_scalar,scalar_baseline,measured
m1024_n8_k16_f32,whole_shape_vector_no_padding,whole_shape_vector_no_padding,illegal
m1024_n8_k16_f32,whole_shape_vector_materialized_padding,whole_shape_vector_materialized_padding,illegal
m1024_n8_k16_f32,tiled_vector_full_tiles,tiled_vector_full_tiles,measured
m1024_n8_k16_f32,tiled_vector_materialized_tail,tiled_vector_materialized_tail,illegal
m1024_n8_k16_f32,tiled_vector_direct_k,tiled_vector_direct_cleanup,illegal
m1024_n8_k16_f32,tiled_vector_direct_scalar,tiled_vector_direct_cleanup,lowering_incomplete
m1024_n8_k16_f32,tiled_vector_specialized_tail,tiled_vector_specialized_tail,lowering_incomplete
m1024_n8_k16_f32,tiled_vector_masked_transfer,tiled_vector_direct_cleanup,lowering_incomplete
m1024_n8_k16_f32,unfused_vector,unfused_vector,lowering_incomplete
m1024_n16_k32_f32,fused_scalar,scalar_baseline,measured
m1024_n16_k32_f32,whole_shape_vector_no_padding,whole_shape_vector_no_padding,illegal
m1024_n16_k32_f32,whole_shape_vector_materialized_padding,whole_shape_vector_materialized_padding,illegal
m1024_n16_k32_f32,tiled_vector_full_tiles,tiled_vector_full_tiles,measured
m1024_n16_k32_f32,tiled_vector_materialized_tail,tiled_vector_materialized_tail,illegal
m1024_n16_k32_f32,tiled_vector_direct_k,tiled_vector_direct_cleanup,illegal
m1024_n16_k32_f32,tiled_vector_direct_scalar,tiled_vector_direct_cleanup,lowering_incomplete
m1024_n16_k32_f32,tiled_vector_specialized_tail,tiled_vector_specialized_tail,lowering_incomplete
m1024_n16_k32_f32,tiled_vector_masked_transfer,tiled_vector_direct_cleanup,lowering_incomplete
m1024_n16_k32_f32,unfused_vector,unfused_vector,lowering_incomplete
