dataset_version,benchmark_commit,target_id,target_cpu,target_features,dtype,operator_kind,shape_group_id,candidate_id,candidate_kind,split,M,N,K,output_elements,reduction_elements,total_flops,input_bytes,output_bytes,arithmetic_intensity,fused,bias_enabled,relu_enabled,intermediate_tensor_count,estimated_intermediate_bytes,avoided_intermediate_bytes,schedule_kind,scalar,vectorized,whole_shape_vectorized,tiled,tile_m,tile_n,tile_k,vector_width,full_tile_count,padding_policy,padded_m,padded_n,padded_k,padded_elements,padded_flops,padded_flop_ratio,temporary_bytes,zero_fill_bytes,copy_bytes,m_remainder,n_remainder,k_remainder,m_tail_strategy,n_tail_strategy,k_tail_strategy,m_tail_invocations,n_tail_invocations,k_tail_invocations,direct_vector_ops,masked_lane_waste,estimated_llvm_ir_bytes,estimated_object_text_bytes,estimated_static_instruction_count,branch_cost_feature,register_pressure_estimate,spill_risk,lowering_stage_count,target_legal,lowering_complete,native_executable,legality_reason,unsupported_reason,execution_status,correctness_pass,sentinel_pass,sanitizer_pass,label_valid,warmup_calls,measured_calls,median_ns,p95_ns,mad_ns,min_ns,max_ns,checksum,max_absolute_error,max_relative_error,cpu_affinity,governor,current_frequency_khz,compiler_flags,compiler_version,mlir_version,binary_hash,object_hash,actual_llvm_mlir_bytes,actual_llvm_ir_bytes,actual_object_text_bytes,actual_static_instruction_count,actual_fmla_count,actual_branch_count,actual_stack_frame_bytes,actual_spills,compile_time_ms,compiler_peak_rss_kib,log_median_ns
matmul_bias_relu_latency_row_v1,a7190332cb38049430d2305aef5fb26ff5251971,raspberry-pi5-cortex-a76,cortex-a76,"+neon,+fp-armv8",f32,matmul_bias_relu,m1024_n16_k32_f32,fused_scalar,scalar_baseline,train,1024,16,32,16384,32,1081344,198656,65536,4.093023255813954,True,True,True,0,0,131072,scalar,True,False,False,False,0,0,0,1,0,none,1024,16,32,0,1081344,1.0,0,0,0,0,0,0,none,none,none,0,0,0,0,0,512,512,64,1,3.0,False,8,True,True,True,,,success,True,True,,True,100,2000,2046090.0,2046849.0,1425.0,2044515.0,2115275.0,86ad1701ddcf6f1e51258b2ebc69bf9091820a81854e3c1f18ef23600381b2ee,3.57627869e-07,0.000756429652,3,ondemand,,-O3 -mtriple=aarch64-linux-gnu -mcpu=cortex-a76,Pi g++ and LLVM 21 captured by runner,MLIR 21,c4ca0fcc983c6ca350c4e37cfb0ca741d2b783e6db55b15d4ea0c87ed730de25,400ff469aceab258ac45a6e8b66744f36fb283a9a59c5cde367aed6231768665,16481,11533,,141,0,21,,,177.75739589706063,,14.531441212796048
matmul_bias_relu_latency_row_v1,a7190332cb38049430d2305aef5fb26ff5251971,raspberry-pi5-cortex-a76,cortex-a76,"+neon,+fp-armv8",f32,matmul_bias_relu,m1024_n16_k32_f32,tiled_vector_full_tiles,tiled_vector_full_tiles,train,1024,16,32,16384,32,1081344,198656,65536,4.093023255813954,True,True,True,0,0,131072,tiled_vector,False,True,False,True,8,8,8,4,1024,none,1024,16,32,0,1081344,1.0,0,0,0,0,0,0,none,none,none,0,0,0,0,0,1049088,2097664,131136,1024,1.0,False,10,True,True,True,,,success,True,True,,True,100,2000,42908.0,43074.0,56.0,42704.0,47630.0,ba4ca6a7164d4b49bb20fdd0f5df1aa24d6ea93efd92a4acc4ac8c62f66e5b28,0,0,3,ondemand,,-O3 -mtriple=aarch64-linux-gnu -mcpu=cortex-a76,Pi g++ and LLVM 21 captured by runner,MLIR 21,d8a2300a5180b1d2068a5640d29370d0ab6357f7a1e573bc1f28550bf35aab0c,1dd8e08ad047d9f5d063a86b444ff612948adab51bc74883b5639928cf50cdbf,81704,48205,,354,128,11,,,214.42341106012464,,10.66681356771732
matmul_bias_relu_latency_row_v1,a7190332cb38049430d2305aef5fb26ff5251971,raspberry-pi5-cortex-a76,cortex-a76,"+neon,+fp-armv8",f32,matmul_bias_relu,m1024_n8_k16_f32,fused_scalar,scalar_baseline,validation,1024,8,16,8192,16,278528,98816,32768,2.1167315175097277,True,True,True,0,0,65536,scalar,True,False,False,False,0,0,0,1,0,none,1024,8,16,0,278528,1.0,0,0,0,0,0,0,none,none,none,0,0,0,0,0,512,512,64,1,3.0,False,8,True,True,True,,,success,True,True,,True,100,2000,531277.0,532999.0,0.0,531240.0,594110.0,5a9e3c70d5edf953df2c20f302833994c3997f704e3efa988ac81c082c67290a,2.38418579e-07,0.000284292822,3,ondemand,,-O3 -mtriple=aarch64-linux-gnu -mcpu=cortex-a76,Pi g++ and LLVM 21 captured by runner,MLIR 21,81d4cdecaa37088c9624f5afd63df28156f0c26c2043419ee29118049dda7912,719303f4b9f1e82e021b93414f35e9ca49f8f7319cc0e4f7a7d789be71ebb9b7,16468,11518,,139,0,21,,,153.42450886964798,,13.183038821458704
matmul_bias_relu_latency_row_v1,a7190332cb38049430d2305aef5fb26ff5251971,raspberry-pi5-cortex-a76,cortex-a76,"+neon,+fp-armv8",f32,matmul_bias_relu,m1024_n8_k16_f32,tiled_vector_full_tiles,tiled_vector_full_tiles,validation,1024,8,16,8192,16,278528,98816,32768,2.1167315175097277,True,True,True,0,0,65536,tiled_vector,False,True,False,True,8,8,8,4,256,none,1024,8,16,0,278528,1.0,0,0,0,0,0,0,none,none,none,0,0,0,0,0,262656,524800,32832,256,1.0,False,10,True,True,True,,,success,True,True,,True,100,2000,11963.0,12018.0,19.0,11851.0,23759.0,151b499032f42149f47a30d27159fb3e4c113571be6001b2c61f0089590da097,0,0,3,ondemand,,-O3 -mtriple=aarch64-linux-gnu -mcpu=cortex-a76,Pi g++ and LLVM 21 captured by runner,MLIR 21,ef907d8fedcb5820cb9eb97b77ea876d3706ae62d8dca0b4a0d5853b40cb3485,dfb2afbb276bc2dc460b020f91d0dbc5069dde95e8ffa0830170452fbab8f24b,81287,47719,,343,128,9,,,218.3558400720358,,9.389573832170905
matmul_bias_relu_latency_row_v1,a7190332cb38049430d2305aef5fb26ff5251971,raspberry-pi5-cortex-a76,cortex-a76,"+neon,+fp-armv8",f32,matmul_bias_relu,m127_n127_k128_f32,fused_scalar,scalar_baseline,heldout,127,127,128,16129,128,4161282,194564,64516,16.061764705882354,True,True,True,0,0,129032,scalar,True,False,False,False,0,0,0,1,0,none,127,127,128,0,4161282,1.0,0,0,0,7,7,0,none,none,none,0,0,0,0,0,512,512,64,1,3.0,False,8,True,True,True,,,success,True,True,,True,100,500,7845916.0,7851769.0,204.0,7844157.0,7913843.0,95a877f71debb3cac329e71b9c1adcd182935a73fec2f5470525d32501f2d41a,7.15255737e-07,0.00192492782,3,ondemand,,-O3 -mtriple=aarch64-linux-gnu -mcpu=cortex-a76,Pi g++ and LLVM 21 captured by runner,MLIR 21,eafccb62f96d0209d761500328f2b6ae988aef9c3f4c44045ee5e7aa1d92b76e,0070a970421b9529c3cc34a706af969ceb6e19ff8c2de4a8f02957ef900b7e88,16440,11544,,140,0,21,,,148.10339105315506,,15.875503699602048
matmul_bias_relu_latency_row_v1,a7190332cb38049430d2305aef5fb26ff5251971,raspberry-pi5-cortex-a76,cortex-a76,"+neon,+fp-armv8",f32,matmul_bias_relu,m127_n127_k128_f32,tiled_vector_materialized_tail,tiled_vector_materialized_tail,heldout,127,127,128,16129,128,4161282,194564,64516,16.061764705882354,True,True,True,0,0,129032,tiled_vector,False,True,False,True,8,8,8,4,3600,tile_materialized,127,127,128,0,4161282,1.0,768,393216,262144,7,7,0,none,none,none,256,256,0,0,0,4129536,8258560,516192,4096,1.0,False,10,True,True,True,,,success,True,True,,True,100,500,1485387.0,1487868.0,425.0,1484517.0,1504924.0,bcac2077357872b28d2c9548919ccd442e6e4abb4b68d286519f6d30b82029a3,0,0,3,ondemand,,-O3 -mtriple=aarch64-linux-gnu -mcpu=cortex-a76,Pi g++ and LLVM 21 captured by runner,MLIR 21,40a88e01e98273f3fd7cd5b76312288961e4ffe88917047b2a0134e1a8c7e08b,f57e5609e20b448597f738f08f31196d62ca826521d3cf4955e72429d5ad92e2,114992,66872,,722,128,53,,,264.8204988799989,,14.211185902327681
matmul_bias_relu_latency_row_v1,a7190332cb38049430d2305aef5fb26ff5251971,raspberry-pi5-cortex-a76,cortex-a76,"+neon,+fp-armv8",f32,matmul_bias_relu,m127_n129_k256_f32,fused_scalar,scalar_baseline,train,127,129,256,16383,256,8420862,327676,65532,21.415795202539115,True,True,True,0,0,131064,scalar,True,False,False,False,0,0,0,1,0,none,127,129,256,0,8420862,1.0,0,0,0,7,1,0,none,none,none,0,0,0,0,0,512,512,64,1,3.0,False,8,True,True,True,,,success,True,True,,True,100,500,15858495.0,15870458.0,723.0,15855606.0,15936717.0,1daf49b31dcdda8d4a5fae04acc10defe0732d596c19a492fe907e457a6e4841,1.43051147e-06,0.00229951135,3,ondemand,,-O3 -mtriple=aarch64-linux-gnu -mcpu=cortex-a76,Pi g++ and LLVM 21 captured by runner,MLIR 21,933cd1173a8a968d235d6688cb901659f7b94561c4eda301093922aba6602fa9,02dc5633dc086ba13d55730c84b9e14af12c3ffce602f2b4efe4ad9baf9ed3b7,16490,11544,,142,0,21,,,148.50997203029692,,16.579215876856264
matmul_bias_relu_latency_row_v1,a7190332cb38049430d2305aef5fb26ff5251971,raspberry-pi5-cortex-a76,cortex-a76,"+neon,+fp-armv8",f32,matmul_bias_relu,m127_n129_k256_f32,tiled_vector_materialized_tail,tiled_vector_materialized_tail,train,127,129,256,16383,256,8420862,327676,65532,21.415795202539115,True,True,True,0,0,131064,tiled_vector,False,True,False,True,8,8,8,4,7680,tile_materialized,127,129,256,0,8420862,1.0,768,811008,540672,7,1,0,none,none,none,544,512,0,0,0,8388608,16776704,1048576,8704,1.0,False,10,True,True,True,,,success,True,True,,True,100,500,3024885.0,3029403.0,1445.0,3021329.0,3083810.0,88a8c4d212c807c62dece8b759b2c0d25ee1988cbbcdbadcb3e6bccdc59db749,0,0,3,ondemand,,-O3 -mtriple=aarch64-linux-gnu -mcpu=cortex-a76,Pi g++ and LLVM 21 captured by runner,MLIR 21,03355e94a1ca48c7ee6c8e97561694832c878feabb0127d80cbba732b457524a,7d0d58b5314e98623f8b41d7068fc1ee5617c4c02322e708393afad5909e863e,115044,66872,,730,128,53,,,251.85878295451403,,14.922383632195507
matmul_bias_relu_latency_row_v1,a7190332cb38049430d2305aef5fb26ff5251971,raspberry-pi5-cortex-a76,cortex-a76,"+neon,+fp-armv8",f32,matmul_bias_relu,m128_n128_k127_f32,fused_scalar,scalar_baseline,validation,128,128,127,16384,127,4194304,195584,65536,16.062745098039215,True,True,True,0,0,131072,scalar,True,False,False,False,0,0,0,1,0,none,128,128,127,0,4194304,1.0,0,0,0,0,0,7,none,none,none,0,0,0,0,0,512,512,64,1,3.0,False,8,True,True,True,,,success,True,True,,True,100,500,7908102.0,7914176.0,277.0,7906212.0,7975935.0,3942fbb5a29bb339ec109a3e32457109624e6f3c491ad057a25bfe92926cff51,7.15255737e-07,0.000917010546,3,ondemand,,-O3 -mtriple=aarch64-linux-gnu -mcpu=cortex-a76,Pi g++ and LLVM 21 captured by runner,MLIR 21,2a3c920dbf2cb53e7cb5d03d54a7ee7591b442789b57fda38d98fb1709a5b8e7,c10422468eea08acd8ffd53834aea825468e2f2ed424261f3e65f05e089afcd5,16440,11544,,141,0,21,,,180.40944286622107,,15.883398361520266
matmul_bias_relu_latency_row_v1,a7190332cb38049430d2305aef5fb26ff5251971,raspberry-pi5-cortex-a76,cortex-a76,"+neon,+fp-armv8",f32,matmul_bias_relu,m128_n128_k127_f32,tiled_vector_direct_k,tiled_vector_direct_cleanup,validation,128,128,127,16384,127,4194304,195584,65536,16.062745098039215,True,True,True,0,0,131072,tiled_vector,False,True,False,True,8,8,8,4,3840,none,128,128,127,0,4194304,1.0,0,0,0,0,0,7,none,none,direct_vector_cleanup,0,0,256,229376,0,4162048,8323584,520256,4096,1.0,False,10,True,True,True,,,success,True,True,,True,100,500,219315.0,221147.0,75.0,218908.0,226000.0,20ba66d009f9b5513d9dbea56db28d6220d80fe0d026c9189c4bc27d3ece9882,0,0,3,ondemand,,-O3 -mtriple=aarch64-linux-gnu -mcpu=cortex-a76,Pi g++ and LLVM 21 captured by runner,MLIR 21,9eb15497db7a393bdda31a0257d0fdc260c0b651abef3270bc2f5abcdcc66285,b0a54116d2cf509c3d18754c105992b64a8ad7bbe2470273b7c38fa94eb239a1,65493,42746,,378,144,13,,,184.38648921437562,,12.298264331519649
matmul_bias_relu_latency_row_v1,a7190332cb38049430d2305aef5fb26ff5251971,raspberry-pi5-cortex-a76,cortex-a76,"+neon,+fp-armv8",f32,matmul_bias_relu,m128_n128_k127_f32,tiled_vector_materialized_tail,tiled_vector_materialized_tail,validation,128,128,127,16384,127,4194304,195584,65536,16.062745098039215,True,True,True,0,0,131072,tiled_vector,False,True,False,True,8,8,8,4,3840,tile_materialized,128,128,127,0,4194304,1.0,768,196608,131072,0,0,7,none,none,none,0,0,256,0,0,4162048,8323584,520256,4096,1.0,False,10,True,True,True,,,success,True,True,,True,100,500,855036.0,857517.0,315.0,854536.0,876406.0,add4f0f2198c1eb78b1f90370717cdf692c329b120360d56739515d68860cd98,0,0,3,ondemand,,-O3 -mtriple=aarch64-linux-gnu -mcpu=cortex-a76,Pi g++ and LLVM 21 captured by runner,MLIR 21,1177d10438e3c5cc8c9a2716780f29bc903857d5d1e62a5c5b404e26c4dcdba6,e4b9f450d6876f55df663f0366689de3496f30704927a26f0d3c1f725c67e47e,106849,61646,,490,128,22,,,245.76646299101412,,13.658898852295653
matmul_bias_relu_latency_row_v1,a7190332cb38049430d2305aef5fb26ff5251971,raspberry-pi5-cortex-a76,cortex-a76,"+neon,+fp-armv8",f32,matmul_bias_relu,m128_n128_k129_f32,fused_scalar,scalar_baseline,train,128,128,129,16384,129,4259840,197632,65536,16.186770428015564,True,True,True,0,0,131072,scalar,True,False,False,False,0,0,0,1,0,none,128,128,129,0,4259840,1.0,0,0,0,0,0,1,none,none,none,0,0,0,0,0,512,512,64,1,3.0,False,8,True,True,True,,,success,True,True,,True,100,500,8031397.0,8038656.0,351.0,8030786.000000001,8108990.0,a3eab6402d8f328f299487bb17efedef344eccf8c9722e2b08e5c0216cd63187,7.15255737e-07,0.000874775839,3,ondemand,,-O3 -mtriple=aarch64-linux-gnu -mcpu=cortex-a76,Pi g++ and LLVM 21 captured by runner,MLIR 21,feaeeead2fa74431431bca0d0e02fdf854b82c85a564f779549c060b8a55c100,659c5072ed485244888c81fbad94cfac23e9cc9e639a182f8b6275bacc93cf01,16440,11544,,141,0,21,,,149.75437498651445,,15.898869043394205
matmul_bias_relu_latency_row_v1,a7190332cb38049430d2305aef5fb26ff5251971,raspberry-pi5-cortex-a76,cortex-a76,"+neon,+fp-armv8",f32,matmul_bias_relu,m128_n128_k129_f32,tiled_vector_direct_k,tiled_vector_direct_cleanup,train,128,128,129,16384,129,4259840,197632,65536,16.186770428015564,True,True,True,0,0,131072,tiled_vector,False,True,False,True,8,8,8,4,4096,none,128,128,129,0,4259840,1.0,0,0,0,0,0,1,none,none,direct_vector_cleanup,0,0,256,32768,0,4227584,8454656,528448,4352,1.0,False,10,True,True,True,,,success,True,True,,True,100,500,141926.0,142241.0,278.0,141352.0,147796.0,a17757062b4f831176553f78d2a5ff63d25497d372701b2d5164a1b144435652,0,0,3,ondemand,,-O3 -mtriple=aarch64-linux-gnu -mcpu=cortex-a76,Pi g++ and LLVM 21 captured by runner,MLIR 21,1704ce06af103593c2dcbfa14f204bf06c8a2d899dc937a04277cedc9dd0445b,c06c48a15beaa3aa82adc2770aebac8d921196ae3a7278a2b527a0361e928ca9,65000,42273,,374,144,11,,,179.49134996160865,,11.86306107398909
matmul_bias_relu_latency_row_v1,a7190332cb38049430d2305aef5fb26ff5251971,raspberry-pi5-cortex-a76,cortex-a76,"+neon,+fp-armv8",f32,matmul_bias_relu,m128_n128_k129_f32,tiled_vector_materialized_tail,tiled_vector_materialized_tail,train,128,128,129,16384,129,4259840,197632,65536,16.186770428015564,True,True,True,0,0,131072,tiled_vector,False,True,False,True,8,8,8,4,4096,tile_materialized,128,128,129,0,4259840,1.0,768,196608,131072,0,0,1,none,none,none,0,0,256,0,0,4227584,8454656,528448,4352,1.0,False,10,True,True,True,,,success,True,True,,True,100,500,892814.0,896110.0,279.0,892406.0,948388.0,795aa319244acf92582c01d59cd2290cc4b6aa9ceb4d2dc90f1504453c2ffb4d,0,0,3,ondemand,,-O3 -mtriple=aarch64-linux-gnu -mcpu=cortex-a76,Pi g++ and LLVM 21 captured by runner,MLIR 21,a317bdbcc7d8423395df7ee550793ed88c8b5cbe649dd4d782d0b99549b20a68,11cf6990e6d4f3ebedd3dd7be6b1c3cf2b5a4a73d2e2e477b4e0e3ad06e2f2ba,106849,61646,,490,128,22,,,243.73847106471658,,13.702133551489823
matmul_bias_relu_latency_row_v1,a7190332cb38049430d2305aef5fb26ff5251971,raspberry-pi5-cortex-a76,cortex-a76,"+neon,+fp-armv8",f32,matmul_bias_relu,m128_n128_k64_f32,fused_scalar,scalar_baseline,train,128,128,64,16384,64,2129920,131072,65536,10.833333333333334,True,True,True,0,0,131072,scalar,True,False,False,False,0,0,0,1,0,none,128,128,64,0,2129920,1.0,0,0,0,0,0,0,none,none,none,0,0,0,0,0,512,512,64,1,3.0,False,8,True,True,True,,,success,True,True,,True,100,500,4020050.9999999995,4021237.0,149.0,4019606.9999999995,4095663.0,215e06b73b50545a4395d415d31ac179296aaf0069e85e449fef39acf9abc14e,5.96046448e-07,0.00347222222,3,ondemand,,-O3 -mtriple=aarch64-linux-gnu -mcpu=cortex-a76,Pi g++ and LLVM 21 captured by runner,MLIR 21,f819534bda329f3012de2a103682cf25b8189d2ec8099149308b2985d02870a9,e270fea2c1d63a9e694bf87880198c1f8c3011059e12e180af84beccbb2c770f,16436,11540,,141,0,21,,,148.2815258204937,,15.206805147081894
matmul_bias_relu_latency_row_v1,a7190332cb38049430d2305aef5fb26ff5251971,raspberry-pi5-cortex-a76,cortex-a76,"+neon,+fp-armv8",f32,matmul_bias_relu,m128_n128_k64_f32,tiled_vector_full_tiles,tiled_vector_full_tiles,train,128,128,64,16384,64,2129920,131072,65536,10.833333333333334,True,True,True,0,0,131072,tiled_vector,False,True,False,True,8,8,8,4,2048,none,128,128,64,0,2129920,1.0,0,0,0,0,0,0,none,none,none,0,0,0,0,0,2097664,4194816,262208,2048,1.0,False,10,True,True,True,,,success,True,True,,True,100,500,79296.0,79463.0,56.0,79018.0,81462.0,0dfc356d0693256cfd633d387baa81ccd16156493d23c1d6af6fff5af4fa3699,0,0,3,ondemand,,-O3 -mtriple=aarch64-linux-gnu -mcpu=cortex-a76,Pi g++ and LLVM 21 captured by runner,MLIR 21,71801682fbcdcaf8bfabff65c3ae6031891a766ecec613334b28a6060bc966d9,d2a0fc784f433390ed628962ad691fd0381cfb7704b6d36ca97c6f2afff1b561,81709,48257,,382,128,11,,,245.98298594355583,,11.280942964988814
matmul_bias_relu_latency_row_v1,a7190332cb38049430d2305aef5fb26ff5251971,raspberry-pi5-cortex-a76,cortex-a76,"+neon,+fp-armv8",f32,matmul_bias_relu,m128_n16_k257_f32,fused_scalar,scalar_baseline,train,128,16,257,2048,257,1056768,156224,8192,6.427403659011288,True,True,True,0,0,16384,scalar,True,False,False,False,0,0,0,1,0,none,128,16,257,0,1056768,1.0,0,0,0,0,0,1,none,none,none,0,0,0,0,0,512,512,64,1,3.0,False,8,True,True,True,,,success,True,True,,True,100,2000,1990386.0,1991145.0,1223.0,1988830.0,2056163.9999999998,92663bfdad72a8d07e78626b541b5d420a78b5aca706727f8759e43bbd8006c0,9.53674316e-07,0.000219424559,3,ondemand,,-O3 -mtriple=aarch64-linux-gnu -mcpu=cortex-a76,Pi g++ and LLVM 21 captured by runner,MLIR 21,6df0ecaa78b0d35e8d0b04b010ab56f61374782062a3d8aa716d1b952cc0ba6a,b15734ce9c0e80601a99e159425db291bba572ac0c0d19ef21629c16c9e2abc2,16477,11527,,139,0,21,,,176.89246707595885,,14.503839147740203
matmul_bias_relu_latency_row_v1,a7190332cb38049430d2305aef5fb26ff5251971,raspberry-pi5-cortex-a76,cortex-a76,"+neon,+fp-armv8",f32,matmul_bias_relu,m128_n16_k257_f32,tiled_vector_direct_k,tiled_vector_direct_cleanup,train,128,16,257,2048,257,1056768,156224,8192,6.427403659011288,True,True,True,0,0,16384,tiled_vector,False,True,False,True,8,8,8,4,1024,none,128,16,257,0,1056768,1.0,0,0,0,0,0,1,none,none,direct_vector_cleanup,0,0,32,4096,0,1053184,2105856,131648,1056,1.0,False,10,True,True,True,,,success,True,True,,True,100,2000,31722.0,31777.0,18.0,31648.000000000004,47648.0,d40895d89d7ac399dc4b035537baa13ea25dccaea9cebea3bcabfe082b589515,0,0,3,ondemand,,-O3 -mtriple=aarch64-linux-gnu -mcpu=cortex-a76,Pi g++ and LLVM 21 captured by runner,MLIR 21,13eba18069fda4940a29f530d3a0dc2c7d0678362bc5238227d78891cd0070be,ac66206877e7700ac825cee4b37ad3f694ff173e30f0f456a76ea7c48426081a,65069,42241,,372,144,11,,,198.4676329884678,,10.364765725463505
matmul_bias_relu_latency_row_v1,a7190332cb38049430d2305aef5fb26ff5251971,raspberry-pi5-cortex-a76,cortex-a76,"+neon,+fp-armv8",f32,matmul_bias_relu,m128_n16_k257_f32,tiled_vector_materialized_tail,tiled_vector_materialized_tail,train,128,16,257,2048,257,1056768,156224,8192,6.427403659011288,True,True,True,0,0,16384,tiled_vector,False,True,False,True,8,8,8,4,1024,tile_materialized,128,16,257,0,1056768,1.0,768,24576,16384,0,0,1,none,none,none,0,0,32,0,0,1053184,2105856,131648,1056,1.0,False,10,True,True,True,,,success,True,True,,True,100,2000,214407.0,215999.0,55.0,214203.0,238055.0,ee5d5750cade64d3c763a4ba57d1c2b037fa960ad2b52b5829e53add3b6c65d5,0,0,3,ondemand,,-O3 -mtriple=aarch64-linux-gnu -mcpu=cortex-a76,Pi g++ and LLVM 21 captured by runner,MLIR 21,a5e58802abcd910e177dc121ba6a4afa6e5a795bae35c6a197be86027294a0d2,2fe00b3b9847bdeb02a3a00849f3814e5220892bc9297ebf0bd511690d500ea5,106826,61578,,466,128,22,,,235.88815610855818,,12.27563135689954
matmul_bias_relu_latency_row_v1,a7190332cb38049430d2305aef5fb26ff5251971,raspberry-pi5-cortex-a76,cortex-a76,"+neon,+fp-armv8",f32,matmul_bias_relu,m128_n512_k16_f32,fused_scalar,scalar_baseline,train,128,512,16,65536,16,2228224,303104,262144,3.9420289855072466,True,True,True,0,0,524288,scalar,True,False,False,False,0,0,0,1,0,none,128,512,16,0,2228224,1.0,0,0,0,0,0,0,none,none,none,0,0,0,0,0,512,512,64,1,3.0,False,8,True,True,True,,,success,True,True,,True,100,500,4277179.0,4281772.0,1500.0,4270697.0,4377401.0,be49f4dd54ce841a275bff18a3ce1b53eb1f56218741943cfe754b35aacd0ec6,2.38418579e-07,0.037252903,3,ondemand,,-O3 -mtriple=aarch64-linux-gnu -mcpu=cortex-a76,Pi g++ and LLVM 21 captured by runner,MLIR 21,0de8a1380579c0a206e0f2ad87d06e497663fd39c75ec05988592e576cc4d7f6,d4377054e9a946f0a196d41bd7fa7f5bdf654a26c2a3f1a9825863b4a56f5b81,16486,11542,,141,0,21,,,148.450274951756,,15.268804238098541
matmul_bias_relu_latency_row_v1,a7190332cb38049430d2305aef5fb26ff5251971,raspberry-pi5-cortex-a76,cortex-a76,"+neon,+fp-armv8",f32,matmul_bias_relu,m128_n512_k16_f32,tiled_vector_full_tiles,tiled_vector_full_tiles,train,128,512,16,65536,16,2228224,303104,262144,3.9420289855072466,True,True,True,0,0,524288,tiled_vector,False,True,False,True,8,8,8,4,2048,none,128,512,16,0,2228224,1.0,0,0,0,0,0,0,none,none,none,0,0,0,0,0,2097664,4194816,262208,2048,1.0,False,10,True,True,True,,,success,True,True,,True,100,500,142426.0,144259.0,926.0,133741.0,154426.0,a6aeb5444fff2aaca2efb4610c50983b1679646eeefb96482057357833bc5de2,0,0,3,ondemand,,-O3 -mtriple=aarch64-linux-gnu -mcpu=cortex-a76,Pi g++ and LLVM 21 captured by runner,MLIR 21,7cafa7dfcb4ce6bd342d35c5148a32e73ef7032327f7734de0f95a0235cd7963,27a0f1a3199e739a609856df7faeea68a3c54ebb67a63ed21c004d66a950e139,81761,48283,,390,128,11,,,233.70772413909435,,11.866577845563196
matmul_bias_relu_latency_row_v1,a7190332cb38049430d2305aef5fb26ff5251971,raspberry-pi5-cortex-a76,cortex-a76,"+neon,+fp-armv8",f32,matmul_bias_relu,m128_n64_k16_f32,fused_scalar,scalar_baseline,heldout,128,64,16,8192,16,278528,45056,32768,3.5789473684210527,True,True,True,0,0,65536,scalar,True,False,False,False,0,0,0,1,0,none,128,64,16,0,278528,1.0,0,0,0,0,0,0,none,none,none,0,0,0,0,0,512,512,64,1,3.0,False,8,True,True,True,,,success,True,True,,True,100,2000,530537.0,670148.0,1.0,530517.0,718480.0,b14c2ae5a34bc6646c89e80d8263e76062e6f4c3e07fb44c0c918af9d6c49354,2.38418579e-07,0.000951474786,3,ondemand,,-O3 -mtriple=aarch64-linux-gnu -mcpu=cortex-a76,Pi g++ and LLVM 21 captured by runner,MLIR 21,2443d334d4178a1101a6858e1e5a8e52accec87926909a6a89c6dc3b29996e64,697b2216e312b8181f349a8e24f1baccbcd6d2c501218451bf5ba02364bb5698,16473,11525,,139,0,21,,,145.90920903719962,,13.18164498012716
matmul_bias_relu_latency_row_v1,a7190332cb38049430d2305aef5fb26ff5251971,raspberry-pi5-cortex-a76,cortex-a76,"+neon,+fp-armv8",f32,matmul_bias_relu,m128_n64_k16_f32,tiled_vector_full_tiles,tiled_vector_full_tiles,heldout,128,64,16,8192,16,278528,45056,32768,3.5789473684210527,True,True,True,0,0,65536,tiled_vector,False,True,False,True,8,8,8,4,256,none,128,64,16,0,278528,1.0,0,0,0,0,0,0,none,none,none,0,0,0,0,0,262656,524800,32832,256,1.0,False,10,True,True,True,,,success,True,True,,True,100,2000,12648.0,12741.0,37.0,12463.0,20111.0,36ca71986a66a483e463959472e1a335ee3f283b5b50ce45f40eac136c39e079,0,0,3,ondemand,,-O3 -mtriple=aarch64-linux-gnu -mcpu=cortex-a76,Pi g++ and LLVM 21 captured by runner,MLIR 21,e83a14cab902b4da1a4204535ac90c06075e33821284a4b1d144a02cf5c33da4,f7d183665880e76e01e6ca0ceb70caa025e1210c18f12c498ba4956bf6a42e33,81696,48219,,370,128,11,,,278.67394709028304,,9.445254378889308
matmul_bias_relu_latency_row_v1,a7190332cb38049430d2305aef5fb26ff5251971,raspberry-pi5-cortex-a76,cortex-a76,"+neon,+fp-armv8",f32,matmul_bias_relu,m129_n127_k256_f32,fused_scalar,scalar_baseline,validation,129,127,256,16383,256,8420862,327676,65532,21.415795202539115,True,True,True,0,0,131064,scalar,True,False,False,False,0,0,0,1,0,none,129,127,256,0,8420862,1.0,0,0,0,1,7,0,none,none,none,0,0,0,0,0,512,512,64,1,3.0,False,8,True,True,True,,,success,True,True,,True,100,500,15857106.0,15868310.0,518.0,15854810.0,15927125.0,628ff24e86eac2af50faad2b9cfde20b59fcae91a8c96c4b31f681f8ad4b345b,1.43051147e-06,0.0025,3,ondemand,,-O3 -mtriple=aarch64-linux-gnu -mcpu=cortex-a76,Pi g++ and LLVM 21 captured by runner,MLIR 21,eb41c55a8afae50e30eeed2e5167fcaa79ee4546a877f8bbe66415aaccf662d1,7338c8d5f3886ba2769811ea6c52e590691a88f335385e33e9cd4f5aa63a5324,16490,11544,,142,0,21,,,142.4600789323449,,16.57912828589427
matmul_bias_relu_latency_row_v1,a7190332cb38049430d2305aef5fb26ff5251971,raspberry-pi5-cortex-a76,cortex-a76,"+neon,+fp-armv8",f32,matmul_bias_relu,m129_n127_k256_f32,tiled_vector_materialized_tail,tiled_vector_materialized_tail,validation,129,127,256,16383,256,8420862,327676,65532,21.415795202539115,True,True,True,0,0,131064,tiled_vector,False,True,False,True,8,8,8,4,7680,tile_materialized,129,127,256,0,8420862,1.0,768,811008,540672,1,7,0,none,none,none,512,544,0,0,0,8388608,16776704,1048576,8704,1.0,False,10,True,True,True,,,success,True,True,,True,100,500,3040384.0,3042255.0,555.0,3036163.0,3111736.0,7de90f1b517bdd357b1b7c4818bdf35729a11d00b0da0feb836ee474e8e39d45,0,0,3,ondemand,,-O3 -mtriple=aarch64-linux-gnu -mcpu=cortex-a76,Pi g++ and LLVM 21 captured by runner,MLIR 21,28927af8169c6ec09ac7076f5308cba8ac922498ff076d0bf4ff77f7bc0ebb8b,296a18f987c51daaac5012a6cfa7385cd166d3cf155ebb696d35342bde4c0150,115044,66872,,725,128,53,,,266.04255894199014,,14.92749438119471
matmul_bias_relu_latency_row_v1,a7190332cb38049430d2305aef5fb26ff5251971,raspberry-pi5-cortex-a76,cortex-a76,"+neon,+fp-armv8",f32,matmul_bias_relu,m129_n129_k128_f32,fused_scalar,scalar_baseline,train,129,129,128,16641,128,4293378,198660,66564,16.18774319066148,True,True,True,0,0,133128,scalar,True,False,False,False,0,0,0,1,0,none,129,129,128,0,4293378,1.0,0,0,0,1,1,0,none,none,none,0,0,0,0,0,512,512,64,1,3.0,False,8,True,True,True,,,success,True,True,,True,100,500,8094507.999999999,8100324.000000001,222.0,8093878.999999999,8174749.0,892f949fb586ae8ec2145ebfa70320d3fe2d3fe5226964c425ee9c7bfdf5988d,7.15255737e-07,0.00429711479,3,ondemand,,-O3 -mtriple=aarch64-linux-gnu -mcpu=cortex-a76,Pi g++ and LLVM 21 captured by runner,MLIR 21,58c52986976c779eb15c8845da6fcfb51a8dd9dd2db99a4e648770d607b55fd4,630d0f316eb8949b5d196b80705094429c0b80c9c0ccdc36f52b4f1fd76345fe,16440,11544,,142,0,21,,,154.03766906820238,,15.906696364988615
matmul_bias_relu_latency_row_v1,a7190332cb38049430d2305aef5fb26ff5251971,raspberry-pi5-cortex-a76,cortex-a76,"+neon,+fp-armv8",f32,matmul_bias_relu,m129_n129_k128_f32,tiled_vector_materialized_tail,tiled_vector_materialized_tail,train,129,129,128,16641,128,4293378,198660,66564,16.18774319066148,True,True,True,0,0,133128,tiled_vector,False,True,False,True,8,8,8,4,4096,tile_materialized,129,129,128,0,4293378,1.0,768,417792,278528,1,1,0,none,none,none,272,272,0,0,0,4260608,8520704,532576,4624,1.0,False,10,True,True,True,,,success,True,True,,True,100,500,1635757.0,1638813.0,778.0,1634738.0,1707794.0,49a414e4fbb19f7743541631abc9f0c4c342ec9ba14d869eabab81df08f74e02,0,0,3,ondemand,,-O3 -mtriple=aarch64-linux-gnu -mcpu=cortex-a76,Pi g++ and LLVM 21 captured by runner,MLIR 21,b7e0228aec891b1b6064fe89c8855ce0dd46445c61123dbd87a806db220977ee,16045ff331d0fabadee12d2bbffabedaf35f8c8615ac706def7bb295f18be6ff,114992,66872,,729,128,53,,,241.132867988199,,14.307616252105374
matmul_bias_relu_latency_row_v1,a7190332cb38049430d2305aef5fb26ff5251971,raspberry-pi5-cortex-a76,cortex-a76,"+neon,+fp-armv8",f32,matmul_bias_relu,m15_n15_k15_f32,fused_scalar,scalar_baseline,validation,15,15,15,225,15,7200,2700,900,2.0,True,True,True,0,0,1800,scalar,True,False,False,False,0,0,0,1,0,none,15,15,15,0,7200,1.0,0,0,0,7,7,7,none,none,none,0,0,0,0,0,512,512,64,1,3.0,False,8,True,True,True,,,success,True,True,,True,100,20000,13796.0,13815.0,0.0,13777.0,31351.999999999996,99ea9057108e684bca01213dc445163d8950929b5f8635de50727ea6ddf1d33d,2.38418579e-07,4.65413928e-06,3,ondemand,,-O3 -mtriple=aarch64-linux-gnu -mcpu=cortex-a76,Pi g++ and LLVM 21 captured by runner,MLIR 21,14b82bd24071873014c14186f938f9df379ebd05d75bf15b5bc43913f58f39f2,e4f440fa5e2504db7e3d3c62045d32d314d4ba03f3c94fcb53728ed8fb55f164,16367,11513,,140,0,21,,,145.71555005386472,,9.532133974056732
matmul_bias_relu_latency_row_v1,a7190332cb38049430d2305aef5fb26ff5251971,raspberry-pi5-cortex-a76,cortex-a76,"+neon,+fp-armv8",f32,matmul_bias_relu,m15_n15_k15_f32,tiled_vector_materialized_tail,tiled_vector_materialized_tail,validation,15,15,15,225,15,7200,2700,900,2.0,True,True,True,0,0,1800,tiled_vector,False,True,False,True,8,8,8,4,1,tile_materialized,15,15,15,0,7200,1.0,768,9216,6144,7,7,7,none,none,none,4,4,4,0,0,7262,14012,907,8,1.0,False,10,True,True,True,,,success,True,True,,True,100,20000,4426.0,4463.0,18.0,4388.0,16167.0,e1cdab0fc50451897cae26ce467dfa91ceb74ce18bae09a01761b0150415d408,0,0,3,ondemand,,-O3 -mtriple=aarch64-linux-gnu -mcpu=cortex-a76,Pi g++ and LLVM 21 captured by runner,MLIR 21,82bfd2946a25dfe18d16e976d998211bcf9db22189efe23152cb494d432c63ab,1f668eacdffdabc4f2b0933438ae9daacf9c0c99a6a5516e3457d8829f0fca74,114084,66650,,721,128,51,,,262.1656870469451,,8.395251520610994
matmul_bias_relu_latency_row_v1,a7190332cb38049430d2305aef5fb26ff5251971,raspberry-pi5-cortex-a76,cortex-a76,"+neon,+fp-armv8",f32,matmul_bias_relu,m15_n15_k15_f32,whole_shape_vector_no_padding,whole_shape_vector_no_padding,validation,15,15,15,225,15,7200,2700,900,2.0,True,True,True,0,0,1800,whole_shape_vector,False,True,True,False,0,0,0,4,0,none,15,15,15,0,7200,1.0,0,0,0,7,7,7,none,none,none,0,0,0,0,0,7262,14012,907,1,3.0,False,10,True,True,True,,,success,True,True,,True,100,20000,500.0,519.0,0.0,499.0,16444.0,0c8c59643958125771f908d180030b0162e33c31b20f19c0031a0428b9ed9cc0,2.38418579e-07,3.59489634e-06,3,ondemand,,-O3 -mtriple=aarch64-linux-gnu -mcpu=cortex-a76,Pi g++ and LLVM 21 captured by runner,MLIR 21,5e8c328d3e123cef7579fd61ea4aa68b17f181ca11f4e97d56f4c0d53f0c999c,72ed174ff07e1d812834d30a25c378affd84c4bba3f21ab835705622f3799e96,167996,146321,,2693,900,2,,,509.30602103471756,,6.214608098422191
matmul_bias_relu_latency_row_v1,a7190332cb38049430d2305aef5fb26ff5251971,raspberry-pi5-cortex-a76,cortex-a76,"+neon,+fp-armv8",f32,matmul_bias_relu,m15_n15_k31_f32,fused_scalar,scalar_baseline,heldout,15,15,31,225,31,14400,4620,900,2.608695652173913,True,True,True,0,0,1800,scalar,True,False,False,False,0,0,0,1,0,none,15,15,31,0,14400,1.0,0,0,0,7,7,7,none,none,none,0,0,0,0,0,512,512,64,1,3.0,False,8,True,True,True,,,success,True,True,,True,100,10000,27315.0,38574.0,1.0,27296.0,55981.0,bd026ad38e463f395b8de2e1e42c9d277826745fe836cb545a7e6db730d33e37,1.34110451e-07,7.0318543e-06,3,ondemand,,-O3 -mtriple=aarch64-linux-gnu -mcpu=cortex-a76,Pi g++ and LLVM 21 captured by runner,MLIR 21,cd456b0d6ea6f686afd886b241de713a2d61b9eb6ff6a66605393f7e46363102,5780d276d584bbfe053f05a024dd3f902b484db5529c9b711003e93dce3305be,16416,11513,,140,0,21,,,177.57260496728122,,10.215191280829819
matmul_bias_relu_latency_row_v1,a7190332cb38049430d2305aef5fb26ff5251971,raspberry-pi5-cortex-a76,cortex-a76,"+neon,+fp-armv8",f32,matmul_bias_relu,m15_n15_k31_f32,tiled_vector_materialized_tail,tiled_vector_materialized_tail,heldout,15,15,31,225,31,14400,4620,900,2.608695652173913,True,True,True,0,0,1800,tiled_vector,False,True,False,True,8,8,8,4,3,tile_materialized,15,15,31,0,14400,1.0,768,15360,10240,7,7,7,none,none,none,8,8,4,0,0,14462,28412,1807,16,1.0,False,10,True,True,True,,,success,True,True,,True,100,10000,7297.0,7333.0,17.0,7259.0,23907.0,3cba9538b750ee25ef44a6f3817fb41d76e1606624af3406d5abae2ff0d7cbb2,0,0,3,ondemand,,-O3 -mtriple=aarch64-linux-gnu -mcpu=cortex-a76,Pi g++ and LLVM 21 captured by runner,MLIR 21,7d89206887b4b56d4953c562888e056b6a1a23a97b42b5ff2be8f8e9490e4e8e,098a27ff1c48220e2cd3a0b62943f1ed46e385148eab143033e9fc48dfcf5f7b,114135,66650,,721,128,51,,,263.4341299999505,,8.89521858376562
matmul_bias_relu_latency_row_v1,a7190332cb38049430d2305aef5fb26ff5251971,raspberry-pi5-cortex-a76,cortex-a76,"+neon,+fp-armv8",f32,matmul_bias_relu,m16_n128_k255_f32,fused_scalar,scalar_baseline,train,16,128,255,2048,255,1048576,155072,8192,6.422579380635045,True,True,True,0,0,16384,scalar,True,False,False,False,0,0,0,1,0,none,16,128,255,0,1048576,1.0,0,0,0,0,0,7,none,none,none,0,0,0,0,0,512,512,64,1,3.0,False,8,True,True,True,,,success,True,True,,True,100,2000,1976516.0,1978275.0,778.0,1975701.0,2055589.0,533fbe0aaba44211393a4063d86dd7afa865e8b71b47a57a5e7d15bd2f41b73c,9.53674316e-07,0.000112113908,3,ondemand,,-O3 -mtriple=aarch64-linux-gnu -mcpu=cortex-a76,Pi g++ and LLVM 21 captured by runner,MLIR 21,8891cb955f1b8e9cf481efea62c99f598ce4d4baaa31bc6b0d427b0503e3b774,eaaba231843143604854a691ade7d2615bc59e2403ca46437a3de43febbf911c,16482,11534,,139,0,21,,,154.82976799830794,,14.496846256803744
matmul_bias_relu_latency_row_v1,a7190332cb38049430d2305aef5fb26ff5251971,raspberry-pi5-cortex-a76,cortex-a76,"+neon,+fp-armv8",f32,matmul_bias_relu,m16_n128_k255_f32,tiled_vector_direct_k,tiled_vector_direct_cleanup,train,16,128,255,2048,255,1048576,155072,8192,6.422579380635045,True,True,True,0,0,16384,tiled_vector,False,True,False,True,8,8,8,4,992,none,16,128,255,0,1048576,1.0,0,0,0,0,0,7,none,none,direct_vector_cleanup,0,0,32,28672,0,1044992,2089472,130624,1024,1.0,False,10,True,True,True,,,success,True,True,,True,100,2000,45371.0,45481.0,37.0,45185.0,50833.0,69af9739c05167d35bc50ef79b497c82b18e0f1d61c8c1251a448a6a8340d978,0,0,3,ondemand,,-O3 -mtriple=aarch64-linux-gnu -mcpu=cortex-a76,Pi g++ and LLVM 21 captured by runner,MLIR 21,b463070000ec2c28051b7871f651335487c072901a17ea94ff3038ae43433fc1,5ddb00702c026257b58c0ff2bd1c2a8c6668f679ed980ff2d79795198a6ed8e7,65537,42740,,378,144,13,,,198.9145481493324,,10.722628413411364
matmul_bias_relu_latency_row_v1,a7190332cb38049430d2305aef5fb26ff5251971,raspberry-pi5-cortex-a76,cortex-a76,"+neon,+fp-armv8",f32,matmul_bias_relu,m16_n128_k255_f32,tiled_vector_materialized_tail,tiled_vector_materialized_tail,train,16,128,255,2048,255,1048576,155072,8192,6.422579380635045,True,True,True,0,0,16384,tiled_vector,False,True,False,True,8,8,8,4,992,tile_materialized,16,128,255,0,1048576,1.0,768,24576,16384,0,0,7,none,none,none,0,0,32,0,0,1044992,2089472,130624,1024,1.0,False,10,True,True,True,,,success,True,True,,True,100,2000,213129.0,214685.0,73.0,212907.0,231796.0,42f4fc3085c8cb1530e0d871763de299cae7e4807d336319ace568cea7c19dc3,0,0,3,ondemand,,-O3 -mtriple=aarch64-linux-gnu -mcpu=cortex-a76,Pi g++ and LLVM 21 captured by runner,MLIR 21,76e097eabeb47da093de42ed7bc2d27e926979d8adc40ad78777c47c4666f6e4,54ab925180e2bfa099843567c9ea82124379225bace09aac57cae05d70ef74ec,106893,61638,,488,128,22,,,260.9662318136543,,12.269652895172241
matmul_bias_relu_latency_row_v1,a7190332cb38049430d2305aef5fb26ff5251971,raspberry-pi5-cortex-a76,cortex-a76,"+neon,+fp-armv8",f32,matmul_bias_relu,m16_n16_k15_f32,fused_scalar,scalar_baseline,heldout,16,16,15,256,15,8192,2944,1024,2.064516129032258,True,True,True,0,0,2048,scalar,True,False,False,False,0,0,0,1,0,none,16,16,15,0,8192,1.0,0,0,0,0,0,7,none,none,none,0,0,0,0,0,512,512,64,1,3.0,False,8,True,True,True,,,success,True,True,,True,100,20000,15723.0,15741.000000000002,1.0,15703.000000000002,34945.0,af8ae4cd80146f2cb74a581567b14c19662300c2a52a192763bdbb0e6a355405,1.1920929e-07,5.09616463e-06,3,ondemand,,-O3 -mtriple=aarch64-linux-gnu -mcpu=cortex-a76,Pi g++ and LLVM 21 captured by runner,MLIR 21,d19878aeb606d0e9303aa2609e13704d155ed27c18b8ec3d1436d5ae948a5b3d,d1cd0b5bbe7c87534c6836a5feb3d3f937d322a71e7c08c538fb655c1e5a16a8,16416,11515,,139,0,21,,,155.62838385812938,,9.662879887470275
matmul_bias_relu_latency_row_v1,a7190332cb38049430d2305aef5fb26ff5251971,raspberry-pi5-cortex-a76,cortex-a76,"+neon,+fp-armv8",f32,matmul_bias_relu,m16_n16_k15_f32,tiled_vector_direct_k,tiled_vector_direct_cleanup,heldout,16,16,15,256,15,8192,2944,1024,2.064516129032258,True,True,True,0,0,2048,tiled_vector,False,True,False,True,8,8,8,4,4,none,16,16,15,0,8192,1.0,0,0,0,0,0,7,none,none,direct_vector_cleanup,0,0,4,3584,0,8192,15872,1024,8,1.0,False,10,True,True,True,,,success,True,True,,True,100,20000,1797.0,1815.0,1.0,1777.0,13315.0,f61e71c46924b43c50832c95ee1b3af097b387e2c9fa02ff7ccd2fcad5876c9e,0,0,3,ondemand,,-O3 -mtriple=aarch64-linux-gnu -mcpu=cortex-a76,Pi g++ and LLVM 21 captured by runner,MLIR 21,6d1c9cd8628db3acdc3563d8dbbca95eddc4c36bdd6942c2c81357293c6753ef,6b5ae454ad53cdc815073f8a021aedc4dd904a8e8de5c561474bc7a14f6d7d13,64192,41549,,352,144,11,,,221.64950799196959,,7.493873886783559
matmul_bias_relu_latency_row_v1,a7190332cb38049430d2305aef5fb26ff5251971,raspberry-pi5-cortex-a76,cortex-a76,"+neon,+fp-armv8",f32,matmul_bias_relu,m16_n16_k15_f32,tiled_vector_materialized_tail,tiled_vector_materialized_tail,heldout,16,16,15,256,15,8192,2944,1024,2.064516129032258,True,True,True,0,0,2048,tiled_vector,False,True,False,True,8,8,8,4,4,tile_materialized,16,16,15,0,8192,1.0,768,3072,2048,0,0,7,none,none,none,0,0,4,0,0,8192,15872,1024,8,1.0,False,10,True,True,True,,,success,True,True,,True,100,20000,1833.0,1834.0,0.0,1814.0,18778.0,5ccb2515d3d422c975b132850703df7c4c9ee497ab90318cb3ae4edcd2241128,0,0,3,ondemand,,-O3 -mtriple=aarch64-linux-gnu -mcpu=cortex-a76,Pi g++ and LLVM 21 captured by runner,MLIR 21,e2523f92a7b3012e864afb93abee05f2b2a0f78db0982fd2021df18ef97fd0ea,bd12bce38b9395d587e53ffeb920980774496368917f6b92e11f861ca8fa8198,106029,61237,,458,128,20,,,246.23435107059777,,7.513709247839705
matmul_bias_relu_latency_row_v1,a7190332cb38049430d2305aef5fb26ff5251971,raspberry-pi5-cortex-a76,cortex-a76,"+neon,+fp-armv8",f32,matmul_bias_relu,m16_n16_k15_f32,whole_shape_vector_no_padding,whole_shape_vector_no_padding,heldout,16,16,15,256,15,8192,2944,1024,2.064516129032258,True,True,True,0,0,2048,whole_shape_vector,False,True,True,False,0,0,0,4,0,none,16,16,15,0,8192,1.0,0,0,0,0,0,7,none,none,none,0,0,0,0,0,8192,15872,1024,1,3.0,False,10,True,True,True,,,success,True,True,,True,100,20000,518.0,519.0,1.0,499.0,16074.000000000002,8f76e79127c4ff45077cfa8e5866b9ca051df884d4c8e5f8193b650317df566d,1.1920929e-07,1.63651933e-05,3,ondemand,,-O3 -mtriple=aarch64-linux-gnu -mcpu=cortex-a76,Pi g++ and LLVM 21 captured by runner,MLIR 21,455e755d3893a10029809e9ce44f08f725398b50077fbcab94d61d86577a4320,f50f528f065c423ab8601b9280d72da8348dffe70609333ec8a06554b86452a9,182975,163558,,2663,960,2,,,521.4725469704717,,6.249975242259483
matmul_bias_relu_latency_row_v1,a7190332cb38049430d2305aef5fb26ff5251971,raspberry-pi5-cortex-a76,cortex-a76,"+neon,+fp-armv8",f32,matmul_bias_relu,m16_n16_k16_f32,fused_scalar,scalar_baseline,train,16,16,16,256,16,8704,3072,1024,2.125,True,True,True,0,0,2048,scalar,True,False,False,False,0,0,0,1,0,none,16,16,16,0,8704,1.0,0,0,0,0,0,0,none,none,none,0,0,0,0,0,512,512,64,1,3.0,False,8,True,True,True,,,success,True,True,,True,100,20000,16686.0,16704.0,1.0,16667.0,30963.0,7403f9cab2c31af647d321c5f67b31dc0765c2dc800a064e788ac686bdeecaba,1.1920929e-07,4.68164794e-05,3,ondemand,,-O3 -mtriple=aarch64-linux-gnu -mcpu=cortex-a76,Pi g++ and LLVM 21 captured by runner,MLIR 21,2a1745486ed00449db98e7a5fa57116e846b5af0296f5c8c63242e2de6fbb6e7,f260bce0d16b4d059405848c10556f8c044d6d3dbc1a2495bf4cda70bffb1dff,16367,11515,,139,0,21,,,146.84908115305007,,9.72232532346202
matmul_bias_relu_latency_row_v1,a7190332cb38049430d2305aef5fb26ff5251971,raspberry-pi5-cortex-a76,cortex-a76,"+neon,+fp-armv8",f32,matmul_bias_relu,m16_n16_k16_f32,tiled_vector_full_tiles,tiled_vector_full_tiles,train,16,16,16,256,16,8704,3072,1024,2.125,True,True,True,0,0,2048,tiled_vector,False,True,False,True,8,8,8,4,8,none,16,16,16,0,8704,1.0,0,0,0,0,0,0,none,none,none,0,0,0,0,0,8704,16896,1088,8,1.0,False,10,True,True,True,,,success,True,True,,True,100,20000,445.0,463.0,1.0,444.0,10315.0,7b0e499125f4ecb83cb2521e9d1d73bb1fdd2e9ecce6e46a0e39afca6a6638ea,0,0,3,ondemand,,-O3 -mtriple=aarch64-linux-gnu -mcpu=cortex-a76,Pi g++ and LLVM 21 captured by runner,MLIR 21,1f153776e91807f5905d01b74d28dd0200bdcb4501e26d857db05c644d75eae6,65079c6285c1548000fdaae8f47b6b383f202ae1dd4f0eb6e5a66a3e3344a56b,81586,48191,,352,128,11,,,226.4021378941834,,6.09807428216624
matmul_bias_relu_latency_row_v1,a7190332cb38049430d2305aef5fb26ff5251971,raspberry-pi5-cortex-a76,cortex-a76,"+neon,+fp-armv8",f32,matmul_bias_relu,m16_n16_k17_f32,fused_scalar,scalar_baseline,validation,16,16,17,256,17,9216,3200,1024,2.1818181818181817,True,True,True,0,0,2048,scalar,True,False,False,False,0,0,0,1,0,none,16,16,17,0,9216,1.0,0,0,0,0,0,1,none,none,none,0,0,0,0,0,512,512,64,1,3.0,False,8,True,True,True,,,success,True,True,,True,100,20000,17648.0,17667.0,0.0,17629.0,43648.0,c7a4f1dc707cf09da676f19dbc9984b8bf48559536aa6234574de9aea6e5c732,1.78813934e-07,7.3806185e-05,3,ondemand,,-O3 -mtriple=aarch64-linux-gnu -mcpu=cortex-a76,Pi g++ and LLVM 21 captured by runner,MLIR 21,10501cf8a38cba47b32dbc8c12c9d2d093289ac6fc315830880f695d7ab0775e,9b9f54c9739b65e661694de66355c55d4e441ffae744db14f5f223cb7a83cb89,16416,11515,,139,0,21,,,144.15915915742517,,9.778377741493284
matmul_bias_relu_latency_row_v1,a7190332cb38049430d2305aef5fb26ff5251971,raspberry-pi5-cortex-a76,cortex-a76,"+neon,+fp-armv8",f32,matmul_bias_relu,m16_n16_k17_f32,tiled_vector_direct_k,tiled_vector_direct_cleanup,validation,16,16,17,256,17,9216,3200,1024,2.1818181818181817,True,True,True,0,0,2048,tiled_vector,False,True,False,True,8,8,8,4,8,none,16,16,17,0,9216,1.0,0,0,0,0,0,1,none,none,direct_vector_cleanup,0,0,4,512,0,9216,17920,1152,12,1.0,False,10,True,True,True,,,success,True,True,,True,100,20000,537.0,537.0,0.0,518.0,3814.0,0bf272b191db339c60bfe4f4b40f3d0702acf55342b90e5c0813b7dad5ff7544,0,0,3,ondemand,,-O3 -mtriple=aarch64-linux-gnu -mcpu=cortex-a76,Pi g++ and LLVM 21 captured by runner,MLIR 21,c5b411f8a730655a3482604593a95b2533ec744a29bceaa02d7623594f95344f,b46736faff2b012805d6de7c1870e918af671303876eaa440e581599e004a45d,64952,42221,,360,144,11,,,184.0026241261512,,6.285998094508865
matmul_bias_relu_latency_row_v1,a7190332cb38049430d2305aef5fb26ff5251971,raspberry-pi5-cortex-a76,cortex-a76,"+neon,+fp-armv8",f32,matmul_bias_relu,m16_n16_k17_f32,tiled_vector_materialized_tail,tiled_vector_materialized_tail,validation,16,16,17,256,17,9216,3200,1024,2.1818181818181817,True,True,True,0,0,2048,tiled_vector,False,True,False,True,8,8,8,4,8,tile_materialized,16,16,17,0,9216,1.0,768,3072,2048,0,0,1,none,none,none,0,0,4,0,0,9216,17920,1152,12,1.0,False,10,True,True,True,,,success,True,True,,True,100,20000,2462.0,2519.0,18.0,2425.0,13277.0,665f3cbd048277d6ceb18e00511bbd6cfb5b604de83be3384c129d4c019fb440,0,0,3,ondemand,,-O3 -mtriple=aarch64-linux-gnu -mcpu=cortex-a76,Pi g++ and LLVM 21 captured by runner,MLIR 21,7fe782fb3239fc56274f1a1273cb318ccf0baeaae5991ab4c698d8d5f8443bfa,d47c3b89ca666b196f1edc46ebda1e8fef46bfeae99dd809779a6aa4840d5e1a,106029,61237,,458,128,20,,,253.79484286531806,,7.808729306744399
matmul_bias_relu_latency_row_v1,a7190332cb38049430d2305aef5fb26ff5251971,raspberry-pi5-cortex-a76,cortex-a76,"+neon,+fp-armv8",f32,matmul_bias_relu,m16_n16_k2048_f32,fused_scalar,scalar_baseline,train,16,16,2048,256,2048,1049088,263168,1024,3.9709302325581395,True,True,True,0,0,2048,scalar,True,False,False,False,0,0,0,1,0,none,16,16,2048,0,1049088,1.0,0,0,0,0,0,0,none,none,none,0,0,0,0,0,512,512,64,1,3.0,False,8,True,True,True,,,success,True,True,,True,100,2000,1976460.0,1977682.0,1407.0,1974830.0,2510830.0,49b649f6dbd8547d054d374fbd59d6698e311ba4163f82534a0461443e3f2d8b,2.86102295e-06,0.000497487687,3,ondemand,,-O3 -mtriple=aarch64-linux-gnu -mcpu=cortex-a76,Pi g++ and LLVM 21 captured by runner,MLIR 21,ba1a29a05210bdf5e56ae5c5528920cc5b8696205177afb65d2568492007235e,fa031ec2674d196a9d12a337c14d4c6e4c51180186a036e6a95981edef0a7540,16424,11523,,139,0,21,,,157.5278821401298,,14.49681792372001
matmul_bias_relu_latency_row_v1,a7190332cb38049430d2305aef5fb26ff5251971,raspberry-pi5-cortex-a76,cortex-a76,"+neon,+fp-armv8",f32,matmul_bias_relu,m16_n16_k2048_f32,tiled_vector_full_tiles,tiled_vector_full_tiles,train,16,16,2048,256,2048,1049088,263168,1024,3.9709302325581395,True,True,True,0,0,2048,tiled_vector,False,True,False,True,8,8,8,4,1024,none,16,16,2048,0,1049088,1.0,0,0,0,0,0,0,none,none,none,0,0,0,0,0,1049088,2097664,131136,1024,1.0,False,10,True,True,True,,,success,True,True,,True,100,2000,37148.0,37389.0,93.0,36759.0,41778.0,b2b7da47724cd62e6191fafed6929095b84f848ca68390649651199520c77950,0,0,3,ondemand,,-O3 -mtriple=aarch64-linux-gnu -mcpu=cortex-a76,Pi g++ and LLVM 21 captured by runner,MLIR 21,a74703be238c77db0bd875207bf204c61746a3727cabe1b0eaee87fb4757234d,5e8d6c53f01872f82a4ea79f3a1398a0309d285ac3a6e3a82ea693e133b82481,81661,48215,,352,128,11,,,210.83551994524896,,10.522665212895898
matmul_bias_relu_latency_row_v1,a7190332cb38049430d2305aef5fb26ff5251971,raspberry-pi5-cortex-a76,cortex-a76,"+neon,+fp-armv8",f32,matmul_bias_relu,m16_n16_k23_f32,fused_scalar,scalar_baseline,heldout,16,16,23,256,23,12288,3968,1024,2.4615384615384617,True,True,True,0,0,2048,scalar,True,False,False,False,0,0,0,1,0,none,16,16,23,0,12288,1.0,0,0,0,0,0,7,none,none,none,0,0,0,0,0,512,512,64,1,3.0,False,8,True,True,True,,,success,True,True,,True,100,10000,23426.0,23426.0,0.0,23407.0,64963.00000000001,0658276bdc1c28a498ee13af4239b37a17fe04f8cf2ada64f4f3911df2c2d5fb,1.1920929e-07,0.000449842555,3,ondemand,,-O3 -mtriple=aarch64-linux-gnu -mcpu=cortex-a76,Pi g++ and LLVM 21 captured by runner,MLIR 21,4a1e85cb8e6eebb2f7c228412b779a1d0c2482cd16cedf4725d5e17116b290ad,b501bc477d41ecca504d5cd3a3f7b0214db008455e20855a4ff45f4187419f5e,16416,11515,,139,0,21,,,144.2771351430565,,10.06160179562982
matmul_bias_relu_latency_row_v1,a7190332cb38049430d2305aef5fb26ff5251971,raspberry-pi5-cortex-a76,cortex-a76,"+neon,+fp-armv8",f32,matmul_bias_relu,m16_n16_k23_f32,tiled_vector_direct_k,tiled_vector_direct_cleanup,heldout,16,16,23,256,23,12288,3968,1024,2.4615384615384617,True,True,True,0,0,2048,tiled_vector,False,True,False,True,8,8,8,4,8,none,16,16,23,0,12288,1.0,0,0,0,0,0,7,none,none,direct_vector_cleanup,0,0,4,3584,0,12288,24064,1536,12,1.0,False,10,True,True,True,,,success,True,True,,True,100,10000,1908.0,1926.0,1.0,1888.0,17945.0,09b2c9cc4463c9f090f77002c4d080ec4199377da476d41cc527b5a51103c0af,0,0,3,ondemand,,-O3 -mtriple=aarch64-linux-gnu -mcpu=cortex-a76,Pi g++ and LLVM 21 captured by runner,MLIR 21,6a57e9035f6e98b848ad27e45f92db90f79753af3f3d8bee6b9d19f305c1503b,640529e32e09176b18c0a559a55369224f136dfa48ed2ef6c1ee10308f013aa9,65394,42694,,367,144,13,,,183.0530478619039,,7.553810852008231
matmul_bias_relu_latency_row_v1,a7190332cb38049430d2305aef5fb26ff5251971,raspberry-pi5-cortex-a76,cortex-a76,"+neon,+fp-armv8",f32,matmul_bias_relu,m16_n16_k23_f32,tiled_vector_materialized_tail,tiled_vector_materialized_tail,heldout,16,16,23,256,23,12288,3968,1024,2.4615384615384617,True,True,True,0,0,2048,tiled_vector,False,True,False,True,8,8,8,4,8,tile_materialized,16,16,23,0,12288,1.0,768,3072,2048,0,0,7,none,none,none,0,0,4,0,0,12288,24064,1536,12,1.0,False,10,True,True,True,,,success,True,True,,True,100,10000,2666.0,2685.0,1.0,2648.0,16148.0,0cd1046287b3afaad0fd3c23224aa875f55f80d4a66b18c8467569377c5638e1,0,0,3,ondemand,,-O3 -mtriple=aarch64-linux-gnu -mcpu=cortex-a76,Pi g++ and LLVM 21 captured by runner,MLIR 21,dffc8a0d0bb1ac6ec9ad7f75f97eeb564b8d5a2e046ad086419fc3680662cf35,dbb18fb4177974b824c39b9225cccbf803ec7498e191a0dc5eb329df809befde,106029,61237,,457,128,20,,,256.6578940022737,,7.888334500738654
matmul_bias_relu_latency_row_v1,a7190332cb38049430d2305aef5fb26ff5251971,raspberry-pi5-cortex-a76,cortex-a76,"+neon,+fp-armv8",f32,matmul_bias_relu,m16_n16_k24_f32,fused_scalar,scalar_baseline,train,16,16,24,256,24,12800,4096,1024,2.5,True,True,True,0,0,2048,scalar,True,False,False,False,0,0,0,1,0,none,16,16,24,0,12800,1.0,0,0,0,0,0,0,none,none,none,0,0,0,0,0,512,512,64,1,3.0,False,8,True,True,True,,,success,True,True,,True,100,10000,24389.0,24389.0,0.0,24370.0,43204.0,4397d1301ab9899a8dedb6a386d76cab635108657969b2690b2c577ba0b59dd3,1.78813934e-07,1.68515918e-06,3,ondemand,,-O3 -mtriple=aarch64-linux-gnu -mcpu=cortex-a76,Pi g++ and LLVM 21 captured by runner,MLIR 21,fc9ff9524a22e1aaca5d7a270b2c67f2bd7bea0fe3ff1ee6ecc3c2fe02db14fa,e21557627e2cbdfdd9b41b4bc8bcb704f9503a9e4cd3ad4e44d9a4c48e0cf714,16416,11515,,139,0,21,,,148.74426601454616,,10.101887489959422
matmul_bias_relu_latency_row_v1,a7190332cb38049430d2305aef5fb26ff5251971,raspberry-pi5-cortex-a76,cortex-a76,"+neon,+fp-armv8",f32,matmul_bias_relu,m16_n16_k24_f32,tiled_vector_full_tiles,tiled_vector_full_tiles,train,16,16,24,256,24,12800,4096,1024,2.5,True,True,True,0,0,2048,tiled_vector,False,True,False,True,8,8,8,4,12,none,16,16,24,0,12800,1.0,0,0,0,0,0,0,none,none,none,0,0,0,0,0,12800,25088,1600,12,1.0,False,10,True,True,True,,,success,True,True,,True,100,10000,592.0,593.0,1.0,574.0,32426.000000000004,940d96e61f75e5df13dfdd34edae81182f91e7a3d33d9f65d4dfeabb0ba6b9e3,0,0,3,ondemand,,-O3 -mtriple=aarch64-linux-gnu -mcpu=cortex-a76,Pi g++ and LLVM 21 captured by runner,MLIR 21,009a41941e7b879d35f3d410578f008b28f9aa9e620879ad06b60adcb8348619,c6c38df04be5dde096cb592d5057b865476b5efefc7d86653f3faaf759af6d63,81637,48191,,352,128,11,,,285.70262785069644,,6.3835066348840055
matmul_bias_relu_latency_row_v1,a7190332cb38049430d2305aef5fb26ff5251971,raspberry-pi5-cortex-a76,cortex-a76,"+neon,+fp-armv8",f32,matmul_bias_relu,m16_n16_k25_f32,fused_scalar,scalar_baseline,train,16,16,25,256,25,13312,4224,1024,2.5365853658536586,True,True,True,0,0,2048,scalar,True,False,False,False,0,0,0,1,0,none,16,16,25,0,13312,1.0,0,0,0,0,0,1,none,none,none,0,0,0,0,0,512,512,64,1,3.0,False,8,True,True,True,,,success,True,True,,True,100,10000,25334.0,25352.0,1.0,25333.0,41130.0,37005bcae7a40599f12b4c26a3309197877abce397950f31ddd6af1bfa7a15a5,1.78813934e-07,5.63489805e-06,3,ondemand,,-O3 -mtriple=aarch64-linux-gnu -mcpu=cortex-a76,Pi g++ and LLVM 21 captured by runner,MLIR 21,0cec7c9e3fd3c8cc8b8232f592c5cd0cd2b6a54900747e181a8e9e7fefe0b426,3683f0a4ffaf2f0895436512f2950fec24529b7cf70df0449369dd76e25b8b14,16416,11515,,139,0,21,,,143.60009785741568,,10.139902646043577
matmul_bias_relu_latency_row_v1,a7190332cb38049430d2305aef5fb26ff5251971,raspberry-pi5-cortex-a76,cortex-a76,"+neon,+fp-armv8",f32,matmul_bias_relu,m16_n16_k25_f32,tiled_vector_direct_k,tiled_vector_direct_cleanup,train,16,16,25,256,25,13312,4224,1024,2.5365853658536586,True,True,True,0,0,2048,tiled_vector,False,True,False,True,8,8,8,4,12,none,16,16,25,0,13312,1.0,0,0,0,0,0,1,none,none,direct_vector_cleanup,0,0,4,512,0,13312,26112,1664,16,1.0,False,10,True,True,True,,,success,True,True,,True,100,10000,648.0,649.0,1.0,629.0,4241.0,e1b2528f84ed6558779ecf4e90378892b9a66b2a1779356e65e8460422e63763,0,0,3,ondemand,,-O3 -mtriple=aarch64-linux-gnu -mcpu=cortex-a76,Pi g++ and LLVM 21 captured by runner,MLIR 21,32f30e7b04d8d50cc562968f0585b2eaa075ab6f083538c186750537c7c57277,b16e511141666e4f6f22f4ada1cc414f1bf8f1e08a4b49c761caad740a03f397,65001,42221,,361,144,11,,,174.55855011940002,,6.473890696352274
matmul_bias_relu_latency_row_v1,a7190332cb38049430d2305aef5fb26ff5251971,raspberry-pi5-cortex-a76,cortex-a76,"+neon,+fp-armv8",f32,matmul_bias_relu,m16_n16_k25_f32,tiled_vector_materialized_tail,tiled_vector_materialized_tail,train,16,16,25,256,25,13312,4224,1024,2.5365853658536586,True,True,True,0,0,2048,tiled_vector,False,True,False,True,8,8,8,4,12,tile_materialized,16,16,25,0,13312,1.0,768,3072,2048,0,0,1,none,none,none,0,0,4,0,0,13312,26112,1664,16,1.0,False,10,True,True,True,,,success,True,True,,True,100,10000,3333.0,3352.0,0.0,3314.0,14519.0,5ee43191bb17b8a78296616e8631e867e6f086543dc9e90ba23364a33fa664f0,0,0,3,ondemand,,-O3 -mtriple=aarch64-linux-gnu -mcpu=cortex-a76,Pi g++ and LLVM 21 captured by runner,MLIR 21,2647047c3b83b954568edb8625a0e21b32b80190c847f6af10f083f276a9278d,09962c817a158e5f4af417ff95ff74301a747e3ee28b642d44a87d73b54c1edf,106029,61237,,459,128,20,,,248.51245200261474,,8.11162807830774
matmul_bias_relu_latency_row_v1,a7190332cb38049430d2305aef5fb26ff5251971,raspberry-pi5-cortex-a76,cortex-a76,"+neon,+fp-armv8",f32,matmul_bias_relu,m16_n16_k31_f32,fused_scalar,scalar_baseline,heldout,16,16,31,256,31,16384,4992,1024,2.723404255319149,True,True,True,0,0,2048,scalar,True,False,False,False,0,0,0,1,0,none,16,16,31,0,16384,1.0,0,0,0,0,0,7,none,none,none,0,0,0,0,0,512,512,64,1,3.0,False,8,True,True,True,,,success,True,True,,True,100,10000,31111.0,31112.0,0.0,31092.0,48611.0,ba4affed28842d2547f4ac25e1476835d32d407028323fd99f551eda2e356c71,1.78813934e-07,8.6096925e-06,3,ondemand,,-O3 -mtriple=aarch64-linux-gnu -mcpu=cortex-a76,Pi g++ and LLVM 21 captured by runner,MLIR 21,be7a246184cfa1301efb8a382ccb22c6f8b856daf5bf464c797b8bebb4e4d545,46e9bd6e8f131d7bf0df4a5edd26f0b7deaa09b9c512e6ae8a200710bde13eef,16416,11515,,139,0,21,,,153.6930010188371,,10.345316733380217
matmul_bias_relu_latency_row_v1,a7190332cb38049430d2305aef5fb26ff5251971,raspberry-pi5-cortex-a76,cortex-a76,"+neon,+fp-armv8",f32,matmul_bias_relu,m16_n16_k31_f32,tiled_vector_direct_k,tiled_vector_direct_cleanup,heldout,16,16,31,256,31,16384,4992,1024,2.723404255319149,True,True,True,0,0,2048,tiled_vector,False,True,False,True,8,8,8,4,12,none,16,16,31,0,16384,1.0,0,0,0,0,0,7,none,none,direct_vector_cleanup,0,0,4,3584,0,16384,32256,2048,16,1.0,False,10,True,True,True,,,success,True,True,,True,100,10000,2017.9999999999998,2037.0000000000002,1.0,1981.0000000000002,10834.0,54986ff75927e5cb97e097b150e8eda8eebd55ea07816b32510cf99dc694de0d,0,0,3,ondemand,,-O3 -mtriple=aarch64-linux-gnu -mcpu=cortex-a76,Pi g++ and LLVM 21 captured by runner,MLIR 21,99bdb5554efcdbf95a1cc02a2a98954c6158da9e7ea40720b3790bb696c31905,5d09b1d0a43092ebf3ae12fdd5a4f958ddbde76ac919b4842acaac45869a32ee,65443,42694,,367,144,13,,,189.77634608745575,,7.609862200913554
matmul_bias_relu_latency_row_v1,a7190332cb38049430d2305aef5fb26ff5251971,raspberry-pi5-cortex-a76,cortex-a76,"+neon,+fp-armv8",f32,matmul_bias_relu,m16_n16_k31_f32,tiled_vector_materialized_tail,tiled_vector_materialized_tail,heldout,16,16,31,256,31,16384,4992,1024,2.723404255319149,True,True,True,0,0,2048,tiled_vector,False,True,False,True,8,8,8,4,12,tile_materialized,16,16,31,0,16384,1.0,768,3072,2048,0,0,7,none,none,none,0,0,4,0,0,16384,32256,2048,16,1.0,False,10,True,True,True,,,success,True,True,,True,100,10000,3444.0,3463.0,0.0,3425.0,22333.0,590bc456dec5bae8ab4c567d56f8e1d45c32cc6fab1a2b6cafe54748de56b6c5,0,0,3,ondemand,,-O3 -mtriple=aarch64-linux-gnu -mcpu=cortex-a76,Pi g++ and LLVM 21 captured by runner,MLIR 21,2a4d37e18ca883785ea220039857fa6bcded4d43a6e3ae707a42fe3204d2a58a,8ded7cefa0ca48e7a3d7dd4a91f834437684564458c458cdf0596c7f79de822f,106029,61237,,458,128,20,,,237.35002777539194,,8.144388865547622
matmul_bias_relu_latency_row_v1,a7190332cb38049430d2305aef5fb26ff5251971,raspberry-pi5-cortex-a76,cortex-a76,"+neon,+fp-armv8",f32,matmul_bias_relu,m16_n16_k32_f32,fused_scalar,scalar_baseline,train,16,16,32,256,32,16896,5120,1024,2.75,True,True,True,0,0,2048,scalar,True,False,False,False,0,0,0,1,0,none,16,16,32,0,16896,1.0,0,0,0,0,0,0,none,none,none,0,0,0,0,0,512,512,64,1,3.0,False,8,True,True,True,,,success,True,True,,True,100,10000,32074.0,32074.0,0.0,32055.0,45797.0,dcec033d28b51bfb846ab0f81aeca596f6a316ed1a94dfaa05a041458e07e0fc,2.38418579e-07,4.31127398e-05,3,ondemand,,-O3 -mtriple=aarch64-linux-gnu -mcpu=cortex-a76,Pi g++ and LLVM 21 captured by runner,MLIR 21,3f36a90c9cbac7c9f94e8cf23fd178e784b8a7d447f14bd2d950ca787f1c0bb1,f90cfd4fff9fd67d095f821c1a51c90fb7a53ebf089a1b5e7c6de66e402fdb32,16416,11515,,139,0,21,,,151.7634449992329,,10.375801012068754
matmul_bias_relu_latency_row_v1,a7190332cb38049430d2305aef5fb26ff5251971,raspberry-pi5-cortex-a76,cortex-a76,"+neon,+fp-armv8",f32,matmul_bias_relu,m16_n16_k32_f32,tiled_vector_full_tiles,tiled_vector_full_tiles,train,16,16,32,256,32,16896,5120,1024,2.75,True,True,True,0,0,2048,tiled_vector,False,True,False,True,8,8,8,4,16,none,16,16,32,0,16896,1.0,0,0,0,0,0,0,none,none,none,0,0,0,0,0,16896,33280,2112,16,1.0,False,10,True,True,True,,,success,True,True,,True,100,10000,722.0,741.0,0.0,722.0,14945.0,b290d702156deb7582a380e39572f147ca25b71bff517a5b08b7e0fa90d1f8f0,0,0,3,ondemand,,-O3 -mtriple=aarch64-linux-gnu -mcpu=cortex-a76,Pi g++ and LLVM 21 captured by runner,MLIR 21,38a9de989835142f8a9b1a588f70a8fcf1a74046de7e4dd50b6eaf20cd95342d,4c1eb4c0ea2a65d10be4dd488fc25e1d757bc3c208b14747724e8788517510f6,81637,48191,,352,128,11,,,221.5383630245924,,6.582025138892826
matmul_bias_relu_latency_row_v1,a7190332cb38049430d2305aef5fb26ff5251971,raspberry-pi5-cortex-a76,cortex-a76,"+neon,+fp-armv8",f32,matmul_bias_relu,m16_n16_k33_f32,fused_scalar,scalar_baseline,heldout,16,16,33,256,33,17408,5248,1024,2.7755102040816326,True,True,True,0,0,2048,scalar,True,False,False,False,0,0,0,1,0,none,16,16,33,0,17408,1.0,0,0,0,0,0,1,none,none,none,0,0,0,0,0,512,512,64,1,3.0,False,8,True,True,True,,,success,True,True,,True,100,10000,33019.0,33037.0,1.0,33018.0,45186.0,d01f407c716d38f026a0a6d8447d908e5392adc1e69e6ed58fa0a7a1a618de4b,2.38418579e-07,2.79595146e-06,3,ondemand,,-O3 -mtriple=aarch64-linux-gnu -mcpu=cortex-a76,Pi g++ and LLVM 21 captured by runner,MLIR 21,5856797c452c52f7f1a870e1099ee0a2157f897a61cbb6884c2d40cb61b0a703,06a037acb46e49dbdfe91e4f5c25485ede5e76b62bb97ac268d216cbbb6cfd62,16416,11515,,139,0,21,,,153.72013580054045,,10.404838432339576
matmul_bias_relu_latency_row_v1,a7190332cb38049430d2305aef5fb26ff5251971,raspberry-pi5-cortex-a76,cortex-a76,"+neon,+fp-armv8",f32,matmul_bias_relu,m16_n16_k33_f32,tiled_vector_direct_k,tiled_vector_direct_cleanup,heldout,16,16,33,256,33,17408,5248,1024,2.7755102040816326,True,True,True,0,0,2048,tiled_vector,False,True,False,True,8,8,8,4,16,none,16,16,33,0,17408,1.0,0,0,0,0,0,1,none,none,direct_vector_cleanup,0,0,4,512,0,17408,34304,2176,20,1.0,False,10,True,True,True,,,success,True,True,,True,100,10000,759.0,760.0,0.0,740.0,6945.0,88bd0bea2e859b8ba1ae50e166cbfd48d1f35eb00ea797addf25fdbec419417d,0,0,3,ondemand,,-O3 -mtriple=aarch64-linux-gnu -mcpu=cortex-a76,Pi g++ and LLVM 21 captured by runner,MLIR 21,06ee5a5bebc07343be1f52d5c3137093f28c6cb8e3025d8a51204f2f261a7043,2cc2c16ff68b0a9096b3f7e8fe9f1bd109a3e26b96da6cbf035dca7643d78a58,65001,42221,,362,144,11,,,189.24467195756733,,6.63200177739563
matmul_bias_relu_latency_row_v1,a7190332cb38049430d2305aef5fb26ff5251971,raspberry-pi5-cortex-a76,cortex-a76,"+neon,+fp-armv8",f32,matmul_bias_relu,m16_n16_k33_f32,tiled_vector_materialized_tail,tiled_vector_materialized_tail,heldout,16,16,33,256,33,17408,5248,1024,2.7755102040816326,True,True,True,0,0,2048,tiled_vector,False,True,False,True,8,8,8,4,16,tile_materialized,16,16,33,0,17408,1.0,768,3072,2048,0,0,1,none,none,none,0,0,4,0,0,17408,34304,2176,20,1.0,False,10,True,True,True,,,success,True,True,,True,100,10000,4074.0000000000005,4074.9999999999995,0.0,4054.9999999999995,15445.0,a547d0e5ad0b1de886a1269a79c3156899f1399077a40eaaa84d957af787c918,0,0,3,ondemand,,-O3 -mtriple=aarch64-linux-gnu -mcpu=cortex-a76,Pi g++ and LLVM 21 captured by runner,MLIR 21,e7238f4a0c404644a823b9e6b1cbfa74d38cf2397df7df529c0c821159fc83e0,04e2a28538f23567b2453b98da77c8c2acc4617078d2ac5312cdd90e201e2557,106029,61237,,458,128,20,,,249.30618610233068,,8.31238059678675
matmul_bias_relu_latency_row_v1,a7190332cb38049430d2305aef5fb26ff5251971,raspberry-pi5-cortex-a76,cortex-a76,"+neon,+fp-armv8",f32,matmul_bias_relu,m16_n16_k63_f32,fused_scalar,scalar_baseline,validation,16,16,63,256,63,32768,9088,1024,3.240506329113924,True,True,True,0,0,2048,scalar,True,False,False,False,0,0,0,1,0,none,16,16,63,0,32768,1.0,0,0,0,0,0,7,none,none,none,0,0,0,0,0,512,512,64,1,3.0,False,8,True,True,True,,,success,True,True,,True,100,10000,61963.0,61982.0,0.0,61925.0,96500.0,510b0ac8c265bcc9fec802b2bfb64e965e1da6c3d32f467affb94c1bb0ac0c1f,2.38418579e-07,3.97788297e-05,3,ondemand,,-O3 -mtriple=aarch64-linux-gnu -mcpu=cortex-a76,Pi g++ and LLVM 21 captured by runner,MLIR 21,e4783845c73d3e50e7970047f34a74e4b40f3db811bd93ed44bede7d706ca110,fd957cded0340db20e8f2ee04f9b84a54b0d9c3c863c0e15349efdb5634ed6fc,16416,11515,,139,0,21,,,151.5106880106032,,11.034292711693084
matmul_bias_relu_latency_row_v1,a7190332cb38049430d2305aef5fb26ff5251971,raspberry-pi5-cortex-a76,cortex-a76,"+neon,+fp-armv8",f32,matmul_bias_relu,m16_n16_k63_f32,tiled_vector_direct_k,tiled_vector_direct_cleanup,validation,16,16,63,256,63,32768,9088,1024,3.240506329113924,True,True,True,0,0,2048,tiled_vector,False,True,False,True,8,8,8,4,28,none,16,16,63,0,32768,1.0,0,0,0,0,0,7,none,none,direct_vector_cleanup,0,0,4,3584,0,32768,65024,4096,32,1.0,False,10,True,True,True,,,success,True,True,,True,100,10000,2463.0,2481.0,0.0,2444.0,19148.0,9931ed299cd15d5b76178db1ed9a78b0c57c35ccac51865f260f452285f50002,0,0,3,ondemand,,-O3 -mtriple=aarch64-linux-gnu -mcpu=cortex-a76,Pi g++ and LLVM 21 captured by runner,MLIR 21,983cac1cb2558d6f78b53309809f39243573887e7c6d048d2d9586e7afbeea37,bbb9868ab162dcee94bdb08e422abe0927f20b846e071a053ef8524f8159a821,65443,42694,,368,144,13,,,193.537614075467,,7.809135398120538
matmul_bias_relu_latency_row_v1,a7190332cb38049430d2305aef5fb26ff5251971,raspberry-pi5-cortex-a76,cortex-a76,"+neon,+fp-armv8",f32,matmul_bias_relu,m16_n16_k63_f32,tiled_vector_materialized_tail,tiled_vector_materialized_tail,validation,16,16,63,256,63,32768,9088,1024,3.240506329113924,True,True,True,0,0,2048,tiled_vector,False,True,False,True,8,8,8,4,28,tile_materialized,16,16,63,0,32768,1.0,768,3072,2048,0,0,7,none,none,none,0,0,4,0,0,32768,65024,4096,32,1.0,False,10,True,True,True,,,success,True,True,,True,100,10000,6648.0,6649.0,0.0,6629.0,73834.0,c6dd0ddbf20e522ed35982d107e7b4f7f88c820fd3585c17e63caafd95c02949,0,0,3,ondemand,,-O3 -mtriple=aarch64-linux-gnu -mcpu=cortex-a76,Pi g++ and LLVM 21 captured by runner,MLIR 21,9a689b2295af7fc60186180300e5b9ce3e04173bda59fddb8106a1abd8d629c5,72663b7e2b247c7a363e7cda36450dbd1b4d164a7d03a5ccb24e12dceac16e5e,106029,61237,,458,128,20,,,250.53936708718538,,8.802071336535285
matmul_bias_relu_latency_row_v1,a7190332cb38049430d2305aef5fb26ff5251971,raspberry-pi5-cortex-a76,cortex-a76,"+neon,+fp-armv8",f32,matmul_bias_relu,m16_n16_k7_f32,fused_scalar,scalar_baseline,heldout,16,16,7,256,7,4096,1920,1024,1.391304347826087,True,True,True,0,0,2048,scalar,True,False,False,False,0,0,0,1,0,none,16,16,7,0,4096,1.0,0,0,0,0,0,7,none,none,none,0,0,0,0,0,512,512,64,1,3.0,False,8,True,True,True,,,success,True,True,,True,100,20000,7963.0,7981.999999999999,0.0,7944.0,28666.0,34c0e90bcaa66b05f6796757b66e1dce95c6fa9d15fc71fdc428dc5290bbe81d,5.96046448e-08,4.62562504e-06,3,ondemand,,-O3 -mtriple=aarch64-linux-gnu -mcpu=cortex-a76,Pi g++ and LLVM 21 captured by runner,MLIR 21,b75a8bf27571a921d7095321fc3337030ecc88b038d21e77534226c687dde6be,54259f5ecc98b14dc0bf64dea8c8f1e2451d38656d05a3e9ae3aa251e4b5a163,16412,11511,,139,0,21,,,152.65331114642322,,8.982561092257445
matmul_bias_relu_latency_row_v1,a7190332cb38049430d2305aef5fb26ff5251971,raspberry-pi5-cortex-a76,cortex-a76,"+neon,+fp-armv8",f32,matmul_bias_relu,m16_n16_k7_f32,tiled_vector_direct_k,tiled_vector_direct_cleanup,heldout,16,16,7,256,7,4096,1920,1024,1.391304347826087,True,True,True,0,0,2048,tiled_vector,False,True,False,True,8,8,8,4,0,none,16,16,7,0,4096,1.0,0,0,0,0,0,7,none,none,direct_vector_cleanup,0,0,4,3584,0,4096,7680,512,4,1.0,False,10,True,True,True,,,success,True,True,,True,100,20000,1704.0,1722.0,1.0,1648.0,15649.0,580df90a92402204864bfa9147fcda6e2c5c24a334063401718a3e97ec882d7e,0,0,3,ondemand,,-O3 -mtriple=aarch64-linux-gnu -mcpu=cortex-a76,Pi g++ and LLVM 21 captured by runner,MLIR 21,92ec98b86fd1c32b2109eeef4771161d6213d396d9fe72a49994ceef04006173,06dac7f6986289121d95aa3412e06c00b6df58f193e386354331596a1ca7e2b9,27693,18605,,190,16,11,,,174.80141506530344,,7.440733707389261
matmul_bias_relu_latency_row_v1,a7190332cb38049430d2305aef5fb26ff5251971,raspberry-pi5-cortex-a76,cortex-a76,"+neon,+fp-armv8",f32,matmul_bias_relu,m16_n16_k7_f32,tiled_vector_materialized_tail,tiled_vector_materialized_tail,heldout,16,16,7,256,7,4096,1920,1024,1.391304347826087,True,True,True,0,0,2048,tiled_vector,False,True,False,True,8,8,8,4,0,tile_materialized,16,16,7,0,4096,1.0,768,3072,2048,0,0,7,none,none,none,0,0,4,0,0,4096,7680,512,4,1.0,False,10,True,True,True,,,success,True,True,,True,100,20000,1129.0,1130.0,1.0,1111.0,9778.0,bfd61c6dc0295271209619b90c928bed0193239bdf1d9a390c98a197efa30af5,0,0,3,ondemand,,-O3 -mtriple=aarch64-linux-gnu -mcpu=cortex-a76,Pi g++ and LLVM 21 captured by runner,MLIR 21,a5a84a4283aec7e7cb6604204abfb9e3b03a299b6e2f92a49230cf1562b32c46,ef0d9f6ee93240b867515a9fdf35059be4aac86e39c102e9b6b18f401d2e8d2d,100958,57864,,479,128,19,,,259.84429684467614,,7.029087564149662
matmul_bias_relu_latency_row_v1,a7190332cb38049430d2305aef5fb26ff5251971,raspberry-pi5-cortex-a76,cortex-a76,"+neon,+fp-armv8",f32,matmul_bias_relu,m16_n16_k7_f32,whole_shape_vector_materialized_padding,whole_shape_vector_materialized_padding,heldout,16,16,7,256,7,4096,1920,1024,1.391304347826087,True,True,True,0,0,2048,whole_shape_vector,False,True,True,False,0,0,0,4,0,whole_shape_materialized,16,16,8,32,4608,1.125,2048,2048,1920,0,0,7,none,none,none,0,0,0,0,0,4608,8704,576,1,3.0,False,10,True,True,True,,,success,True,True,,True,100,20000,648.0,649.0,1.0,629.0,33537.0,837c474d8f34b28e4d7fa26ab1d7ac68d07f826bec27f915b32d4b0f63307470,1.1920929e-07,1.39854174e-06,3,ondemand,,-O3 -mtriple=aarch64-linux-gnu -mcpu=cortex-a76,Pi g++ and LLVM 21 captured by runner,MLIR 21,c547112d4ca74b8a95e2caccf620a01e268c79b8ad04328a9565e81cccab1130,80c1f650a4721bd3d41b70c8613fbf08a2303c034230586c33a3c1e47776c1c6,134593,133223,,2189,512,18,,,414.01216690428555,,6.473890696352274
matmul_bias_relu_latency_row_v1,a7190332cb38049430d2305aef5fb26ff5251971,raspberry-pi5-cortex-a76,cortex-a76,"+neon,+fp-armv8",f32,matmul_bias_relu,m16_n16_k7_f32,whole_shape_vector_no_padding,whole_shape_vector_no_padding,heldout,16,16,7,256,7,4096,1920,1024,1.391304347826087,True,True,True,0,0,2048,whole_shape_vector,False,True,True,False,0,0,0,4,0,none,16,16,7,0,4096,1.0,0,0,0,0,0,7,none,none,none,0,0,0,0,0,4096,7680,512,1,3.0,False,10,True,True,True,,,success,True,True,,True,100,20000,278.0,297.0,0.0,277.0,10592.0,15274d4a848f39c0735184f6a797545d72fe669763615cab3c590d8369acaf19,1.1920929e-07,1.39854174e-06,3,ondemand,,-O3 -mtriple=aarch64-linux-gnu -mcpu=cortex-a76,Pi g++ and LLVM 21 captured by runner,MLIR 21,40d52ab2e1f4f8c1eb6f88d6592e2d267862ec18572808fbde02f020e37b41be,5019402df049f26ac46d1250f466797f2f228ef2ab1ef61113e76f9d4cea245d,116545,122012,,1187,448,2,,,353.0055219307542,,5.627621113690637
matmul_bias_relu_latency_row_v1,a7190332cb38049430d2305aef5fb26ff5251971,raspberry-pi5-cortex-a76,cortex-a76,"+neon,+fp-armv8",f32,matmul_bias_relu,m16_n16_k8_f32,fused_scalar,scalar_baseline,heldout,16,16,8,256,8,4608,2048,1024,1.5,True,True,True,0,0,2048,scalar,True,False,False,False,0,0,0,1,0,none,16,16,8,0,4608,1.0,0,0,0,0,0,0,none,none,none,0,0,0,0,0,512,512,64,1,3.0,False,8,True,True,True,,,success,True,True,,True,100,20000,8944.0,8963.0,1.0,8925.0,34111.0,77e893adf7ae444f702389c2fefabe9126996ff1c6b45b684ad27de015ef0514,5.96046448e-08,5.30478651e-06,3,ondemand,,-O3 -mtriple=aarch64-linux-gnu -mcpu=cortex-a76,Pi g++ and LLVM 21 captured by runner,MLIR 21,7216ad907d50acb67f99c4a3dcfe26d7bc714c0bd53b6ee5a92d3ee830381aae,4a2508984ca057936e97e46a2373dd22e96a77c6c7d41cd406264b0977ab2b1a,16412,11511,,139,0,21,,,144.2188210785389,,9.09873819539488
matmul_bias_relu_latency_row_v1,a7190332cb38049430d2305aef5fb26ff5251971,raspberry-pi5-cortex-a76,cortex-a76,"+neon,+fp-armv8",f32,matmul_bias_relu,m16_n16_k8_f32,tiled_vector_full_tiles,tiled_vector_full_tiles,heldout,16,16,8,256,8,4608,2048,1024,1.5,True,True,True,0,0,2048,tiled_vector,False,True,False,True,8,8,8,4,4,none,16,16,8,0,4608,1.0,0,0,0,0,0,0,none,none,none,0,0,0,0,0,4608,8704,576,4,1.0,False,10,True,True,True,,,success,True,True,,True,100,20000,222.0,223.0,0.0,203.0,352.0,0a42bad35d74e0e8120c5983efdf37094d1ea5b2952e6664bc0b821353de5dfc,1.1920929e-07,0.000330396476,3,ondemand,,-O3 -mtriple=aarch64-linux-gnu -mcpu=cortex-a76,Pi g++ and LLVM 21 captured by runner,MLIR 21,4fbb52472ed2dd49756f3ea732e433dc9ac52178e7cbb68e57d6f153045c789e,61788fe0d0412a1d8438c6a2d07d522322156482cbc8ac70c8184aecdabeb4f1,55018,34630,,256,128,7,,,204.05503502115607,,5.402677381872279
matmul_bias_relu_latency_row_v1,a7190332cb38049430d2305aef5fb26ff5251971,raspberry-pi5-cortex-a76,cortex-a76,"+neon,+fp-armv8",f32,matmul_bias_relu,m16_n16_k8_f32,whole_shape_vector_no_padding,whole_shape_vector_no_padding,heldout,16,16,8,256,8,4608,2048,1024,1.5,True,True,True,0,0,2048,whole_shape_vector,False,True,True,False,0,0,0,4,0,none,16,16,8,0,4608,1.0,0,0,0,0,0,0,none,none,none,0,0,0,0,0,4608,8704,576,1,3.0,False,10,True,True,True,,,success,True,True,,True,100,20000,315.0,334.0,0.0,314.0,17278.0,e4bb5481ae9157e3398cd11321c77bd301fb890e49f93a8e55c3ebc5c7668d33,1.1920929e-07,0.000330396476,3,ondemand,,-O3 -mtriple=aarch64-linux-gnu -mcpu=cortex-a76,Pi g++ and LLVM 21 captured by runner,MLIR 21,746777bd7e6b9514d103d8256ab8e0d52124a6b8ca5e126d60cf5d3d0b5ae016,8001fa9f27b12b12188c9b87bb42aa6ea61b1ad78645eb387bb677495b065c7b,124855,127142,,1454,512,2,,,383.8911058846861,,5.752572638825633
matmul_bias_relu_latency_row_v1,a7190332cb38049430d2305aef5fb26ff5251971,raspberry-pi5-cortex-a76,cortex-a76,"+neon,+fp-armv8",f32,matmul_bias_relu,m16_n16_k95_f32,fused_scalar,scalar_baseline,train,16,16,95,256,95,49152,13184,1024,3.4594594594594597,True,True,True,0,0,2048,scalar,True,False,False,False,0,0,0,1,0,none,16,16,95,0,49152,1.0,0,0,0,0,0,7,none,none,none,0,0,0,0,0,512,512,64,1,3.0,False,8,True,True,True,,,success,True,True,,True,100,10000,92778.0,117185.0,1.0,92740.0,129630.0,ac59b7fe9eaca8d234c9fb87e64ae860304ea628d0ed457a14c9821c2f386c04,4.76837158e-07,9.96105229e-06,3,ondemand,,-O3 -mtriple=aarch64-linux-gnu -mcpu=cortex-a76,Pi g++ and LLVM 21 captured by runner,MLIR 21,cdb208445e0af1dfd80b83a17c115b3f91ee47a3418a5d64423c393d1b942ce4,05d076a28ee273364e97f725c9387f5f62d67d1a74f32b1cad66c6638290ff58,16416,11515,,139,0,21,,,141.331952996552,,11.437964821703485
matmul_bias_relu_latency_row_v1,a7190332cb38049430d2305aef5fb26ff5251971,raspberry-pi5-cortex-a76,cortex-a76,"+neon,+fp-armv8",f32,matmul_bias_relu,m16_n16_k95_f32,tiled_vector_direct_k,tiled_vector_direct_cleanup,train,16,16,95,256,95,49152,13184,1024,3.4594594594594597,True,True,True,0,0,2048,tiled_vector,False,True,False,True,8,8,8,4,44,none,16,16,95,0,49152,1.0,0,0,0,0,0,7,none,none,direct_vector_cleanup,0,0,4,3584,0,49152,97792,6144,48,1.0,False,10,True,True,True,,,success,True,True,,True,100,10000,2889.0,2908.0,0.0,2852.0,14741.0,25eac66adc8e38c89c34d5a41d5c9daa55a048a69538471b79d373b3b0f92314,0,0,3,ondemand,,-O3 -mtriple=aarch64-linux-gnu -mcpu=cortex-a76,Pi g++ and LLVM 21 captured by runner,MLIR 21,05cf336996178e2ee8973e5244b715e667a19fb6b069d97e27737ba4c64056e7,207b5a617e4dcdf13d3d7095c7cccd11cfd65b900ae31a6608eb9c1385d8637f,65443,42694,,371,144,13,,,224.34574598446488,,7.968665700466235
matmul_bias_relu_latency_row_v1,a7190332cb38049430d2305aef5fb26ff5251971,raspberry-pi5-cortex-a76,cortex-a76,"+neon,+fp-armv8",f32,matmul_bias_relu,m16_n16_k95_f32,tiled_vector_materialized_tail,tiled_vector_materialized_tail,train,16,16,95,256,95,49152,13184,1024,3.4594594594594597,True,True,True,0,0,2048,tiled_vector,False,True,False,True,8,8,8,4,44,tile_materialized,16,16,95,0,49152,1.0,768,3072,2048,0,0,7,none,none,none,0,0,4,0,0,49152,97792,6144,48,1.0,False,10,True,True,True,,,success,True,True,,True,100,10000,9797.0,9815.0,1.0,9796.0,32722.0,51f5cceed29adae874472caea447df7dcb216acd2d673b028fdccf56584b76f3,0,0,3,ondemand,,-O3 -mtriple=aarch64-linux-gnu -mcpu=cortex-a76,Pi g++ and LLVM 21 captured by runner,MLIR 21,cdf593548ba90573d8e383cd681662a62bc20fff40917ad7444b05c277357841,79710fdc861e2273e9ffa31010b31040fcda2ba32670e931c9cbd60a5bdeeb50,106029,61237,,457,128,20,,,273.6549989785999,,9.189831495344642
matmul_bias_relu_latency_row_v1,a7190332cb38049430d2305aef5fb26ff5251971,raspberry-pi5-cortex-a76,cortex-a76,"+neon,+fp-armv8",f32,matmul_bias_relu,m16_n16_k97_f32,fused_scalar,scalar_baseline,train,16,16,97,256,97,50176,13440,1024,3.4690265486725664,True,True,True,0,0,2048,scalar,True,False,False,False,0,0,0,1,0,none,16,16,97,0,50176,1.0,0,0,0,0,0,1,none,none,none,0,0,0,0,0,512,512,64,1,3.0,False,8,True,True,True,,,success,True,True,,True,100,10000,94686.0,94704.0,1.0,94666.0,111037.0,29c3a2660229c65af4793e3ae3f3ead6ead95bb028e1cf34830ebfb18768d2ae,3.57627869e-07,3.0186401e-05,3,ondemand,,-O3 -mtriple=aarch64-linux-gnu -mcpu=cortex-a76,Pi g++ and LLVM 21 captured by runner,MLIR 21,e84a95fc95f75f68f994cfc0732d14ec163e3ee997dffc04c0f8ab8a94fa3213,0fc06c942f9c41c5155fd42f4c6387ffd4cc20dd42409b69457b391c26161b8b,16416,11515,,139,0,21,,,152.3752328939736,,11.458321432976188
matmul_bias_relu_latency_row_v1,a7190332cb38049430d2305aef5fb26ff5251971,raspberry-pi5-cortex-a76,cortex-a76,"+neon,+fp-armv8",f32,matmul_bias_relu,m16_n16_k97_f32,tiled_vector_direct_k,tiled_vector_direct_cleanup,train,16,16,97,256,97,50176,13440,1024,3.4690265486725664,True,True,True,0,0,2048,tiled_vector,False,True,False,True,8,8,8,4,48,none,16,16,97,0,50176,1.0,0,0,0,0,0,1,none,none,direct_vector_cleanup,0,0,4,512,0,50176,99840,6272,52,1.0,False,10,True,True,True,,,success,True,True,,True,100,10000,1630.0,1648.0,1.0,1611.0,18260.0,79622d67c75d0ffd09dd4e83e274fa97573af2eb727a4ef98687214826001f1d,0,0,3,ondemand,,-O3 -mtriple=aarch64-linux-gnu -mcpu=cortex-a76,Pi g++ and LLVM 21 captured by runner,MLIR 21,8626605df08b4005fe18a96d91ff4c2bf3dca6b7e97e1a4b8945eb3831294a06,a155ce80423e6541527bd4928be7fab9bf43426f8b4c08e1aeaf4667ed498bcf,65001,42222,,365,144,11,,,217.11726021021605,,7.396335293800808
matmul_bias_relu_latency_row_v1,a7190332cb38049430d2305aef5fb26ff5251971,raspberry-pi5-cortex-a76,cortex-a76,"+neon,+fp-armv8",f32,matmul_bias_relu,m16_n16_k97_f32,tiled_vector_materialized_tail,tiled_vector_materialized_tail,train,16,16,97,256,97,50176,13440,1024,3.4690265486725664,True,True,True,0,0,2048,tiled_vector,False,True,False,True,8,8,8,4,48,tile_materialized,16,16,97,0,50176,1.0,768,3072,2048,0,0,1,none,none,none,0,0,4,0,0,50176,99840,6272,52,1.0,False,10,True,True,True,,,success,True,True,,True,100,10000,10463.0,10463.0,0.0,10388.0,31814.000000000004,d8f703a9aafd724750fa57080bf719eba3a8fd2165c4c95e51f429313192518e,0,0,3,ondemand,,-O3 -mtriple=aarch64-linux-gnu -mcpu=cortex-a76,Pi g++ and LLVM 21 captured by runner,MLIR 21,04448afb2ab0b6bdf4e7fc051390a1266fd99af892f77d27ce63bdaabaec0698,6976d3bf9fdda1473f57d865a90d435f1913119703fff2e460fb33a90d76eb31,106029,61237,,457,128,20,,,248.0438589118421,,9.255600503381046
matmul_bias_relu_latency_row_v1,a7190332cb38049430d2305aef5fb26ff5251971,raspberry-pi5-cortex-a76,cortex-a76,"+neon,+fp-armv8",f32,matmul_bias_relu,m16_n16_k9_f32,fused_scalar,scalar_baseline,train,16,16,9,256,9,5120,2176,1024,1.6,True,True,True,0,0,2048,scalar,True,False,False,False,0,0,0,1,0,none,16,16,9,0,5120,1.0,0,0,0,0,0,1,none,none,none,0,0,0,0,0,512,512,64,1,3.0,False,8,True,True,True,,,success,True,True,,True,100,20000,9889.0,9907.0,0.0,9870.0,19833.0,0684d74043e552cd531085b5e6e0e042cf068b9b15b29b6b333d40f2a77a5543,5.96046448e-08,2.12760525e-06,3,ondemand,,-O3 -mtriple=aarch64-linux-gnu -mcpu=cortex-a76,Pi g++ and LLVM 21 captured by runner,MLIR 21,8f30d7498845d147b99abe2f28096ec22212b99bdc341c4604fc231baba1070f,4693d4220cc8a390c62ff13afc9dca0ca2a8b5636c16088a9022826c19e28b6a,16412,11511,,139,0,21,,,178.53574198670685,,9.19917830726999
matmul_bias_relu_latency_row_v1,a7190332cb38049430d2305aef5fb26ff5251971,raspberry-pi5-cortex-a76,cortex-a76,"+neon,+fp-armv8",f32,matmul_bias_relu,m16_n16_k9_f32,tiled_vector_direct_k,tiled_vector_direct_cleanup,train,16,16,9,256,9,5120,2176,1024,1.6,True,True,True,0,0,2048,tiled_vector,False,True,False,True,8,8,8,4,4,none,16,16,9,0,5120,1.0,0,0,0,0,0,1,none,none,direct_vector_cleanup,0,0,4,512,0,5120,9728,640,8,1.0,False,10,True,True,True,,,success,True,True,,True,100,20000,426.0,426.0,0.0,407.0,23018.0,9b48013c5ea4d31236f1eeae9033faaaae91e3f6cb899bbfb60449907c6361b3,0,0,3,ondemand,,-O3 -mtriple=aarch64-linux-gnu -mcpu=cortex-a76,Pi g++ and LLVM 21 captured by runner,MLIR 21,df90bc15b502a5b46eb964935fbc696d6b059114efee94b2b3e55e41b240ae29,0526ca83551b26ea670ddb211b9a2006cf1c8ecfc62c5c1f2d45481d5e001917,62566,40156,,343,144,9,,,178.90603793784976,,6.054439346269371
matmul_bias_relu_latency_row_v1,a7190332cb38049430d2305aef5fb26ff5251971,raspberry-pi5-cortex-a76,cortex-a76,"+neon,+fp-armv8",f32,matmul_bias_relu,m16_n16_k9_f32,tiled_vector_materialized_tail,tiled_vector_materialized_tail,train,16,16,9,256,9,5120,2176,1024,1.6,True,True,True,0,0,2048,tiled_vector,False,True,False,True,8,8,8,4,4,tile_materialized,16,16,9,0,5120,1.0,768,3072,2048,0,0,1,none,none,none,0,0,4,0,0,5120,9728,640,8,1.0,False,10,True,True,True,,,success,True,True,,True,100,20000,1611.0,1612.0,0.0,1592.0,16926.0,35596204534308d9d4a262f44361a0fe6c794892fcaa4f3d44acbe7b5dc78a65,0,0,3,ondemand,,-O3 -mtriple=aarch64-linux-gnu -mcpu=cortex-a76,Pi g++ and LLVM 21 captured by runner,MLIR 21,87b4abec4fb3aba9fda982eeac6c1179cfc5887a65d37df816c1718145e1fd92,a26e39e1474caaa7ac0e2b6bdc47ff03104aa397eaf8d437fc7bd8595278ac7f,106024,61230,,458,128,20,,,260.9518989920616,,7.384610383176974
matmul_bias_relu_latency_row_v1,a7190332cb38049430d2305aef5fb26ff5251971,raspberry-pi5-cortex-a76,cortex-a76,"+neon,+fp-armv8",f32,matmul_bias_relu,m16_n16_k9_f32,whole_shape_vector_no_padding,whole_shape_vector_no_padding,train,16,16,9,256,9,5120,2176,1024,1.6,True,True,True,0,0,2048,whole_shape_vector,False,True,True,False,0,0,0,4,0,none,16,16,9,0,5120,1.0,0,0,0,0,0,1,none,none,none,0,0,0,0,0,5120,9728,640,1,3.0,False,10,True,True,True,,,success,True,True,,True,100,20000,334.0,352.0,1.0,333.0,5500.0,30151667e1c363737a594601154e5ba2ce875af5080a4a7106cb277462b7b3a6,1.1920929e-07,1.69383866e-06,3,ondemand,,-O3 -mtriple=aarch64-linux-gnu -mcpu=cortex-a76,Pi g++ and LLVM 21 captured by runner,MLIR 21,7a508405ac854daf77d7a031f1d34613ad5b5a5eef9e0f01c79efb1f1b26f1de,581c44d62102d1113946fde5bc498bdf68a05da72f212177fa92ca35a2076cce,133156,132272,,1538,576,2,,,398.7816299777478,,5.811140992976701
matmul_bias_relu_latency_row_v1,a7190332cb38049430d2305aef5fb26ff5251971,raspberry-pi5-cortex-a76,cortex-a76,"+neon,+fp-armv8",f32,matmul_bias_relu,m16_n32_k1024_f32,fused_scalar,scalar_baseline,validation,16,32,1024,512,1024,1049600,198656,2048,5.229591836734694,True,True,True,0,0,4096,scalar,True,False,False,False,0,0,0,1,0,none,16,32,1024,0,1049600,1.0,0,0,0,0,0,0,none,none,none,0,0,0,0,0,512,512,64,1,3.0,False,8,True,True,True,,,success,True,True,,True,100,2000,1976924.0,1978683.0,797.0,1976015.0,2047756.0000000002,1c2a3e7a2ee55074c67646acaa3cdb1f285a9ce9f152b3a89aee2310f371e03d,2.14576721e-06,0.000117000801,3,ondemand,,-O3 -mtriple=aarch64-linux-gnu -mcpu=cortex-a76,Pi g++ and LLVM 21 captured by runner,MLIR 21,9e5c7cbcb007881f70b9e74eb8cb31c2d9d9566fff42f3539cff9233f9aecc77,c62c6ff0a86b661dd6a4b539d057e4288459839d9a1c38802d2dff6eaa1eb40e,16473,11523,,139,0,21,,,157.5188748538494,,14.497052659329873
matmul_bias_relu_latency_row_v1,a7190332cb38049430d2305aef5fb26ff5251971,raspberry-pi5-cortex-a76,cortex-a76,"+neon,+fp-armv8",f32,matmul_bias_relu,m16_n32_k1024_f32,tiled_vector_full_tiles,tiled_vector_full_tiles,validation,16,32,1024,512,1024,1049600,198656,2048,5.229591836734694,True,True,True,0,0,4096,tiled_vector,False,True,False,True,8,8,8,4,1024,none,16,32,1024,0,1049600,1.0,0,0,0,0,0,0,none,none,none,0,0,0,0,0,1049088,2097664,131136,1024,1.0,False,10,True,True,True,,,success,True,True,,True,100,2000,42389.0,53629.0,315.0,41592.0,80907.0,9b025821214e89609aa5f087f6a8fd4617fa07b7f4868a98ac3c212a311321cc,0,0,3,ondemand,,-O3 -mtriple=aarch64-linux-gnu -mcpu=cortex-a76,Pi g++ and LLVM 21 captured by runner,MLIR 21,8518d81b679c784aa3f87a9f74b2e887c8e4a79fc178da105bd1cce9cea74343,5d071c9ad59c9eae33e3a07c363945081db80679e7b1e97ad7f5b6827c940a85,81712,48227,,351,128,11,,,216.22908301651478,,10.654644173598973
matmul_bias_relu_latency_row_v1,a7190332cb38049430d2305aef5fb26ff5251971,raspberry-pi5-cortex-a76,cortex-a76,"+neon,+fp-armv8",f32,matmul_bias_relu,m16_n32_k512_f32,fused_scalar,scalar_baseline,validation,16,32,512,512,512,525312,100352,2048,5.13,True,True,True,0,0,4096,scalar,True,False,False,False,0,0,0,1,0,none,16,32,512,0,525312,1.0,0,0,0,0,0,0,none,none,none,0,0,0,0,0,512,512,64,1,3.0,False,8,True,True,True,,,success,True,True,,True,100,2000,989165.0,992887.0,56.0,988998.0,1263776.0,d49cd4059113790fd5c0c2781dee79511cf9fc2eea53b52c598dafc70048795a,1.90734863e-06,0.00548571429,3,ondemand,,-O3 -mtriple=aarch64-linux-gnu -mcpu=cortex-a76,Pi g++ and LLVM 21 captured by runner,MLIR 21,d7e8fb0f5a599b3a4ab867abe146f0845a31887194edaba818619e5343da14ba,906cc491309b8178a4d6c0e7daf6cf5bc227a5426273ade65f4d0a6e90ba329b,16469,11519,,139,0,21,,,153.57750188559294,,13.804616431876465
matmul_bias_relu_latency_row_v1,a7190332cb38049430d2305aef5fb26ff5251971,raspberry-pi5-cortex-a76,cortex-a76,"+neon,+fp-armv8",f32,matmul_bias_relu,m16_n32_k512_f32,tiled_vector_full_tiles,tiled_vector_full_tiles,validation,16,32,512,512,512,525312,100352,2048,5.13,True,True,True,0,0,4096,tiled_vector,False,True,False,True,8,8,8,4,512,none,16,32,512,0,525312,1.0,0,0,0,0,0,0,none,none,none,0,0,0,0,0,524800,1049088,65600,512,1.0,False,10,True,True,True,,,success,True,True,,True,100,2000,20889.0,21056.0,56.0,20611.0,27241.0,5d7315f79cae47e27b1d949346a44401197456f9e2f1cda10078ee1425269c5e,0,0,3,ondemand,,-O3 -mtriple=aarch64-linux-gnu -mcpu=cortex-a76,Pi g++ and LLVM 21 captured by runner,MLIR 21,87cc8b748ae1bd2a1a491a318c5d85ffc986a36814a1cc1fdbbde7fd4a375380,0d57fa82ec4351a61bafe7af61dbd2a0033933c9a25335f7be7e6e9cd07e55f3,81700,48215,,351,128,11,,,225.8542701601982,,9.946977983610656
matmul_bias_relu_latency_row_v1,a7190332cb38049430d2305aef5fb26ff5251971,raspberry-pi5-cortex-a76,cortex-a76,"+neon,+fp-armv8",f32,matmul_bias_relu,m16_n32_k63_f32,fused_scalar,scalar_baseline,train,16,32,63,512,63,65536,14144,2048,4.047430830039525,True,True,True,0,0,4096,scalar,True,False,False,False,0,0,0,1,0,none,16,32,63,0,65536,1.0,0,0,0,0,0,7,none,none,none,0,0,0,0,0,512,512,64,1,3.0,False,8,True,True,True,,,success,True,True,,True,100,10000,123759.0,123778.0,0.0,123740.0,179222.0,fbd29b5adbaf27b2b42b1654733df6d49f19c9014af91f7bb1118f5c0e7def4d,4.76837158e-07,6.45723695e-05,3,ondemand,,-O3 -mtriple=aarch64-linux-gnu -mcpu=cortex-a76,Pi g++ and LLVM 21 captured by runner,MLIR 21,125e3ec68c7d20aa8ff91694369c73bb295e2a407e872cfe34416e4f05c977de,79af89b6aac03ee6dcf08fc619bbe2c63a45409f29210f3d4b12cbd3d73f1639,16465,11515,,139,0,21,,,151.37534285895526,,11.726091405059163
matmul_bias_relu_latency_row_v1,a7190332cb38049430d2305aef5fb26ff5251971,raspberry-pi5-cortex-a76,cortex-a76,"+neon,+fp-armv8",f32,matmul_bias_relu,m16_n32_k63_f32,tiled_vector_direct_k,tiled_vector_direct_cleanup,train,16,32,63,512,63,65536,14144,2048,4.047430830039525,True,True,True,0,0,4096,tiled_vector,False,True,False,True,8,8,8,4,56,none,16,32,63,0,65536,1.0,0,0,0,0,0,7,none,none,direct_vector_cleanup,0,0,8,7168,0,65024,129536,8128,64,1.0,False,10,True,True,True,,,success,True,True,,True,100,10000,4907.0,4908.0,1.0,4851.0,14593.0,d887da3e41592fb124ae58bac06d9b434347f865f4ab07024a8835fe615a80c8,0,0,3,ondemand,,-O3 -mtriple=aarch64-linux-gnu -mcpu=cortex-a76,Pi g++ and LLVM 21 captured by runner,MLIR 21,2ce2c3ca446e43b0eeab7a648a6d66f3ceaa8feb03252515d74876861fde5de3,9d709ce956390a95cdabf996372261ccb3e6b0a784fd62962af7a76c928167a9,65492,42694,,368,144,13,,,184.2695288360119,,8.498418036089904
matmul_bias_relu_latency_row_v1,a7190332cb38049430d2305aef5fb26ff5251971,raspberry-pi5-cortex-a76,cortex-a76,"+neon,+fp-armv8",f32,matmul_bias_relu,m16_n32_k63_f32,tiled_vector_materialized_tail,tiled_vector_materialized_tail,train,16,32,63,512,63,65536,14144,2048,4.047430830039525,True,True,True,0,0,4096,tiled_vector,False,True,False,True,8,8,8,4,56,tile_materialized,16,32,63,0,65536,1.0,768,6144,4096,0,0,7,none,none,none,0,0,8,0,0,65024,129536,8128,64,1.0,False,10,True,True,True,,,success,True,True,,True,100,10000,13203.0,13222.0,17.0,13166.0,34888.0,b7471533d705baefae9ae88b76a59a8ce64ddd04776de0cd16cf21d653705b0d,0,0,3,ondemand,,-O3 -mtriple=aarch64-linux-gnu -mcpu=cortex-a76,Pi g++ and LLVM 21 captured by runner,MLIR 21,a3645ace7061e382b318e7262e75accee97bf3ba39a2a2b429f07dec23c2ff0f,61ffd500ef2893d031c5c3020e178866e70fcb442f620d68d58469fed2606568,106080,61255,,457,128,20,,,239.49209693819284,,9.488199355479201
matmul_bias_relu_latency_row_v1,a7190332cb38049430d2305aef5fb26ff5251971,raspberry-pi5-cortex-a76,cortex-a76,"+neon,+fp-armv8",f32,matmul_bias_relu,m16_n64_k127_f32,fused_scalar,scalar_baseline,train,16,64,127,1024,127,262144,44736,4096,5.368283093053735,True,True,True,0,0,8192,scalar,True,False,False,False,0,0,0,1,0,none,16,64,127,0,262144,1.0,0,0,0,0,0,7,none,none,none,0,0,0,0,0,512,512,64,1,3.0,False,8,True,True,True,,,success,True,True,,True,100,2000,494184.0,495815.0,19.0,494110.0,539444.0,c735dd2310e767d422152ed3e71ff179b34c26610ad079e91d6ba13494f43e1a,7.15255737e-07,0.000970343866,3,ondemand,,-O3 -mtriple=aarch64-linux-gnu -mcpu=cortex-a76,Pi g++ and LLVM 21 captured by runner,MLIR 21,b30de09d81ef9f846b06863e71f7df78d1db6027acf539b29e03d0bac67d394c,8e81de516c4474d8b54d3e2085cd845ccfbffff19ba8a2997e2465b0d6d4e5af,16471,11519,,139,0,21,,,149.599586147815,,13.110663196456093
matmul_bias_relu_latency_row_v1,a7190332cb38049430d2305aef5fb26ff5251971,raspberry-pi5-cortex-a76,cortex-a76,"+neon,+fp-armv8",f32,matmul_bias_relu,m16_n64_k127_f32,tiled_vector_direct_k,tiled_vector_direct_cleanup,train,16,64,127,1024,127,262144,44736,4096,5.368283093053735,True,True,True,0,0,8192,tiled_vector,False,True,False,True,8,8,8,4,240,none,16,64,127,0,262144,1.0,0,0,0,0,0,7,none,none,direct_vector_cleanup,0,0,16,14336,0,260608,520704,32576,256,1.0,False,10,True,True,True,,,success,True,True,,True,100,2000,13111.0,13148.0,18.0,13074.0,21796.0,541661a4047dfb0f85be47a50a051d12b527f2d002066f1fbb44760029e93f41,0,0,3,ondemand,,-O3 -mtriple=aarch64-linux-gnu -mcpu=cortex-a76,Pi g++ and LLVM 21 captured by runner,MLIR 21,1c635b41ae585af0c7011dc1d77f77a464bb5c7a1237351037c952e3b5c44b99,c98144a5185d71e7bf19940f57d8ecaeb3c82125e972b28583cd2be343bb74b9,65507,42709,,375,144,13,,,182.80919105745852,,9.481206851499401
matmul_bias_relu_latency_row_v1,a7190332cb38049430d2305aef5fb26ff5251971,raspberry-pi5-cortex-a76,cortex-a76,"+neon,+fp-armv8",f32,matmul_bias_relu,m16_n64_k127_f32,tiled_vector_materialized_tail,tiled_vector_materialized_tail,train,16,64,127,1024,127,262144,44736,4096,5.368283093053735,True,True,True,0,0,8192,tiled_vector,False,True,False,True,8,8,8,4,240,tile_materialized,16,64,127,0,262144,1.0,768,12288,8192,0,0,7,none,none,none,0,0,16,0,0,260608,520704,32576,256,1.0,False,10,True,True,True,,,success,True,True,,True,100,2000,52777.0,52796.0,1.0,52740.0,71592.0,e5bdb51f08f6cc32f5dc0bf8c856eb24d272541fd318a352d70ae961bf72214c,0,0,3,ondemand,,-O3 -mtriple=aarch64-linux-gnu -mcpu=cortex-a76,Pi g++ and LLVM 21 captured by runner,MLIR 21,6f44f1d572fe3230b9a094ac25030ec67f6013adcf67567f32cd3dee7a7a7adc,c060d5690158a0c913054c8aff1e383ef9d3224a38a62115bfa27ebc3c038059,106087,61275,,473,128,20,,,247.1476411446929,,10.873830768729865
matmul_bias_relu_latency_row_v1,a7190332cb38049430d2305aef5fb26ff5251971,raspberry-pi5-cortex-a76,cortex-a76,"+neon,+fp-armv8",f32,matmul_bias_relu,m17_n17_k17_f32,fused_scalar,scalar_baseline,train,17,17,17,289,17,10404,3468,1156,2.25,True,True,True,0,0,2312,scalar,True,False,False,False,0,0,0,1,0,none,17,17,17,0,10404,1.0,0,0,0,1,1,1,none,none,none,0,0,0,0,0,512,512,64,1,3.0,False,8,True,True,True,,,success,True,True,,True,100,20000,19908.0,19926.0,1.0,19888.0,51574.0,848e8f264bfde2945ea283629f894d0be2e65e6706c1ec863e67b232a3c60614,1.1920929e-07,1.7746124e-05,3,ondemand,,-O3 -mtriple=aarch64-linux-gnu -mcpu=cortex-a76,Pi g++ and LLVM 21 captured by runner,MLIR 21,bf454079b01edf7f8afd7cbc26495d78634da2041d296b6be676bdfffe1e0ac1,115b83514ff9733ce32aca90fb3335a66fa7bdb77884307ceee0b1f840b208d6,16367,11515,,140,0,21,,,175.2148331142962,,9.898876939978445
matmul_bias_relu_latency_row_v1,a7190332cb38049430d2305aef5fb26ff5251971,raspberry-pi5-cortex-a76,cortex-a76,"+neon,+fp-armv8",f32,matmul_bias_relu,m17_n17_k17_f32,tiled_vector_materialized_tail,tiled_vector_materialized_tail,train,17,17,17,289,17,10404,3468,1156,2.25,True,True,True,0,0,2312,tiled_vector,False,True,False,True,8,8,8,4,8,tile_materialized,17,17,17,0,10404,1.0,768,20736,13824,1,1,1,none,none,none,9,9,9,0,0,10338,20164,1292,27,1.0,False,10,True,True,True,,,success,True,True,,True,100,20000,10851.0,10889.0,20.0,10760.0,94204.0,a86ec19edbed54ff3e21e58020773fe288f0eacda4076b54629cfb2f76872976,0,0,3,ondemand,,-O3 -mtriple=aarch64-linux-gnu -mcpu=cortex-a76,Pi g++ and LLVM 21 captured by runner,MLIR 21,d2c06372e14eb22e17b894429be6b109e89d40c0b43ad4f8b8cb933a6a048bd9,0abd7def7b75c04195f387e2dc269277b52afd892703eef682ea77dbdcf56f9d,114084,66651,,717,128,51,,,326.46147813647985,,9.292012520620208
matmul_bias_relu_latency_row_v1,a7190332cb38049430d2305aef5fb26ff5251971,raspberry-pi5-cortex-a76,cortex-a76,"+neon,+fp-armv8",f32,matmul_bias_relu,m1_n1_k1_f32,fused_scalar,scalar_baseline,train,1,1,1,1,1,4,12,4,0.25,True,True,True,0,0,8,scalar,True,False,False,False,0,0,0,1,0,none,1,1,1,0,4,1.0,0,0,0,1,1,1,none,none,none,0,0,0,0,0,512,512,64,1,0.015625,False,8,True,True,True,,,success,True,True,,True,100,20000,74.0,75.0,0.0,55.0,19278.0,645805270c32b4e0db435de10912a584a93e35c160e065f78587f2906874e3af,0,0,3,ondemand,,-O3 -mtriple=aarch64-linux-gnu -mcpu=cortex-a76,Pi g++ and LLVM 21 captured by runner,MLIR 21,5bcb0fcb6e3a3c684b4b4cbc589e2d9765a644701dc461d652f0ff516d64f7a1,cf50a42adeab5c3a9512656ff7b07ff7a5cd954d51de8e45e632b487e7d51a4d,15685,11319,,139,0,21,,,175.88841798715293,,4.30406509320417
matmul_bias_relu_latency_row_v1,a7190332cb38049430d2305aef5fb26ff5251971,raspberry-pi5-cortex-a76,cortex-a76,"+neon,+fp-armv8",f32,matmul_bias_relu,m1_n1_k1_f32,tiled_vector_materialized_tail,tiled_vector_materialized_tail,train,1,1,1,1,1,4,12,4,0.25,True,True,True,0,0,8,tiled_vector,False,True,False,True,8,8,8,4,0,tile_materialized,1,1,1,0,4,1.0,768,2304,1536,1,1,1,none,none,none,1,1,1,0,0,514,516,64,1,1.0,False,10,True,True,True,,,success,True,True,,True,100,20000,407.0,408.0,1.0,388.0,14166.0,e94bd062ca9c5870f07fef7374566f0f3934e5e0942ac7d91da657d7e71324bf,0,0,3,ondemand,,-O3 -mtriple=aarch64-linux-gnu -mcpu=cortex-a76,Pi g++ and LLVM 21 captured by runner,MLIR 21,00bf5be44d25f922071b77af9295afb2589af7602a745202ad011604744ad2d6,67c7d91050c430e8573b0f2eac6822d98cb03f1d6b186d2585a3b130ca759516,99898,58312,,453,128,40,,,227.34959702938795,,6.008813185442595
matmul_bias_relu_latency_row_v1,a7190332cb38049430d2305aef5fb26ff5251971,raspberry-pi5-cortex-a76,cortex-a76,"+neon,+fp-armv8",f32,matmul_bias_relu,m1_n1_k1_f32,whole_shape_vector_materialized_padding,whole_shape_vector_materialized_padding,train,1,1,1,1,1,4,12,4,0.25,True,True,True,0,0,8,whole_shape_vector,False,True,True,False,0,0,0,4,0,whole_shape_materialized,8,8,8,189,1152,288.0,768,768,12,1,1,1,none,none,none,0,0,0,0,0,1536,2560,192,1,0.015625,False,10,True,True,True,,,success,True,True,,True,100,20000,278.0,297.0,0.0,277.0,11018.0,22002062514eea5add907dc701c3b962351bc0512c153b712734525d38760f57,0,0,3,ondemand,,-O3 -mtriple=aarch64-linux-gnu -mcpu=cortex-a76,Pi g++ and LLVM 21 captured by runner,MLIR 21,e6f43f71005a69701a1dc4cfdda85f4b8b043b85d5fbc1b1e8546a59a63da326,23e1775a79e44b21a44818c9f3217f3e63f342792753434c17296c7ed77f68b6,70851,50848,,394,128,26,,,173.4094899147749,,5.627621113690637
matmul_bias_relu_latency_row_v1,a7190332cb38049430d2305aef5fb26ff5251971,raspberry-pi5-cortex-a76,cortex-a76,"+neon,+fp-armv8",f32,matmul_bias_relu,m1_n1_k1_f32,whole_shape_vector_no_padding,whole_shape_vector_no_padding,train,1,1,1,1,1,4,12,4,0.25,True,True,True,0,0,8,whole_shape_vector,False,True,True,False,0,0,0,4,0,none,1,1,1,0,4,1.0,0,0,0,1,1,1,none,none,none,0,0,0,0,0,514,516,64,1,0.015625,False,10,True,True,True,,,compile_failed,False,False,,False,,,,,,,,,,,,,,,,,,,,,,,,,,,97.35525608994067,,
matmul_bias_relu_latency_row_v1,a7190332cb38049430d2305aef5fb26ff5251971,raspberry-pi5-cortex-a76,cortex-a76,"+neon,+fp-armv8",f32,matmul_bias_relu,m24_n40_k31_f32,fused_scalar,scalar_baseline,train,24,40,31,960,31,61440,11776,3840,3.9344262295081966,True,True,True,0,0,7680,scalar,True,False,False,False,0,0,0,1,0,none,24,40,31,0,61440,1.0,0,0,0,0,0,7,none,none,none,0,0,0,0,0,512,512,64,1,3.0,False,8,True,True,True,,,success,True,True,,True,100,10000,117556.0,117574.0,1.0,117536.0,2894681.0,b72add446e8a79f0a5aadedda06318ef38366401f1c7d79d90a8ea6238d4fb84,2.38418579e-07,6.27864632e-05,3,ondemand,,-O3 -mtriple=aarch64-linux-gnu -mcpu=cortex-a76,Pi g++ and LLVM 21 captured by runner,MLIR 21,42967e4c814010a340ce834aedf2640b077092639c4d19091da6498e92db02f2,952217cad37c2994b3e197f740a203f56bd039c009418e6af87ac300d7d3a034,16465,11515,,140,0,21,,,149.83060583472252,,11.674670094775353
matmul_bias_relu_latency_row_v1,a7190332cb38049430d2305aef5fb26ff5251971,raspberry-pi5-cortex-a76,cortex-a76,"+neon,+fp-armv8",f32,matmul_bias_relu,m24_n40_k31_f32,tiled_vector_direct_k,tiled_vector_direct_cleanup,train,24,40,31,960,31,61440,11776,3840,3.9344262295081966,True,True,True,0,0,7680,tiled_vector,False,True,False,True,8,8,8,4,45,none,24,40,31,0,61440,1.0,0,0,0,0,0,7,none,none,direct_vector_cleanup,0,0,15,13440,0,60032,119552,7504,60,1.0,False,10,True,True,True,,,success,True,True,,True,100,10000,7426.0,7426.0,1.0,7388.0,21092.0,3bd8a40fdaf180a78e7ec95a9a51adefb5570b38bae4eaae89d24a6a57a9929e,0,0,3,ondemand,,-O3 -mtriple=aarch64-linux-gnu -mcpu=cortex-a76,Pi g++ and LLVM 21 captured by runner,MLIR 21,24c4db3ca65c0e0f7348075863d14274d90e146a400a2b8c357d2a35122fd1bb,e412b6e6886578511738bcc610a05378217189805da556e2cf8d2f6755002f8f,65443,42694,,369,144,13,,,217.9337558336556,,8.912742634737025
matmul_bias_relu_latency_row_v1,a7190332cb38049430d2305aef5fb26ff5251971,raspberry-pi5-cortex-a76,cortex-a76,"+neon,+fp-armv8",f32,matmul_bias_relu,m24_n40_k31_f32,tiled_vector_materialized_tail,tiled_vector_materialized_tail,train,24,40,31,960,31,61440,11776,3840,3.9344262295081966,True,True,True,0,0,7680,tiled_vector,False,True,False,True,8,8,8,4,45,tile_materialized,24,40,31,0,61440,1.0,768,11520,7680,0,0,7,none,none,none,0,0,15,0,0,60032,119552,7504,60,1.0,False,10,True,True,True,,,success,True,True,,True,100,10000,12926.0,12945.0,0.0,12907.0,29797.0,719040e1c5978dd6c1b2c787c48d606331fb7de17bbcd4689fffd4bdf3d47b28,0,0,3,ondemand,,-O3 -mtriple=aarch64-linux-gnu -mcpu=cortex-a76,Pi g++ and LLVM 21 captured by runner,MLIR 21,9a65ee11ed9f83e3c67a46df49fd59762335e0442caf1db67fddff4d642b5695,739c038dae50ec0014cc1603624daa72cc8f5e61fb411217d94fd7921539c172,106080,61261,,465,128,20,,,247.3298260010779,,9.46699606582284
matmul_bias_relu_latency_row_v1,a7190332cb38049430d2305aef5fb26ff5251971,raspberry-pi5-cortex-a76,cortex-a76,"+neon,+fp-armv8",f32,matmul_bias_relu,m255_n255_k256_f32,fused_scalar,scalar_baseline,train,255,255,256,65025,256,33422850,782340,260100,32.06213307240704,True,True,True,0,0,520200,scalar,True,False,False,False,0,0,0,1,0,none,255,255,256,0,33422850,1.0,0,0,0,7,7,0,none,none,none,0,0,0,0,0,512,512,64,1,3.0,False,8,True,True,True,,,success,True,True,,True,100,500,62996178.0,63063733.0,12537.0,62971418.0,63251973.0,2328bf695b08f9de2730bfbc688d7344925e58a20f30bbca8445b52b9f71caf4,1.43051147e-06,0.00614250614,3,ondemand,,-O3 -mtriple=aarch64-linux-gnu -mcpu=cortex-a76,Pi g++ and LLVM 21 captured by runner,MLIR 21,fef4d7ab269130a5976b4a491e4746e31af31c98435429f6cc4cdc9701b371c6,aa6a387f738d6444780a946aacd7497d3312ff5a6986cd03b71886908bb84ee4,16440,11546,,142,0,21,,,142.2640250530094,,17.958584615848842
matmul_bias_relu_latency_row_v1,a7190332cb38049430d2305aef5fb26ff5251971,raspberry-pi5-cortex-a76,cortex-a76,"+neon,+fp-armv8",f32,matmul_bias_relu,m255_n255_k256_f32,tiled_vector_materialized_tail,tiled_vector_materialized_tail,train,255,255,256,65025,256,33422850,782340,260100,32.06213307240704,True,True,True,0,0,520200,tiled_vector,False,True,False,True,8,8,8,4,30752,tile_materialized,255,255,256,0,33422850,1.0,768,1572864,1048576,7,7,0,none,none,none,1024,1024,0,0,0,33293312,66586112,4161664,32768,1.0,False,10,True,True,True,,,success,True,True,,True,100,500,11666170.0,11700336.0,9037.0,11644448.0,14504129.0,ed7859e6c5ed59d8a8012df73b689aceb9e8c2d3478cbae80f630cd81d2e04be,0,0,3,ondemand,,-O3 -mtriple=aarch64-linux-gnu -mcpu=cortex-a76,Pi g++ and LLVM 21 captured by runner,MLIR 21,a3dacfbab4972dfc426151e84939e46f4306c5a9eae1a50dde6f8695a0c9c7b9,da199126f5b49a7ec3e3d5dfae43e793f4d4efae2294ba047bd9b09b3f29eb3d,114992,66874,,724,128,53,,,320.64675888977945,,16.272203758450818
matmul_bias_relu_latency_row_v1,a7190332cb38049430d2305aef5fb26ff5251971,raspberry-pi5-cortex-a76,cortex-a76,"+neon,+fp-armv8",f32,matmul_bias_relu,m256_n256_k255_f32,fused_scalar,scalar_baseline,train,256,256,255,65536,255,33554432,784384,262144,32.06262230919765,True,True,True,0,0,524288,scalar,True,False,False,False,0,0,0,1,0,none,256,256,255,0,33554432,1.0,0,0,0,0,0,7,none,none,none,0,0,0,0,0,512,512,64,1,3.0,False,8,True,True,True,,,success,True,True,,True,100,500,63310211.0,63378247.0,8075.000000000001,63293747.0,66171983.99999999,6aa175196b1885db8b35e4cf266e398e8c7bfffad4553a1e15c0e0c975b5e5b7,1.66893005e-06,0.00242939569,3,ondemand,,-O3 -mtriple=aarch64-linux-gnu -mcpu=cortex-a76,Pi g++ and LLVM 21 captured by runner,MLIR 21,8cbaf29b998e64f2a0448a971e141bfcf09080106b1f0e89299cb81b836e8c5c,3d65002ae88769609a53ee6f541f1072053ff68dd3ba42fabffa8950213eb7a0,16440,11546,,141,0,21,,,155.29867517761886,,17.96355718532158
matmul_bias_relu_latency_row_v1,a7190332cb38049430d2305aef5fb26ff5251971,raspberry-pi5-cortex-a76,cortex-a76,"+neon,+fp-armv8",f32,matmul_bias_relu,m256_n256_k255_f32,tiled_vector_direct_k,tiled_vector_direct_cleanup,train,256,256,255,65536,255,33554432,784384,262144,32.06262230919765,True,True,True,0,0,524288,tiled_vector,False,True,False,True,8,8,8,4,31744,none,256,256,255,0,33554432,1.0,0,0,0,0,0,7,none,none,direct_vector_cleanup,0,0,1024,917504,0,33423872,66847232,4177984,32768,1.0,False,10,True,True,True,,,success,True,True,,True,100,500,1543609.0,1547869.0,1778.0,1537590.0,1612090.0,4e95a628751032ec2e2b1d63cea161399abcb512282be331e85a7e2b5abd4783,0,0,3,ondemand,,-O3 -mtriple=aarch64-linux-gnu -mcpu=cortex-a76,Pi g++ and LLVM 21 captured by runner,MLIR 21,76d8e731493372b48f237b4264b08bd05e4c0b2f4ca7b0c3f16a2ee496824d49,25baed1c184322c25fb38961168144b5a06e7ce9feec02ab6061d1189e509ae5,65493,42747,,387,144,13,,,195.79232390969992,,14.249633739154646
matmul_bias_relu_latency_row_v1,a7190332cb38049430d2305aef5fb26ff5251971,raspberry-pi5-cortex-a76,cortex-a76,"+neon,+fp-armv8",f32,matmul_bias_relu,m256_n256_k255_f32,tiled_vector_materialized_tail,tiled_vector_materialized_tail,train,256,256,255,65536,255,33554432,784384,262144,32.06262230919765,True,True,True,0,0,524288,tiled_vector,False,True,False,True,8,8,8,4,31744,tile_materialized,256,256,255,0,33554432,1.0,768,786432,524288,0,0,7,none,none,none,0,0,1024,0,0,33423872,66847232,4177984,32768,1.0,False,10,True,True,True,,,success,True,True,,True,100,500,6881343.0,6902454.0,7833.0,6862583.0,6988398.0,d09ec1893cea468ec1657c2d27b69daa17f3b25dd4063f902eb7abafed90acb4,0,0,3,ondemand,,-O3 -mtriple=aarch64-linux-gnu -mcpu=cortex-a76,Pi g++ and LLVM 21 captured by runner,MLIR 21,ee7554758bffc8c8b70f92b5c821b2ce8d6e14b5b3d008d0c0792f4b3f825556,0caacd1c32b6f635a0532a66ef06ff8001fd2543e9daad309d9adb72117fd2c7,106849,61672,,497,128,22,,,223.42167398892343,,15.744324394348176
matmul_bias_relu_latency_row_v1,a7190332cb38049430d2305aef5fb26ff5251971,raspberry-pi5-cortex-a76,cortex-a76,"+neon,+fp-armv8",f32,matmul_bias_relu,m256_n256_k257_f32,fused_scalar,scalar_baseline,train,256,256,257,65536,257,33816576,788480,262144,32.187134502923975,True,True,True,0,0,524288,scalar,True,False,False,False,0,0,0,1,0,none,256,256,257,0,33816576,1.0,0,0,0,0,0,1,none,none,none,0,0,0,0,0,512,512,64,1,3.0,False,8,True,True,True,,,success,True,True,,True,100,500,63803176.0,63871843.0,8038.0,63785881.0,66612061.0,a1129bbbb43fbbaef25a804f89678550b235879f5e13f730d878fd9a46133fae,1.43051147e-06,0.0124197002,3,ondemand,,-O3 -mtriple=aarch64-linux-gnu -mcpu=cortex-a76,Pi g++ and LLVM 21 captured by runner,MLIR 21,ebcf3ff9f3b4250fbf2b7b67b57d1896e7ca73f247281d5720a86591d8a9a663,636d94ec78ab53687f6c1a87b9c9439b432b65a94ca95e24f4c30d037e65b1bc,16440,11546,,141,0,21,,,150.68031195551157,,17.97131352764027
matmul_bias_relu_latency_row_v1,a7190332cb38049430d2305aef5fb26ff5251971,raspberry-pi5-cortex-a76,cortex-a76,"+neon,+fp-armv8",f32,matmul_bias_relu,m256_n256_k257_f32,tiled_vector_direct_k,tiled_vector_direct_cleanup,train,256,256,257,65536,257,33816576,788480,262144,32.187134502923975,True,True,True,0,0,524288,tiled_vector,False,True,False,True,8,8,8,4,32768,none,256,256,257,0,33816576,1.0,0,0,0,0,0,1,none,none,direct_vector_cleanup,0,0,1024,131072,0,33686016,67371520,4210752,33792,1.0,False,10,True,True,True,,,success,True,True,,True,100,500,1178443.0,1479591.0,2259.0,1173147.0,1507406.0,081185e0c35d741158cfe3368c69a6d461a75cbc9ba10c858bb17ec92550ca50,0,0,3,ondemand,,-O3 -mtriple=aarch64-linux-gnu -mcpu=cortex-a76,Pi g++ and LLVM 21 captured by runner,MLIR 21,f83654bd78d0498f1c391f8d4cd13c46d1c5e42e42831c89975979222645d214,fd6a7651d20aa2115c85aa07efc1effaed5d03a9e816aa38b2ce8324b4acd659,65000,42274,,385,144,11,,,223.45685283653438,,13.979704633620951
matmul_bias_relu_latency_row_v1,a7190332cb38049430d2305aef5fb26ff5251971,raspberry-pi5-cortex-a76,cortex-a76,"+neon,+fp-armv8",f32,matmul_bias_relu,m256_n256_k257_f32,tiled_vector_materialized_tail,tiled_vector_materialized_tail,train,256,256,257,65536,257,33816576,788480,262144,32.187134502923975,True,True,True,0,0,524288,tiled_vector,False,True,False,True,8,8,8,4,32768,tile_materialized,256,256,257,0,33816576,1.0,768,786432,524288,0,0,1,none,none,none,0,0,1024,0,0,33686016,67371520,4210752,33792,1.0,False,10,True,True,True,,,success,True,True,,True,100,500,7083731.0,7104194.0,3907.0,7069065.0,7175083.0,ab736a2d49ee9354a3faf55a8a70fe13b5e22400e281951b3b688fe183ca94f1,0,0,3,ondemand,,-O3 -mtriple=aarch64-linux-gnu -mcpu=cortex-a76,Pi g++ and LLVM 21 captured by runner,MLIR 21,5f66506d5f420012afd84d85fbc1100b8f91a72f401fbabf96116c19533012e7,7bbc1860480136bd2e6b45a3c374d77599d9d11ca807bd867a9508a5ced9ea9b,106849,61672,,497,128,22,,,231.56988620758057,,15.773311304267205
matmul_bias_relu_latency_row_v1,a7190332cb38049430d2305aef5fb26ff5251971,raspberry-pi5-cortex-a76,cortex-a76,"+neon,+fp-armv8",f32,matmul_bias_relu,m256_n512_k8_f32,fused_scalar,scalar_baseline,heldout,256,512,8,131072,8,2359296,548864,524288,2.198473282442748,True,True,True,0,0,1048576,scalar,True,False,False,False,0,0,0,1,0,none,256,512,8,0,2359296,1.0,0,0,0,0,0,0,none,none,none,0,0,0,0,0,512,512,64,1,3.0,False,8,True,True,True,,,success,True,True,,True,100,500,4590327.0,4596734.0,1352.0,4583420.0,4705863.0,fca208197ea6dd5efb5e5a60f568d0ba69054f231456c47377dc90b45fd8e4c9,1.1920929e-07,0.0149011612,3,ondemand,,-O3 -mtriple=aarch64-linux-gnu -mcpu=cortex-a76,Pi g++ and LLVM 21 captured by runner,MLIR 21,f5dacbe40b9e4b059eee07588cf9b802b3d45cb7c80ec7c83a4e8d47529cd79b,7701a25f3f6f72ea5e1379b1168763237d099f4235cedea5942ac51875615838,16484,11538,,141,0,21,,,183.89915116131306,,15.339461821329214
matmul_bias_relu_latency_row_v1,a7190332cb38049430d2305aef5fb26ff5251971,raspberry-pi5-cortex-a76,cortex-a76,"+neon,+fp-armv8",f32,matmul_bias_relu,m256_n512_k8_f32,tiled_vector_full_tiles,tiled_vector_full_tiles,heldout,256,512,8,131072,8,2359296,548864,524288,2.198473282442748,True,True,True,0,0,1048576,tiled_vector,False,True,False,True,8,8,8,4,2048,none,256,512,8,0,2359296,1.0,0,0,0,0,0,0,none,none,none,0,0,0,0,0,2097664,4194816,262208,2048,1.0,False,10,True,True,True,,,success,True,True,,True,100,500,86741.0,87019.0,93.0,86278.0,92870.0,60a59e47e15920b9a76f3cf7df2dd0323f0340c8cd06638ea95402279b11ddeb,2.38418579e-07,0.0116415322,3,ondemand,,-O3 -mtriple=aarch64-linux-gnu -mcpu=cortex-a76,Pi g++ and LLVM 21 captured by runner,MLIR 21,bb4bd35e6f54824e398a2cfd14e282ba6859618ce9dcd17bb2ca534c9efe3d55,853ff77ebdef0cc21786aefd50e681960f9f0c44aae225bade184c0439f86683,55104,34671,,278,128,7,,,207.93174509890378,,11.370681946029382
matmul_bias_relu_latency_row_v1,a7190332cb38049430d2305aef5fb26ff5251971,raspberry-pi5-cortex-a76,cortex-a76,"+neon,+fp-armv8",f32,matmul_bias_relu,m256_n8_k16_f32,fused_scalar,scalar_baseline,train,256,8,16,2048,16,69632,25088,8192,2.0923076923076924,True,True,True,0,0,16384,scalar,True,False,False,False,0,0,0,1,0,none,256,8,16,0,69632,1.0,0,0,0,0,0,0,none,none,none,0,0,0,0,0,512,512,64,1,3.0,False,8,True,True,True,,,success,True,True,,True,100,10000,132889.0,132908.0,1.0,132870.0,233277.0,f2ecb88b5efa801bf0ae955b5afb37a308aef5b1a14b577024db942d1982b3b7,1.1920929e-07,0.000125328989,3,ondemand,,-O3 -mtriple=aarch64-linux-gnu -mcpu=cortex-a76,Pi g++ and LLVM 21 captured by runner,MLIR 21,3192cd4f364e6e386d9e05dd16ee41a8f9b1331548ec5465fed648da77edea25,6a2d9f2a30a415a57ab8c019a6acc618d3eba220dda53bd31026a41423010662,16462,11508,,139,0,21,,,143.54054094292223,,11.797269472276547
matmul_bias_relu_latency_row_v1,a7190332cb38049430d2305aef5fb26ff5251971,raspberry-pi5-cortex-a76,cortex-a76,"+neon,+fp-armv8",f32,matmul_bias_relu,m256_n8_k16_f32,tiled_vector_full_tiles,tiled_vector_full_tiles,train,256,8,16,2048,16,69632,25088,8192,2.0923076923076924,True,True,True,0,0,16384,tiled_vector,False,True,False,True,8,8,8,4,64,none,256,8,16,0,69632,1.0,0,0,0,0,0,0,none,none,none,0,0,0,0,0,66048,131584,8256,64,1.0,False,10,True,True,True,,,success,True,True,,True,100,10000,2778.0,2797.0,0.0,2777.0,37592.0,fe9d8c27ddcb362a0030bb4c0d2c3b634f3f0fd4967de6c934b0fcc14e6dcadc,0,0,3,ondemand,,-O3 -mtriple=aarch64-linux-gnu -mcpu=cortex-a76,Pi g++ and LLVM 21 captured by runner,MLIR 21,ea0358121242b26d8a78378d2c1d9a3f9c462a15203ea29cee988a7f4810b523,12543b8d6682fc9f79fead8ec59c48074600a5a7fbbff892ca47f9aa76fbdffa,81281,47711,,343,128,9,,,227.7591589372605,,7.9294865233142895
matmul_bias_relu_latency_row_v1,a7190332cb38049430d2305aef5fb26ff5251971,raspberry-pi5-cortex-a76,cortex-a76,"+neon,+fp-armv8",f32,matmul_bias_relu,m257_n257_k256_f32,fused_scalar,scalar_baseline,train,257,257,256,66049,256,33949186,790532,264196,32.18762183235867,True,True,True,0,0,528392,scalar,True,False,False,False,0,0,0,1,0,none,257,257,256,0,33949186,1.0,0,0,0,1,1,0,none,none,none,0,0,0,0,0,512,512,64,1,3.0,False,8,True,True,True,,,success,True,True,,True,100,500,63979322.0,64058302.99999999,10278.0,63958674.0,66934336.0,fe7039a23e739c6e60b066528cad8d538847ea0016a6afe7e4306e8df67302d1,1.90734863e-06,0.0238095238,3,ondemand,,-O3 -mtriple=aarch64-linux-gnu -mcpu=cortex-a76,Pi g++ and LLVM 21 captured by runner,MLIR 21,5b0c8730e583760368162e5194a181f3d099e8d1bcddf6d14538fb9f9d894a1c,6b3ca722cf1fd3f86ac32048fb2fb214d77b0265956d7afe9e636003a18e9542,16440,11546,,142,0,21,,,172.10769397206604,,17.974070495367915
matmul_bias_relu_latency_row_v1,a7190332cb38049430d2305aef5fb26ff5251971,raspberry-pi5-cortex-a76,cortex-a76,"+neon,+fp-armv8",f32,matmul_bias_relu,m257_n257_k256_f32,tiled_vector_materialized_tail,tiled_vector_materialized_tail,train,257,257,256,66049,256,33949186,790532,264196,32.18762183235867,True,True,True,0,0,528392,tiled_vector,False,True,False,True,8,8,8,4,32768,tile_materialized,257,257,256,0,33949186,1.0,768,1622016,1081344,1,1,0,none,none,none,1056,1056,0,0,0,33817600,67634688,4227200,34848,1.0,False,10,True,True,True,,,success,True,True,,True,100,500,12208169.0,12230946.0,7148.0,12183799.0,12315613.0,b7d464767d61199274da704fa986a7451a5d4c6f4502f52947ee7b085398ce93,0,0,3,ondemand,,-O3 -mtriple=aarch64-linux-gnu -mcpu=cortex-a76,Pi g++ and LLVM 21 captured by runner,MLIR 21,a3bc58d5a854906b85ec2aed0fc1e7aa1a8da26d084bc6bc69f19f8a4b17905e,9005ce72e58993ad627970c97b1a2069c32386c6b76de2e01670a16dd984f685,114992,66874,,729,128,53,,,256.69633015058935,,16.317615875791947
matmul_bias_relu_latency_row_v1,a7190332cb38049430d2305aef5fb26ff5251971,raspberry-pi5-cortex-a76,cortex-a76,"+neon,+fp-armv8",f32,matmul_bias_relu,m2_n2_k2_f32,fused_scalar,scalar_baseline,train,2,2,2,4,2,24,48,16,0.375,True,True,True,0,0,32,scalar,True,False,False,False,0,0,0,1,0,none,2,2,2,0,24,1.0,0,0,0,2,2,2,none,none,none,0,0,0,0,0,512,512,64,1,0.0625,False,8,True,True,True,,,success,True,True,,True,100,20000,111.0,112.0,0.0,92.0,185.0,182b4470b9b0a0269bae7debd58512191ee3717da961ff2ba99721ae473ec977,7.4505806e-09,6.31668245e-08,3,ondemand,,-O3 -mtriple=aarch64-linux-gnu -mcpu=cortex-a76,Pi g++ and LLVM 21 captured by runner,MLIR 21,1f66d06eccc659baef85d72ff33cd190958d5bcb95354f96f2cc01ed466495ef,50f70ebd5be3afe9118ab34035b7ccb08d0db21cd0a1607e0f0b6c5c8dc0fbdd,16344,11484,,139,0,21,,,152.05023298040032,,4.709530201312334
matmul_bias_relu_latency_row_v1,a7190332cb38049430d2305aef5fb26ff5251971,raspberry-pi5-cortex-a76,cortex-a76,"+neon,+fp-armv8",f32,matmul_bias_relu,m2_n2_k2_f32,tiled_vector_materialized_tail,tiled_vector_materialized_tail,train,2,2,2,4,2,24,48,16,0.375,True,True,True,0,0,32,tiled_vector,False,True,False,True,8,8,8,4,0,tile_materialized,2,2,2,0,24,1.0,768,2304,1536,2,2,2,none,none,none,1,1,1,0,0,528,544,66,1,1.0,False,10,True,True,True,,,success,True,True,,True,100,20000,482.0,518.0,1.0,481.0,5296.0,26f72af76d26e1b87d5897aa90f441830f618f97138047bd4375d0718895303b,0,0,3,ondemand,,-O3 -mtriple=aarch64-linux-gnu -mcpu=cortex-a76,Pi g++ and LLVM 21 captured by runner,MLIR 21,3705ebdf8f552e07c39f4701b4652da0a0e75f2a39aa8ef5f34ad0d26e3913fd,b16fe519c8d3ef0e361b63fed2f601d3044614c17b87ce07391a06ace3298f33,105491,59980,,696,128,45,,,248.13273805193603,,6.1779441140506
matmul_bias_relu_latency_row_v1,a7190332cb38049430d2305aef5fb26ff5251971,raspberry-pi5-cortex-a76,cortex-a76,"+neon,+fp-armv8",f32,matmul_bias_relu,m2_n2_k2_f32,whole_shape_vector_materialized_padding,whole_shape_vector_materialized_padding,train,2,2,2,4,2,24,48,16,0.375,True,True,True,0,0,32,whole_shape_vector,False,True,True,False,0,0,0,4,0,whole_shape_materialized,8,8,8,180,1152,48.0,768,768,48,2,2,2,none,none,none,0,0,0,0,0,1536,2560,192,1,0.0625,False,10,True,True,True,,,success,True,True,,True,100,20000,352.0,371.0,0.0,351.0,14852.0,0a927da0c427883a138b4d59a29f49990ed7357c831eb386026caf7d98343b68,1.49011612e-08,7.84582514e-08,3,ondemand,,-O3 -mtriple=aarch64-linux-gnu -mcpu=cortex-a76,Pi g++ and LLVM 21 captured by runner,MLIR 21,a0c985362edd8d1df44f12daa21b27b458933e702f09da3862c0bba4ada37d15,23c823cb86632dadf8dcc4b53a0b908ca2bfa4f894c09a97ccc27be20c369459,74672,53146,,574,128,29,,,190.61797810718417,,5.863631175598097
matmul_bias_relu_latency_row_v1,a7190332cb38049430d2305aef5fb26ff5251971,raspberry-pi5-cortex-a76,cortex-a76,"+neon,+fp-armv8",f32,matmul_bias_relu,m2_n2_k2_f32,whole_shape_vector_no_padding,whole_shape_vector_no_padding,train,2,2,2,4,2,24,48,16,0.375,True,True,True,0,0,32,whole_shape_vector,False,True,True,False,0,0,0,4,0,none,2,2,2,0,24,1.0,0,0,0,2,2,2,none,none,none,0,0,0,0,0,528,544,66,1,0.0625,False,10,True,True,True,,,success,True,True,,True,100,20000,55.0,56.0,1.0,37.0,93.0,602d0d946deda2a11391ffa38b9b854169de5a3fe162e29a4f1fbbe5c2e66c80,1.49011612e-08,7.84582514e-08,3,ondemand,,-O3 -mtriple=aarch64-linux-gnu -mcpu=cortex-a76,Pi g++ and LLVM 21 captured by runner,MLIR 21,fec61eae65b38d2d73045817f38522bc3bbe07d7a304355c0ccfbb90d1b6dd32,2cd7be066f530e0f31e6693e8b8f60dc7baf84e0c1e372a01805c8be959356f7,19292,12462,,63,4,2,,,150.83098597824574,,4.007333185232471
matmul_bias_relu_latency_row_v1,a7190332cb38049430d2305aef5fb26ff5251971,raspberry-pi5-cortex-a76,cortex-a76,"+neon,+fp-armv8",f32,matmul_bias_relu,m31_n31_k31_f32,fused_scalar,scalar_baseline,train,31,31,31,961,31,61504,11532,3844,4.0,True,True,True,0,0,7688,scalar,True,False,False,False,0,0,0,1,0,none,31,31,31,0,61504,1.0,0,0,0,7,7,7,none,none,none,0,0,0,0,0,512,512,64,1,3.0,False,8,True,True,True,,,success,True,True,,True,100,10000,116500.0,116518.0,0.0,116481.0,185371.0,04b7842050e8406fd63f6a15cf20bcc5d2507db548609406f98104a1a7062720,3.57627869e-07,2.79532621e-05,3,ondemand,,-O3 -mtriple=aarch64-linux-gnu -mcpu=cortex-a76,Pi g++ and LLVM 21 captured by runner,MLIR 21,9890b779111e52859d51a185e9c09b32c1d11d70e7f816b309bba41405e5091d,9474c6eccbc19ae6cd60833d541c5ff923595571b99142f3af0d14b0be2ac17e,16367,11515,,140,0,21,,,146.10923011787236,,11.665646551987892
matmul_bias_relu_latency_row_v1,a7190332cb38049430d2305aef5fb26ff5251971,raspberry-pi5-cortex-a76,cortex-a76,"+neon,+fp-armv8",f32,matmul_bias_relu,m31_n31_k31_f32,tiled_vector_materialized_tail,tiled_vector_materialized_tail,train,31,31,31,961,31,61504,11532,3844,4.0,True,True,True,0,0,7688,tiled_vector,False,True,False,True,8,8,8,4,27,tile_materialized,31,31,31,0,61504,1.0,768,36864,24576,7,7,7,none,none,none,16,16,16,0,0,60094,119676,7511,64,1.0,False,10,True,True,True,,,success,True,True,,True,100,10000,28296.0,28352.0,18.0,28240.0,54204.0,91a060de1e6aed03f4fe58518581f4ad3e62a5b71280fe115f27ac6229b16040,0,0,3,ondemand,,-O3 -mtriple=aarch64-linux-gnu -mcpu=cortex-a76,Pi g++ and LLVM 21 captured by runner,MLIR 21,8814e80580a340789852c2bbb3e6cdb4818670ce729fcd6541a03fcf83b85fff,072b4bdc061d814d7000dc5260ddd13be33a0b9bade480bb46af3844d32f1741,114084,66651,,715,128,51,,,312.44269385933876,,10.250475730885316
matmul_bias_relu_latency_row_v1,a7190332cb38049430d2305aef5fb26ff5251971,raspberry-pi5-cortex-a76,cortex-a76,"+neon,+fp-armv8",f32,matmul_bias_relu,m31_n31_k32_f32,fused_scalar,scalar_baseline,train,31,31,32,961,32,63426,11780,3844,4.059523809523809,True,True,True,0,0,7688,scalar,True,False,False,False,0,0,0,1,0,none,31,31,32,0,63426,1.0,0,0,0,7,7,0,none,none,none,0,0,0,0,0,512,512,64,1,3.0,False,8,True,True,True,,,success,True,True,,True,100,10000,120074.0,120093.0,0.0,120055.0,151963.0,0d4d275acda1c2d7b4d03d96ec64344b343fc934d16bcf98747d8462148b7c1d,2.38418579e-07,0.00042408821,3,ondemand,,-O3 -mtriple=aarch64-linux-gnu -mcpu=cortex-a76,Pi g++ and LLVM 21 captured by runner,MLIR 21,f7c13ad0f6c2fabae3496652f9b8d489f2f9fd1ad41dfc4daa5beb82bcc5b37a,f7ae7f89f8028aa9a8c837ff57a451c0aa1c26416f0de1c737e280253a1fb4d0,16416,11515,,140,0,21,,,150.41532600298524,,11.695863498370093
matmul_bias_relu_latency_row_v1,a7190332cb38049430d2305aef5fb26ff5251971,raspberry-pi5-cortex-a76,cortex-a76,"+neon,+fp-armv8",f32,matmul_bias_relu,m31_n31_k32_f32,tiled_vector_materialized_tail,tiled_vector_materialized_tail,train,31,31,32,961,32,63426,11780,3844,4.059523809523809,True,True,True,0,0,7688,tiled_vector,False,True,False,True,8,8,8,4,36,tile_materialized,31,31,32,0,63426,1.0,768,24576,16384,7,7,0,none,none,none,16,16,0,0,0,62016,123520,7752,64,1.0,False,10,True,True,True,,,success,True,True,,True,100,10000,28389.0,40167.0,19.0,28333.0,44111.0,b7aad51225e3814813f5d8668862fd0cc1f5f35b02d073c9395ff05762830a02,0,0,3,ondemand,,-O3 -mtriple=aarch64-linux-gnu -mcpu=cortex-a76,Pi g++ and LLVM 21 captured by runner,MLIR 21,a8ba76e81d114aa1eb2457a94923dcf1140ccfe292c113b273c4d82e467980ae,56904f04e209915a880ff228ae2f388318466ab06bb5cafd7f36fac395a07483,114234,66563,,714,128,51,,,261.0200031194836,,10.253757025176343
matmul_bias_relu_latency_row_v1,a7190332cb38049430d2305aef5fb26ff5251971,raspberry-pi5-cortex-a76,cortex-a76,"+neon,+fp-armv8",f32,matmul_bias_relu,m31_n33_k64_f32,fused_scalar,scalar_baseline,train,31,33,64,1023,64,132990,20476,4092,5.413139042657115,True,True,True,0,0,8184,scalar,True,False,False,False,0,0,0,1,0,none,31,33,64,0,132990,1.0,0,0,0,7,1,0,none,none,none,0,0,0,0,0,512,512,64,1,3.0,False,8,True,True,True,,,success,True,True,,True,100,2000,251037.0,252498.99999999997,18.0,251018.00000000003,267185.0,87ba737a4a416fc8898b781e8525b5ba34c3ded21aa940b9e5ebdae96590c3dc,3.57627869e-07,0.000544959128,3,ondemand,,-O3 -mtriple=aarch64-linux-gnu -mcpu=cortex-a76,Pi g++ and LLVM 21 captured by runner,MLIR 21,0d3c3c2e06ca163045c70b76f5634a4cc548abfe17ad1d33a8dcce2ee35489d6,81aaba4813e8592246ab54ad1b9323ac89248edaa8e4fcf54fbda641563038ba,16467,11515,,140,0,21,,,144.08059604465961,,12.433355617608647
matmul_bias_relu_latency_row_v1,a7190332cb38049430d2305aef5fb26ff5251971,raspberry-pi5-cortex-a76,cortex-a76,"+neon,+fp-armv8",f32,matmul_bias_relu,m31_n33_k64_f32,tiled_vector_materialized_tail,tiled_vector_materialized_tail,train,31,33,64,1023,64,132990,20476,4092,5.413139042657115,True,True,True,0,0,8184,tiled_vector,False,True,False,True,8,8,8,4,96,tile_materialized,31,33,64,0,132990,1.0,768,55296,36864,7,1,0,none,none,none,40,32,0,0,0,131456,262400,16432,160,1.0,False,10,True,True,True,,,success,True,True,,True,100,2000,58777.0,58815.0,18.0,58685.0,62980.99999999999,0ee7d24e28fabe36118af708aa20df955f68a825f6ca216b7b048c286874f535,0,0,3,ondemand,,-O3 -mtriple=aarch64-linux-gnu -mcpu=cortex-a76,Pi g++ and LLVM 21 captured by runner,MLIR 21,65910c10ba5ae1b74ac800c45b8bf6ebc7843fd4e7a3426241b27eb2b8c5951b,47366d33df2f83240ee3faf1ba04063fbf6dc6f3cc268f6142f5b9207b069ed8,114287,66564,,720,128,51,,,261.14313094876707,,10.981505900902489
matmul_bias_relu_latency_row_v1,a7190332cb38049430d2305aef5fb26ff5251971,raspberry-pi5-cortex-a76,cortex-a76,"+neon,+fp-armv8",f32,matmul_bias_relu,m32_n16_k255_f32,fused_scalar,scalar_baseline,train,32,16,255,512,255,262144,51008,2048,4.940892641737032,True,True,True,0,0,4096,scalar,True,False,False,False,0,0,0,1,0,none,32,16,255,0,262144,1.0,0,0,0,0,0,7,none,none,none,0,0,0,0,0,512,512,64,1,3.0,False,8,True,True,True,,,success,True,True,,True,100,2000,493370.0,495092.0,1.0,493314.0,554037.0,9a8328d39a1f51a01cd56b125fd65535f89ef2ecf17796fbfe39ae5a13524b56,1.1920929e-06,6.48247055e-05,3,ondemand,,-O3 -mtriple=aarch64-linux-gnu -mcpu=cortex-a76,Pi g++ and LLVM 21 captured by runner,MLIR 21,4068c48eada95891bec2a5a8a339a70aa9998eb5ba7a927c3b42f63ab81f442e,80eced9c6010a505a8b3b391de8f9ece99a897b26a9cefd437cb2cca382c64db,16469,11519,,139,0,21,,,150.57397284545004,,13.109014678634598
matmul_bias_relu_latency_row_v1,a7190332cb38049430d2305aef5fb26ff5251971,raspberry-pi5-cortex-a76,cortex-a76,"+neon,+fp-armv8",f32,matmul_bias_relu,m32_n16_k255_f32,tiled_vector_direct_k,tiled_vector_direct_cleanup,train,32,16,255,512,255,262144,51008,2048,4.940892641737032,True,True,True,0,0,4096,tiled_vector,False,True,False,True,8,8,8,4,248,none,32,16,255,0,262144,1.0,0,0,0,0,0,7,none,none,direct_vector_cleanup,0,0,8,7168,0,261632,522752,32704,256,1.0,False,10,True,True,True,,,success,True,True,,True,100,2000,10111.0,10130.0,18.0,10037.0,16167.0,33fd5d3e99e6e713da0a6a5ac151b41389492b80b093756ae10f4986398e8187,0,0,3,ondemand,,-O3 -mtriple=aarch64-linux-gnu -mcpu=cortex-a76,Pi g++ and LLVM 21 captured by runner,MLIR 21,7d9a8b75031ddf1942fcc0d85ab19e54436c36ae69f1d81a456b0f64a4e217a1,4879ae3237fce1f631c3183503a279db95f726ebcf5fe059c754d4458bb8a74a,65506,42709,,372,144,13,,,194.09288885071874,,9.2213792190914
matmul_bias_relu_latency_row_v1,a7190332cb38049430d2305aef5fb26ff5251971,raspberry-pi5-cortex-a76,cortex-a76,"+neon,+fp-armv8",f32,matmul_bias_relu,m32_n16_k255_f32,tiled_vector_materialized_tail,tiled_vector_materialized_tail,train,32,16,255,512,255,262144,51008,2048,4.940892641737032,True,True,True,0,0,4096,tiled_vector,False,True,False,True,8,8,8,4,248,tile_materialized,32,16,255,0,262144,1.0,768,6144,4096,0,0,7,none,none,none,0,0,8,0,0,261632,522752,32704,256,1.0,False,10,True,True,True,,,success,True,True,,True,100,2000,51703.0,51722.0,17.0,51666.0,60444.0,41eb729bbefd4cb39a2b536320a3bd1dbccca9f9f7acfe5263abfa6d44efc171,0,0,3,ondemand,,-O3 -mtriple=aarch64-linux-gnu -mcpu=cortex-a76,Pi g++ and LLVM 21 captured by runner,MLIR 21,96a8fe3d1da2746edc27668bba6eac5d21b685ab847dca771f063f5844bc16e3,ce613830699fb22fb9867e2ab7bb50c6c950c4710a4c7170088065d4aefd53c4,106085,61244,,458,128,20,,,246.8752150889486,,10.853271085892318
matmul_bias_relu_latency_row_v1,a7190332cb38049430d2305aef5fb26ff5251971,raspberry-pi5-cortex-a76,cortex-a76,"+neon,+fp-armv8",f32,matmul_bias_relu,m32_n32_k127_f32,fused_scalar,scalar_baseline,train,32,32,127,1024,127,262144,36608,4096,6.440251572327044,True,True,True,0,0,8192,scalar,True,False,False,False,0,0,0,1,0,none,32,32,127,0,262144,1.0,0,0,0,0,0,7,none,none,none,0,0,0,0,0,512,512,64,1,3.0,False,8,True,True,True,,,success,True,True,,True,100,2000,494203.0,495833.0,18.0,494129.0,555870.0,e40020045c80de575e56f7b2078541507c81a713c86f49513ead6d116ea075c5,7.15255737e-07,2.89485873e-05,3,ondemand,,-O3 -mtriple=aarch64-linux-gnu -mcpu=cortex-a76,Pi g++ and LLVM 21 captured by runner,MLIR 21,d7d7c12e42c64c5ca171fdfabdac4d03f8a3f1390d553f8c5f23add5e0acd0c3,8fce62e19cf9bae6f1feb684ead1811c1bdaeca1042ddf8472285be8c6b0a6b8,16422,11519,,139,0,21,,,144.6118149906397,,13.110701642935057
matmul_bias_relu_latency_row_v1,a7190332cb38049430d2305aef5fb26ff5251971,raspberry-pi5-cortex-a76,cortex-a76,"+neon,+fp-armv8",f32,matmul_bias_relu,m32_n32_k127_f32,tiled_vector_direct_k,tiled_vector_direct_cleanup,train,32,32,127,1024,127,262144,36608,4096,6.440251572327044,True,True,True,0,0,8192,tiled_vector,False,True,False,True,8,8,8,4,240,none,32,32,127,0,262144,1.0,0,0,0,0,0,7,none,none,direct_vector_cleanup,0,0,16,14336,0,260608,520704,32576,256,1.0,False,10,True,True,True,,,success,True,True,,True,100,2000,13222.0,13241.0,18.0,13167.0,23833.0,849f1ebae508c9c9a82b02905f8a4c4052b55fc1e69f3bc316d068d529701626,0,0,3,ondemand,,-O3 -mtriple=aarch64-linux-gnu -mcpu=cortex-a76,Pi g++ and LLVM 21 captured by runner,MLIR 21,cdc1b802d6ca9a9ce994bf3b684520ab68166189f79e39eb6069a047e00f4346,6517b7c3b9fe23cf91a39809167462686611ff21699f4d232f2be326fd60972b,65458,42709,,370,144,13,,,188.0673400592059,,9.489637387893524
matmul_bias_relu_latency_row_v1,a7190332cb38049430d2305aef5fb26ff5251971,raspberry-pi5-cortex-a76,cortex-a76,"+neon,+fp-armv8",f32,matmul_bias_relu,m32_n32_k127_f32,tiled_vector_materialized_tail,tiled_vector_materialized_tail,train,32,32,127,1024,127,262144,36608,4096,6.440251572327044,True,True,True,0,0,8192,tiled_vector,False,True,False,True,8,8,8,4,240,tile_materialized,32,32,127,0,262144,1.0,768,12288,8192,0,0,7,none,none,none,0,0,16,0,0,260608,520704,32576,256,1.0,False,10,True,True,True,,,success,True,True,,True,100,2000,51833.0,51870.0,1.0,51796.0,54889.0,ea0eca2fb522a2580b7bbcb221fd38217c8b8b7ea59f9bd3cef2fea19f229d7e,0,0,3,ondemand,,-O3 -mtriple=aarch64-linux-gnu -mcpu=cortex-a76,Pi g++ and LLVM 21 captured by runner,MLIR 21,98513dc8a085c103440b121463a758fc6689bb78fe368feef3c64b2c530bd2b5,513b51ac268b3f5fffb1d4dfb7ec61e4fd6e705571eb7a3fd512054eb8cf5921,106036,61263,,458,128,20,,,271.50055090896785,,10.855782291044472
matmul_bias_relu_latency_row_v1,a7190332cb38049430d2305aef5fb26ff5251971,raspberry-pi5-cortex-a76,cortex-a76,"+neon,+fp-armv8",f32,matmul_bias_relu,m32_n32_k15_f32,fused_scalar,scalar_baseline,validation,32,32,15,1024,15,32768,7936,4096,2.723404255319149,True,True,True,0,0,8192,scalar,True,False,False,False,0,0,0,1,0,none,32,32,15,0,32768,1.0,0,0,0,0,0,7,none,none,none,0,0,0,0,0,512,512,64,1,3.0,False,8,True,True,True,,,success,True,True,,True,100,10000,62556.0,62574.00000000001,1.0,62535.99999999999,77963.0,2f81d1ad775f2bd57c48d367eacb0e3540328f3594811f930ae38698cce779b2,1.1920929e-07,7.19579765e-05,3,ondemand,,-O3 -mtriple=aarch64-linux-gnu -mcpu=cortex-a76,Pi g++ and LLVM 21 captured by runner,MLIR 21,23fb8ceff54ebdccb35faf025d5ca36c073e511adf8a656a30fe650a716f8acf,68f389a027b232f9b89c63cfb3a2ad75bfa7fb8b88741f3cca0b0dfda3c399e9,16418,11515,,139,0,21,,,147.6300519425422,,11.043817434556106
matmul_bias_relu_latency_row_v1,a7190332cb38049430d2305aef5fb26ff5251971,raspberry-pi5-cortex-a76,cortex-a76,"+neon,+fp-armv8",f32,matmul_bias_relu,m32_n32_k15_f32,tiled_vector_direct_k,tiled_vector_direct_cleanup,validation,32,32,15,1024,15,32768,7936,4096,2.723404255319149,True,True,True,0,0,8192,tiled_vector,False,True,False,True,8,8,8,4,16,none,32,32,15,0,32768,1.0,0,0,0,0,0,7,none,none,direct_vector_cleanup,0,0,16,14336,0,31232,61952,3904,32,1.0,False,10,True,True,True,,,success,True,True,,True,100,10000,6982.0,7019.0,18.0,6944.0,18704.0,3a6fb1fad8eace65ecfe68cb068b447b3e675881cf81039b4910b734d59bf87a,0,0,3,ondemand,,-O3 -mtriple=aarch64-linux-gnu -mcpu=cortex-a76,Pi g++ and LLVM 21 captured by runner,MLIR 21,7d830ea65ea2f2861d9ead815796b2c8cd02fdb916ed7ffb532a0c8ec2e55797,e33b3ad175388db1aa4bbed11f7e1a0e4ff073572a24051dbec1fae726de74c9,64193,41552,,352,144,11,,,178.68603486567736,,8.851090687664982
matmul_bias_relu_latency_row_v1,a7190332cb38049430d2305aef5fb26ff5251971,raspberry-pi5-cortex-a76,cortex-a76,"+neon,+fp-armv8",f32,matmul_bias_relu,m32_n32_k15_f32,tiled_vector_materialized_tail,tiled_vector_materialized_tail,validation,32,32,15,1024,15,32768,7936,4096,2.723404255319149,True,True,True,0,0,8192,tiled_vector,False,True,False,True,8,8,8,4,16,tile_materialized,32,32,15,0,32768,1.0,768,12288,8192,0,0,7,none,none,none,0,0,16,0,0,31232,61952,3904,32,1.0,False,10,True,True,True,,,success,True,True,,True,100,10000,6945.0,6982.0,1.0,6925.0,17222.0,d0a7ab96ad463d9f38f54740ab8b3124ebdeb1ff5eaca1330c4522c95ce01db0,0,0,3,ondemand,,-O3 -mtriple=aarch64-linux-gnu -mcpu=cortex-a76,Pi g++ and LLVM 21 captured by runner,MLIR 21,9d27dc5f270be4468721c310881eee428af5e6e0a36012519826910366b84e51,d5a4c2e8e6e59a217190c9b02dc1e453192841b18f8aec6dbca3362b388b1278,106031,61256,,458,128,20,,,247.87558312527835,,8.845777255188445
matmul_bias_relu_latency_row_v1,a7190332cb38049430d2305aef5fb26ff5251971,raspberry-pi5-cortex-a76,cortex-a76,"+neon,+fp-armv8",f32,matmul_bias_relu,m32_n32_k23_f32,fused_scalar,scalar_baseline,validation,32,32,23,1024,23,49152,9984,4096,3.4909090909090907,True,True,True,0,0,8192,scalar,True,False,False,False,0,0,0,1,0,none,32,32,23,0,49152,1.0,0,0,0,0,0,7,none,none,none,0,0,0,0,0,512,512,64,1,3.0,False,8,True,True,True,,,success,True,True,,True,100,10000,93296.0,93315.0,0.0,93277.0,114018.0,98143d67879f1bb8a414b70485e8694336a59d9e93232b5e8e0ca57928e18bf6,2.38418579e-07,4.05679513e-05,3,ondemand,,-O3 -mtriple=aarch64-linux-gnu -mcpu=cortex-a76,Pi g++ and LLVM 21 captured by runner,MLIR 21,d455ea49e6f6793038bce986c27b1f3ab1edfa1bc2b5f5bc0c3f939bb852c11e,4d2e7fafba3a0dc390655077f4adee19adc8fb206bf6ece66e275d66379f1abe,16418,11515,,139,0,21,,,146.37363399378955,,11.443532513461937
matmul_bias_relu_latency_row_v1,a7190332cb38049430d2305aef5fb26ff5251971,raspberry-pi5-cortex-a76,cortex-a76,"+neon,+fp-armv8",f32,matmul_bias_relu,m32_n32_k23_f32,tiled_vector_direct_k,tiled_vector_direct_cleanup,validation,32,32,23,1024,23,49152,9984,4096,3.4909090909090907,True,True,True,0,0,8192,tiled_vector,False,True,False,True,8,8,8,4,32,none,32,32,23,0,49152,1.0,0,0,0,0,0,7,none,none,direct_vector_cleanup,0,0,16,14336,0,47616,94720,5952,48,1.0,False,10,True,True,True,,,success,True,True,,True,100,10000,7482.0,7500.0,1.0,7444.0,46796.0,ea699487eabf7973384347cccaf0e0fd8c8a29148a00a26bbf45019bc3d62104,0,0,3,ondemand,,-O3 -mtriple=aarch64-linux-gnu -mcpu=cortex-a76,Pi g++ and LLVM 21 captured by runner,MLIR 21,beea543c306dd0d448872c08b362f00e9262b9b93175d47681abf4aa91445806,803534a0fa89e26655e971034d50656c30148057d6dbf4232e21fc8d7c1ede7b,65444,42694,,366,144,13,,,198.15368298441172,,8.920255414908091
matmul_bias_relu_latency_row_v1,a7190332cb38049430d2305aef5fb26ff5251971,raspberry-pi5-cortex-a76,cortex-a76,"+neon,+fp-armv8",f32,matmul_bias_relu,m32_n32_k23_f32,tiled_vector_materialized_tail,tiled_vector_materialized_tail,validation,32,32,23,1024,23,49152,9984,4096,3.4909090909090907,True,True,True,0,0,8192,tiled_vector,False,True,False,True,8,8,8,4,32,tile_materialized,32,32,23,0,49152,1.0,768,12288,8192,0,0,7,none,none,none,0,0,16,0,0,47616,94720,5952,48,1.0,False,10,True,True,True,,,success,True,True,,True,100,10000,10445.0,10500.0,1.0,10444.0,19093.0,c818162036d6b030cbc41075eec089d5547563f84aafe98e20e09f69e469ef9f,0,0,3,ondemand,,-O3 -mtriple=aarch64-linux-gnu -mcpu=cortex-a76,Pi g++ and LLVM 21 captured by runner,MLIR 21,c47c76178ce9d3606a23b84904ec03bcf0b19bc9e0242a4ae620a4c18ddd4b2e,6aa9b15dd43e2cf534746cd6d9426d4fddd4288dd2d617c852a5aecf66c763c8,106031,61256,,457,128,20,,,247.02614592388272,,9.253878673990666
matmul_bias_relu_latency_row_v1,a7190332cb38049430d2305aef5fb26ff5251971,raspberry-pi5-cortex-a76,cortex-a76,"+neon,+fp-armv8",f32,matmul_bias_relu,m32_n32_k25_f32,fused_scalar,scalar_baseline,train,32,32,25,1024,25,53248,10496,4096,3.6491228070175437,True,True,True,0,0,8192,scalar,True,False,False,False,0,0,0,1,0,none,32,32,25,0,53248,1.0,0,0,0,0,0,1,none,none,none,0,0,0,0,0,512,512,64,1,3.0,False,8,True,True,True,,,success,True,True,,True,100,10000,100981.0,101000.0,1.0,100962.0,120296.0,107751ddc87f2777a2a4a758b91a1fcaa45d9a46583eac738873aceb915be27a,1.1920929e-07,1.57750112e-05,3,ondemand,,-O3 -mtriple=aarch64-linux-gnu -mcpu=cortex-a76,Pi g++ and LLVM 21 captured by runner,MLIR 21,8b1108d831299d0fe851423aab9af413e81b8037bc1254fcb11e6fcbbac629e9,66701925a826b7b652075765738233586d38d48aadf446c164408c47e1cdb3a2,16418,11515,,139,0,21,,,172.1771419979632,,11.522687659314952
matmul_bias_relu_latency_row_v1,a7190332cb38049430d2305aef5fb26ff5251971,raspberry-pi5-cortex-a76,cortex-a76,"+neon,+fp-armv8",f32,matmul_bias_relu,m32_n32_k25_f32,tiled_vector_direct_k,tiled_vector_direct_cleanup,train,32,32,25,1024,25,53248,10496,4096,3.6491228070175437,True,True,True,0,0,8192,tiled_vector,False,True,False,True,8,8,8,4,48,none,32,32,25,0,53248,1.0,0,0,0,0,0,1,none,none,direct_vector_cleanup,0,0,16,2048,0,51712,102912,6464,64,1.0,False,10,True,True,True,,,success,True,True,,True,100,10000,2408.0,2426.0,1.0,2407.0,20407.0,465f128bd94a3f5dd769d23ca7e9502525a87a584e690ebeec96f4fa30993b55,0,0,3,ondemand,,-O3 -mtriple=aarch64-linux-gnu -mcpu=cortex-a76,Pi g++ and LLVM 21 captured by runner,MLIR 21,010b7167422d5ce4714ef7137cf7961247b008a4abbf8d592e2249271dbac826,6e2ff1c79cfa2a4f1bef0cad8eb513f3299b268014eccf9d5c59ede0e0fe4ce6,65002,42221,,360,144,11,,,189.02496504597366,,7.786551806428712
matmul_bias_relu_latency_row_v1,a7190332cb38049430d2305aef5fb26ff5251971,raspberry-pi5-cortex-a76,cortex-a76,"+neon,+fp-armv8",f32,matmul_bias_relu,m32_n32_k25_f32,tiled_vector_materialized_tail,tiled_vector_materialized_tail,train,32,32,25,1024,25,53248,10496,4096,3.6491228070175437,True,True,True,0,0,8192,tiled_vector,False,True,False,True,8,8,8,4,48,tile_materialized,32,32,25,0,53248,1.0,768,12288,8192,0,0,1,none,none,none,0,0,16,0,0,51712,102912,6464,64,1.0,False,10,True,True,True,,,success,True,True,,True,100,10000,12741.0,16148.0,1.0,12722.0,37352.0,ea01f48b8b41c0822ff3237a17e7421ae3fbb4d282357df99c27887e358f290f,0,0,3,ondemand,,-O3 -mtriple=aarch64-linux-gnu -mcpu=cortex-a76,Pi g++ and LLVM 21 captured by runner,MLIR 21,36a0247a056f0651e89bbed62bc89441becd8d75fc93f8012ceb36ddefd8f284,ddfaf8478af812814064547c406d18e3396fc4bb8ac52f812687a872329df197,106031,61256,,459,128,20,,,254.3435429688543,,9.45258041898138
matmul_bias_relu_latency_row_v1,a7190332cb38049430d2305aef5fb26ff5251971,raspberry-pi5-cortex-a76,cortex-a76,"+neon,+fp-armv8",f32,matmul_bias_relu,m32_n32_k31_f32,fused_scalar,scalar_baseline,train,32,32,31,1024,31,65536,12032,4096,4.063492063492063,True,True,True,0,0,8192,scalar,True,False,False,False,0,0,0,1,0,none,32,32,31,0,65536,1.0,0,0,0,0,0,7,none,none,none,0,0,0,0,0,512,512,64,1,3.0,False,8,True,True,True,,,success,True,True,,True,100,10000,124148.0,175240.0,0.0,124110.0,189000.0,9984ee75a3b7558a80c6b8da646a33dde90cbbe5532db03f8be1c53293166846,2.38418579e-07,1.7077086e-05,3,ondemand,,-O3 -mtriple=aarch64-linux-gnu -mcpu=cortex-a76,Pi g++ and LLVM 21 captured by runner,MLIR 21,b347ad5a6ae23ce77f4b9f7e5d272f7329d1e1db29be3f048d3e9a1105743c47,cdcad067793ea5e8ef949b016dff8e414cfc9e7c89f0e5826f40b6d3e4f1aaf6,16418,11515,,139,0,21,,,138.72542697936296,,11.729229681261646
matmul_bias_relu_latency_row_v1,a7190332cb38049430d2305aef5fb26ff5251971,raspberry-pi5-cortex-a76,cortex-a76,"+neon,+fp-armv8",f32,matmul_bias_relu,m32_n32_k31_f32,tiled_vector_direct_k,tiled_vector_direct_cleanup,train,32,32,31,1024,31,65536,12032,4096,4.063492063492063,True,True,True,0,0,8192,tiled_vector,False,True,False,True,8,8,8,4,48,none,32,32,31,0,65536,1.0,0,0,0,0,0,7,none,none,direct_vector_cleanup,0,0,16,14336,0,64000,127488,8000,64,1.0,False,10,True,True,True,,,success,True,True,,True,100,10000,7981.0,8000.0,1.0,7962.0,27167.0,69f227533bf3d74dd42ed86e2fe201bbad1c16803eab316aacdaf8019c3c8fb6,0,0,3,ondemand,,-O3 -mtriple=aarch64-linux-gnu -mcpu=cortex-a76,Pi g++ and LLVM 21 captured by runner,MLIR 21,3de395288f41ea68177c38944b7cc49684793a3bee43296dc4743463eacbc787,ed5e61127d9ec7e924c276eb089066806925af245d0155b0fb3eba0897f2da39,65444,42694,,369,144,13,,,184.87773602828383,,8.984818995876008
matmul_bias_relu_latency_row_v1,a7190332cb38049430d2305aef5fb26ff5251971,raspberry-pi5-cortex-a76,cortex-a76,"+neon,+fp-armv8",f32,matmul_bias_relu,m32_n32_k31_f32,tiled_vector_materialized_tail,tiled_vector_materialized_tail,train,32,32,31,1024,31,65536,12032,4096,4.063492063492063,True,True,True,0,0,8192,tiled_vector,False,True,False,True,8,8,8,4,48,tile_materialized,32,32,31,0,65536,1.0,768,12288,8192,0,0,7,none,none,none,0,0,16,0,0,64000,127488,8000,64,1.0,False,10,True,True,True,,,success,True,True,,True,100,10000,13555.0,13574.0,1.0,13518.0,29815.0,0a5e4b1318b55a1be0223c7b6bdeefee1397fa8f4d48269b49d4c8a2f60c5564,0,0,3,ondemand,,-O3 -mtriple=aarch64-linux-gnu -mcpu=cortex-a76,Pi g++ and LLVM 21 captured by runner,MLIR 21,2bf9c4dc98af49779e5fb775971798b40e39c71104ed2473a8fef1371d037fb9,5a1e4ca75cd470f47578e5974d8a576a454124c9d7b5fb6467f1928caa59b4ab,106031,61256,,458,128,20,,,245.54691999219358,,9.514510761932765
matmul_bias_relu_latency_row_v1,a7190332cb38049430d2305aef5fb26ff5251971,raspberry-pi5-cortex-a76,cortex-a76,"+neon,+fp-armv8",f32,matmul_bias_relu,m32_n32_k32_f32,fused_scalar,scalar_baseline,validation,32,32,32,1024,32,67584,12288,4096,4.125,True,True,True,0,0,8192,scalar,True,False,False,False,0,0,0,1,0,none,32,32,32,0,67584,1.0,0,0,0,0,0,0,none,none,none,0,0,0,0,0,512,512,64,1,3.0,False,8,True,True,True,,,success,True,True,,True,100,10000,127926.00000000001,127944.0,0.0,127888.0,157778.0,8f333eedd3d544a3e760ea28ea2e28e0e563f4cdba00e91dd7a318a74f85deac,2.38418579e-07,5.21340192e-05,3,ondemand,,-O3 -mtriple=aarch64-linux-gnu -mcpu=cortex-a76,Pi g++ and LLVM 21 captured by runner,MLIR 21,2dbab0b23f70ce02d388f5d506d2c0e91c7c3f0d511011cf63c920456a4e3a12,bab52219e25ad78503e99651e8d436f03bebf8a99592a9c2d823c895d78bbf07,16369,11515,,139,0,21,,,177.4243980180472,,11.75920725072306
matmul_bias_relu_latency_row_v1,a7190332cb38049430d2305aef5fb26ff5251971,raspberry-pi5-cortex-a76,cortex-a76,"+neon,+fp-armv8",f32,matmul_bias_relu,m32_n32_k32_f32,tiled_vector_full_tiles,tiled_vector_full_tiles,validation,32,32,32,1024,32,67584,12288,4096,4.125,True,True,True,0,0,8192,tiled_vector,False,True,False,True,8,8,8,4,64,none,32,32,32,0,67584,1.0,0,0,0,0,0,0,none,none,none,0,0,0,0,0,66048,131584,8256,64,1.0,False,10,True,True,True,,,success,True,True,,True,100,10000,2575.0,2593.0,1.0,2556.0,8537.0,93ac2280bed32b3829114fb504ad959c456063df592775aed89698e8d649aecd,0,0,3,ondemand,,-O3 -mtriple=aarch64-linux-gnu -mcpu=cortex-a76,Pi g++ and LLVM 21 captured by runner,MLIR 21,fd91717f7441761a17ba771fa5a004ac23f752d84099a4f3ca9ed356d3ca9aac,dbbeb28bebaf25c6bbd43443d55528c650225cae19d323f15505612a69e9e147,81588,48203,,351,128,11,,,224.81587110087276,,7.853604813097837
matmul_bias_relu_latency_row_v1,a7190332cb38049430d2305aef5fb26ff5251971,raspberry-pi5-cortex-a76,cortex-a76,"+neon,+fp-armv8",f32,matmul_bias_relu,m32_n32_k33_f32,fused_scalar,scalar_baseline,train,32,32,33,1024,33,69632,12544,4096,4.184615384615385,True,True,True,0,0,8192,scalar,True,False,False,False,0,0,0,1,0,none,32,32,33,0,69632,1.0,0,0,0,0,0,1,none,none,none,0,0,0,0,0,512,512,64,1,3.0,False,8,True,True,True,,,success,True,True,,True,100,10000,131759.0,131778.0,0.0,131722.0,168167.0,5bfc6edbe92c3203b2fbf4548facd931f4b0fdbc0247dfbd6f6d805da7fdda5b,2.38418579e-07,5.34740294e-05,3,ondemand,,-O3 -mtriple=aarch64-linux-gnu -mcpu=cortex-a76,Pi g++ and LLVM 21 captured by runner,MLIR 21,1edb018510ddf3e925e42f968a1a0c09f23e0a589620e34e97a5b7af9f653df1,b3d69cdcf4b91fbe244b9f0528f561439e75fa714fd53045fff3ab7ae59a005b,16418,11515,,139,0,21,,,146.38711395673454,,11.788729775265951
matmul_bias_relu_latency_row_v1,a7190332cb38049430d2305aef5fb26ff5251971,raspberry-pi5-cortex-a76,cortex-a76,"+neon,+fp-armv8",f32,matmul_bias_relu,m32_n32_k33_f32,tiled_vector_direct_k,tiled_vector_direct_cleanup,train,32,32,33,1024,33,69632,12544,4096,4.184615384615385,True,True,True,0,0,8192,tiled_vector,False,True,False,True,8,8,8,4,64,none,32,32,33,0,69632,1.0,0,0,0,0,0,1,none,none,direct_vector_cleanup,0,0,16,2048,0,68096,135680,8512,80,1.0,False,10,True,True,True,,,success,True,True,,True,100,10000,2852.0,2852.0,0.0,2833.0,22315.0,bd57dfb819c3de0f41d01144e28c81202986c055439a37e2f91d9cf7d775ec3c,0,0,3,ondemand,,-O3 -mtriple=aarch64-linux-gnu -mcpu=cortex-a76,Pi g++ and LLVM 21 captured by runner,MLIR 21,8266f6bc346fb6812c082f96c9a614e3a47f54c35f3774391c227d4b41aa27ac,b692ecfb5a792c7a68f8caf0161bd0c173036b7867f0c7e056f96fce28172a12,64953,42222,,363,144,11,,,193.76220600679517,,7.955775781534187
matmul_bias_relu_latency_row_v1,a7190332cb38049430d2305aef5fb26ff5251971,raspberry-pi5-cortex-a76,cortex-a76,"+neon,+fp-armv8",f32,matmul_bias_relu,m32_n32_k33_f32,tiled_vector_materialized_tail,tiled_vector_materialized_tail,train,32,32,33,1024,33,69632,12544,4096,4.184615384615385,True,True,True,0,0,8192,tiled_vector,False,True,False,True,8,8,8,4,64,tile_materialized,32,32,33,0,69632,1.0,768,12288,8192,0,0,1,none,none,none,0,0,16,0,0,68096,135680,8512,80,1.0,False,10,True,True,True,,,success,True,True,,True,100,10000,15869.999999999998,15889.0,18.0,15833.0,32278.0,4bf12bc8904208f5dc08d5babfc6556d46bf62e419b2cc80b72ca3820ea869e6,0,0,3,ondemand,,-O3 -mtriple=aarch64-linux-gnu -mcpu=cortex-a76,Pi g++ and LLVM 21 captured by runner,MLIR 21,63c54b7c1c8c01d115cba797b23a3c44087de4ee60b0249ca4a1b66e8965ee6d,05b8d16868907bf1cfeb7afd2096ee3c56d11a9e25ae4ef86eafdfbe29b19bbb,106031,61256,,458,128,20,,,231.07131896540523,,9.672185813520455
matmul_bias_relu_latency_row_v1,a7190332cb38049430d2305aef5fb26ff5251971,raspberry-pi5-cortex-a76,cortex-a76,"+neon,+fp-armv8",f32,matmul_bias_relu,m32_n32_k63_f32,fused_scalar,scalar_baseline,heldout,32,32,63,1024,63,131072,20224,4096,5.389473684210526,True,True,True,0,0,8192,scalar,True,False,False,False,0,0,0,1,0,none,32,32,63,0,131072,1.0,0,0,0,0,0,7,none,none,none,0,0,0,0,0,512,512,64,1,3.0,False,8,True,True,True,,,success,True,True,,True,100,2000,247407.0,248870.0,1.0,247370.0,304499.0,d344540cba6514319b2ae451b6b1f866c310681888906beb9f25341cf397ab84,4.76837158e-07,6.45723695e-05,3,ondemand,,-O3 -mtriple=aarch64-linux-gnu -mcpu=cortex-a76,Pi g++ and LLVM 21 captured by runner,MLIR 21,ec96edde4c8203a8a7a3b8f93ae2f08fa2a7c8cf4293cc64cd4a08711b08ec70,45e45ba07b4ca2453152bca5d1acd8295ea15f2c19531521b7e59772ff5b712b,16418,11515,,139,0,21,,,145.117178093642,,12.418790032800556
matmul_bias_relu_latency_row_v1,a7190332cb38049430d2305aef5fb26ff5251971,raspberry-pi5-cortex-a76,cortex-a76,"+neon,+fp-armv8",f32,matmul_bias_relu,m32_n32_k63_f32,tiled_vector_direct_k,tiled_vector_direct_cleanup,heldout,32,32,63,1024,63,131072,20224,4096,5.389473684210526,True,True,True,0,0,8192,tiled_vector,False,True,False,True,8,8,8,4,112,none,32,32,63,0,131072,1.0,0,0,0,0,0,7,none,none,direct_vector_cleanup,0,0,16,14336,0,129536,258560,16192,128,1.0,False,10,True,True,True,,,success,True,True,,True,100,2000,9722.0,9741.0,18.0,9685.0,25796.0,1e6f7aa9d8fdcc24603fdc34e3d1b11b2041fed0c8654213121e91f08eb2df31,0,0,3,ondemand,,-O3 -mtriple=aarch64-linux-gnu -mcpu=cortex-a76,Pi g++ and LLVM 21 captured by runner,MLIR 21,19eefa777f53270376bd3ede5030881a882a279656aa92340a56cf9405ebc872,aec0b4bd3f99b4374a660a2a71049dc7d67be6aaf027e360c4907018a4fad305,65444,42694,,368,144,13,,,177.38839285448194,,9.1821466376054
matmul_bias_relu_latency_row_v1,a7190332cb38049430d2305aef5fb26ff5251971,raspberry-pi5-cortex-a76,cortex-a76,"+neon,+fp-armv8",f32,matmul_bias_relu,m32_n32_k63_f32,tiled_vector_materialized_tail,tiled_vector_materialized_tail,heldout,32,32,63,1024,63,131072,20224,4096,5.389473684210526,True,True,True,0,0,8192,tiled_vector,False,True,False,True,8,8,8,4,112,tile_materialized,32,32,63,0,131072,1.0,768,12288,8192,0,0,7,none,none,none,0,0,16,0,0,129536,258560,16192,128,1.0,False,10,True,True,True,,,success,True,True,,True,100,2000,26315.0,26352.0,18.0,26259.0,28611.0,200080e80c5f3a7aaaf64e8ff2b02782d1e08f21e1c8e6b10bde11e35de768b2,0,0,3,ondemand,,-O3 -mtriple=aarch64-linux-gnu -mcpu=cortex-a76,Pi g++ and LLVM 21 captured by runner,MLIR 21,ff4dfc7a62d8eecec8743c3e05d17c8a856904a0a67bfd0d0b1381317f07473d,7757ce0a2431479dde8a2be45988ee8e160f1aef6cf2f35898c7b93a19926a3f,106031,61256,,458,128,20,,,298.8566120620817,,10.17789439778788
matmul_bias_relu_latency_row_v1,a7190332cb38049430d2305aef5fb26ff5251971,raspberry-pi5-cortex-a76,cortex-a76,"+neon,+fp-armv8",f32,matmul_bias_relu,m32_n32_k64_f32,fused_scalar,scalar_baseline,heldout,32,32,64,1024,64,133120,20480,4096,5.416666666666667,True,True,True,0,0,8192,scalar,True,False,False,False,0,0,0,1,0,none,32,32,64,0,133120,1.0,0,0,0,0,0,0,none,none,none,0,0,0,0,0,512,512,64,1,3.0,False,8,True,True,True,,,success,True,True,,True,100,2000,251241.0,252722.0,1.0,251222.0,284055.0,2fa0be106914b9eb8b091c94980086ff92065175a6e838de397e0d77e3182dd2,4.76837158e-07,3.38787817e-05,3,ondemand,,-O3 -mtriple=aarch64-linux-gnu -mcpu=cortex-a76,Pi g++ and LLVM 21 captured by runner,MLIR 21,b78432b1aa5c4cbb5b55cd9f857f46391f60795ad1dc7ba90699c0b92e29bd45,39cf2802c7156352a83291aeff663c0477d75cbef7d16d4673f782d0c9ae0619,16418,11515,,139,0,21,,,149.5530738029629,,12.434167916818316
matmul_bias_relu_latency_row_v1,a7190332cb38049430d2305aef5fb26ff5251971,raspberry-pi5-cortex-a76,cortex-a76,"+neon,+fp-armv8",f32,matmul_bias_relu,m32_n32_k64_f32,tiled_vector_full_tiles,tiled_vector_full_tiles,heldout,32,32,64,1024,64,133120,20480,4096,5.416666666666667,True,True,True,0,0,8192,tiled_vector,False,True,False,True,8,8,8,4,128,none,32,32,64,0,133120,1.0,0,0,0,0,0,0,none,none,none,0,0,0,0,0,131584,262656,16448,128,1.0,False,10,True,True,True,,,success,True,True,,True,100,2000,4704.0,4723.0,1.0,4703.0,17537.0,f94c69b65a0e001ea61484924cf1cc42243a8cc191eea798ce3e41aaa6522eef,0,0,3,ondemand,,-O3 -mtriple=aarch64-linux-gnu -mcpu=cortex-a76,Pi g++ and LLVM 21 captured by runner,MLIR 21,281c7f75c03d28b3919c064a70967a25240e700dfd221198c038e87fc6d34d16,4dcdae854cd194c3560522528cfa8c10764425bc70df82e3fa1ad5b958a5ac93,81639,48203,,351,128,11,,,204.4642032124102,,8.456168489578463
matmul_bias_relu_latency_row_v1,a7190332cb38049430d2305aef5fb26ff5251971,raspberry-pi5-cortex-a76,cortex-a76,"+neon,+fp-armv8",f32,matmul_bias_relu,m32_n32_k65_f32,fused_scalar,scalar_baseline,train,32,32,65,1024,65,135168,20736,4096,5.443298969072165,True,True,True,0,0,8192,scalar,True,False,False,False,0,0,0,1,0,none,32,32,65,0,135168,1.0,0,0,0,0,0,1,none,none,none,0,0,0,0,0,512,512,64,1,3.0,False,8,True,True,True,,,success,True,True,,True,100,2000,255129.0,322259.0,18.0,255091.99999999997,334537.0,354b3686eea61027d44cafc410acca1caa2e962e0bef4d715c39a3c05c460656,4.76837158e-07,5.77834277e-05,3,ondemand,,-O3 -mtriple=aarch64-linux-gnu -mcpu=cortex-a76,Pi g++ and LLVM 21 captured by runner,MLIR 21,28651ee0b057bda7f8c5521caac80f1282e3da64e5c6eceaa14efd6c7f224e9b,44ad354b7d70fa14e3a4c609b79a8e8e55d010c92c10c62d7a4b5d6ba0f901e7,16418,11515,,139,0,21,,,152.05888682976365,,12.449524578578165
matmul_bias_relu_latency_row_v1,a7190332cb38049430d2305aef5fb26ff5251971,raspberry-pi5-cortex-a76,cortex-a76,"+neon,+fp-armv8",f32,matmul_bias_relu,m32_n32_k65_f32,tiled_vector_direct_k,tiled_vector_direct_cleanup,train,32,32,65,1024,65,135168,20736,4096,5.443298969072165,True,True,True,0,0,8192,tiled_vector,False,True,False,True,8,8,8,4,128,none,32,32,65,0,135168,1.0,0,0,0,0,0,1,none,none,direct_vector_cleanup,0,0,16,2048,0,133632,266752,16704,144,1.0,False,10,True,True,True,,,success,True,True,,True,100,2000,4667.0,4686.0,18.0,4592.0,12223.0,754c98e5563e99df1a65ea73b420f63a3ae3bcbfc168e0020ba3c2e9f04a61a3,0,0,3,ondemand,,-O3 -mtriple=aarch64-linux-gnu -mcpu=cortex-a76,Pi g++ and LLVM 21 captured by runner,MLIR 21,07d76e589d7a84e7f9f7b261bffa4ddf8afad11cfc5e8bd339865dd098d4268d,1781900fec5826d066ff8354b4e9db25369f1e9931101f098da223d1dd64b54f,65002,42222,,364,144,11,,,186.29085598513484,,8.448271745949816
matmul_bias_relu_latency_row_v1,a7190332cb38049430d2305aef5fb26ff5251971,raspberry-pi5-cortex-a76,cortex-a76,"+neon,+fp-armv8",f32,matmul_bias_relu,m32_n32_k65_f32,tiled_vector_materialized_tail,tiled_vector_materialized_tail,train,32,32,65,1024,65,135168,20736,4096,5.443298969072165,True,True,True,0,0,8192,tiled_vector,False,True,False,True,8,8,8,4,128,tile_materialized,32,32,65,0,135168,1.0,768,12288,8192,0,0,1,none,none,none,0,0,16,0,0,133632,266752,16704,144,1.0,False,10,True,True,True,,,success,True,True,,True,100,2000,28759.0,28760.0,1.0,28722.0,31389.0,c459b6e7b959161c5249867f3a7ef739fc642e4566fee7d199d4836f869d3010,0,0,3,ondemand,,-O3 -mtriple=aarch64-linux-gnu -mcpu=cortex-a76,Pi g++ and LLVM 21 captured by runner,MLIR 21,d435c1859afafbd92169105519d1c3bd12f213e960af20622a6d837f3ca71705,9e8f12e4b778de2aa4cd2b07dbdd02bac6bc59f6c402f45368d153da9f22bd4f,106031,61256,,458,128,20,,,251.28303281962872,,10.26670604071587
matmul_bias_relu_latency_row_v1,a7190332cb38049430d2305aef5fb26ff5251971,raspberry-pi5-cortex-a76,cortex-a76,"+neon,+fp-armv8",f32,matmul_bias_relu,m32_n32_k7_f32,fused_scalar,scalar_baseline,validation,32,32,7,1024,7,16384,5888,4096,1.641025641025641,True,True,True,0,0,8192,scalar,True,False,False,False,0,0,0,1,0,none,32,32,7,0,16384,1.0,0,0,0,0,0,7,none,none,none,0,0,0,0,0,512,512,64,1,3.0,False,8,True,True,True,,,success,True,True,,True,100,10000,31519.0,31537.000000000004,1.0,31499.0,57222.0,e08b6f5bff9f4003275d3cadd414667b561a5394ee54428134a8e2e71fe3f314,5.96046448e-08,5.81361549e-05,3,ondemand,,-O3 -mtriple=aarch64-linux-gnu -mcpu=cortex-a76,Pi g++ and LLVM 21 captured by runner,MLIR 21,3b29f310e088c3f98a03984ff1f7d1036bb03f2ef24b9c329e8084b3d8ed9696,5199932c08fe9c03585d8e0f2f74bf3ff3003d13d3b84778876d8819b682bcf0,16414,11511,,139,0,21,,,142.95872603543103,,10.358345817580213
matmul_bias_relu_latency_row_v1,a7190332cb38049430d2305aef5fb26ff5251971,raspberry-pi5-cortex-a76,cortex-a76,"+neon,+fp-armv8",f32,matmul_bias_relu,m32_n32_k7_f32,tiled_vector_direct_k,tiled_vector_direct_cleanup,validation,32,32,7,1024,7,16384,5888,4096,1.641025641025641,True,True,True,0,0,8192,tiled_vector,False,True,False,True,8,8,8,4,0,none,32,32,7,0,16384,1.0,0,0,0,0,0,7,none,none,direct_vector_cleanup,0,0,16,14336,0,14848,29184,1856,16,1.0,False,10,True,True,True,,,success,True,True,,True,100,10000,6648.0,6667.0,18.0,6574.0,39278.0,1d7b721f56c62353260a83025fcb4d65207dc848ae4be3ee699d2068d098b793,0,0,3,ondemand,,-O3 -mtriple=aarch64-linux-gnu -mcpu=cortex-a76,Pi g++ and LLVM 21 captured by runner,MLIR 21,a359937be302e48ecd8285ba4e70ac54d2b275bdecbc2c2b97332c7ff5353231,0fe8274c11d544b35150a9142c5895c70a3643c9c1829154a1a2526fa3ecc560,27694,18605,,190,16,11,,,169.5433610584587,,8.802071336535285
matmul_bias_relu_latency_row_v1,a7190332cb38049430d2305aef5fb26ff5251971,raspberry-pi5-cortex-a76,cortex-a76,"+neon,+fp-armv8",f32,matmul_bias_relu,m32_n32_k7_f32,tiled_vector_materialized_tail,tiled_vector_materialized_tail,validation,32,32,7,1024,7,16384,5888,4096,1.641025641025641,True,True,True,0,0,8192,tiled_vector,False,True,False,True,8,8,8,4,0,tile_materialized,32,32,7,0,16384,1.0,768,12288,8192,0,0,7,none,none,none,0,0,16,0,0,14848,29184,1856,16,1.0,False,10,True,True,True,,,success,True,True,,True,100,10000,4240.0,4241.0,1.0,4204.0,23703.0,3757905ded5472ea6da9609d3d8d55a92e8061977bc5d2396c48871fe98ebb37,0,0,3,ondemand,,-O3 -mtriple=aarch64-linux-gnu -mcpu=cortex-a76,Pi g++ and LLVM 21 captured by runner,MLIR 21,f4fc8892b048a2185ebbd68d7d92ba33019b4bfbdeac4cc8c3fa88fd31dbbd04,41d6c973fbe3e8fa9f91e742fc2ddde1594ed76effac4cf95c505d62e74e8fc7,100960,57874,,480,128,19,,,250.14724000357091,,8.352318548226004
matmul_bias_relu_latency_row_v1,a7190332cb38049430d2305aef5fb26ff5251971,raspberry-pi5-cortex-a76,cortex-a76,"+neon,+fp-armv8",f32,matmul_bias_relu,m32_n32_k95_f32,fused_scalar,scalar_baseline,validation,32,32,95,1024,95,196608,28416,4096,6.047244094488189,True,True,True,0,0,8192,scalar,True,False,False,False,0,0,0,1,0,none,32,32,95,0,196608,1.0,0,0,0,0,0,7,none,none,none,0,0,0,0,0,512,512,64,1,3.0,False,8,True,True,True,,,success,True,True,,True,100,2000,370666.0,372184.0,1.0,370629.0,396574.0,43c18052fe709ee9bdae55ed7f5a53da45b82ab6b6f00aa1b24a81e711308216,4.76837158e-07,0.000717102904,3,ondemand,,-O3 -mtriple=aarch64-linux-gnu -mcpu=cortex-a76,Pi g++ and LLVM 21 captured by runner,MLIR 21,0f075926593de341ce559fe2938a7cc76a0f965b669960e919c70c61ac78c485,347d8cea5f194bced31330c9dadcb9a5f5d84bac0843953f9c66d3d793721af9,16418,11515,,139,0,21,,,178.5610569640994,,12.823056666561786
matmul_bias_relu_latency_row_v1,a7190332cb38049430d2305aef5fb26ff5251971,raspberry-pi5-cortex-a76,cortex-a76,"+neon,+fp-armv8",f32,matmul_bias_relu,m32_n32_k95_f32,tiled_vector_direct_k,tiled_vector_direct_cleanup,validation,32,32,95,1024,95,196608,28416,4096,6.047244094488189,True,True,True,0,0,8192,tiled_vector,False,True,False,True,8,8,8,4,176,none,32,32,95,0,196608,1.0,0,0,0,0,0,7,none,none,direct_vector_cleanup,0,0,16,14336,0,195072,389632,24384,192,1.0,False,10,True,True,True,,,success,True,True,,True,100,2000,11482.0,11519.0,18.0,11444.0,18037.0,267da56d44e2200cc029e05df3f10a8192f442c31da1036e65603898bd6fa2f6,0,0,3,ondemand,,-O3 -mtriple=aarch64-linux-gnu -mcpu=cortex-a76,Pi g++ and LLVM 21 captured by runner,MLIR 21,298b97429fc49505b24e708cf01dce5083b832b76f95436ab412825e01b6e6e8,7f047c4f12f35871e7c8277aeda98c389236c278cc74ec2e53250d2a62d5fac8,65444,42694,,370,144,13,,,175.60016899369657,,9.348535870727583
matmul_bias_relu_latency_row_v1,a7190332cb38049430d2305aef5fb26ff5251971,raspberry-pi5-cortex-a76,cortex-a76,"+neon,+fp-armv8",f32,matmul_bias_relu,m32_n32_k95_f32,tiled_vector_materialized_tail,tiled_vector_materialized_tail,validation,32,32,95,1024,95,196608,28416,4096,6.047244094488189,True,True,True,0,0,8192,tiled_vector,False,True,False,True,8,8,8,4,176,tile_materialized,32,32,95,0,196608,1.0,768,12288,8192,0,0,7,none,none,none,0,0,16,0,0,195072,389632,24384,192,1.0,False,10,True,True,True,,,success,True,True,,True,100,2000,39593.0,39611.0,1.0,39592.0,44760.0,2de88559431479a8a9b059402026c82703cba813a1e492087450d9c736b54d4e,0,0,3,ondemand,,-O3 -mtriple=aarch64-linux-gnu -mcpu=cortex-a76,Pi g++ and LLVM 21 captured by runner,MLIR 21,1159bfe34adec480bc19644edddb9c0f85fd3b3cc1bd777f96a5a86e5a6a4e1d,6cbb977e8dbb2f52b0c84455ca8c41343e4b7e3ea3c46d011221a26cbcd275e2,106031,61256,,457,128,20,,,262.7232607919723,,10.586407613940557
matmul_bias_relu_latency_row_v1,a7190332cb38049430d2305aef5fb26ff5251971,raspberry-pi5-cortex-a76,cortex-a76,"+neon,+fp-armv8",f32,matmul_bias_relu,m32_n32_k97_f32,fused_scalar,scalar_baseline,train,32,32,97,1024,97,200704,28928,4096,6.077519379844961,True,True,True,0,0,8192,scalar,True,False,False,False,0,0,0,1,0,none,32,32,97,0,200704,1.0,0,0,0,0,0,1,none,none,none,0,0,0,0,0,512,512,64,1,3.0,False,8,True,True,True,,,success,True,True,,True,100,2000,378388.0,379963.0,1.0,378369.0,406610.0,523e44308f68ffbe09f78d858f1d6cce542e1dff48e8d0228b4aadcf7f65c07b,4.76837158e-07,0.000106804326,3,ondemand,,-O3 -mtriple=aarch64-linux-gnu -mcpu=cortex-a76,Pi g++ and LLVM 21 captured by runner,MLIR 21,866b670cd57bdeb11c1fc95aba70d3cb1331d69e0303d0fc7c2cea9e1940b57d,deb1815ebb901f964d53fdcecd2670f18c1341d27c150cfa9dd6dce8eafd5004,16418,11515,,139,0,21,,,152.40343194454908,,12.843675403183436
matmul_bias_relu_latency_row_v1,a7190332cb38049430d2305aef5fb26ff5251971,raspberry-pi5-cortex-a76,cortex-a76,"+neon,+fp-armv8",f32,matmul_bias_relu,m32_n32_k97_f32,tiled_vector_direct_k,tiled_vector_direct_cleanup,train,32,32,97,1024,97,200704,28928,4096,6.077519379844961,True,True,True,0,0,8192,tiled_vector,False,True,False,True,8,8,8,4,192,none,32,32,97,0,200704,1.0,0,0,0,0,0,1,none,none,direct_vector_cleanup,0,0,16,2048,0,199168,397824,24896,208,1.0,False,10,True,True,True,,,success,True,True,,True,100,2000,6481.0,6482.0,1.0,6333.0,35278.0,1904a8a237980fc0ed89c05dd5c1e1d822d77dbd427d0953038374e785194916,0,0,3,ondemand,,-O3 -mtriple=aarch64-linux-gnu -mcpu=cortex-a76,Pi g++ and LLVM 21 captured by runner,MLIR 21,df17bb5b5ed9fe5494d94c2a30d77a8cabff35af218a580d4c48384c7e29df79,fbcc1c3a833b3509b056234b9fc73e96df71f13baf5c4924d5db396dcc8de957,65002,42222,,364,144,11,,,182.4991551693529,,8.776630098427717
matmul_bias_relu_latency_row_v1,a7190332cb38049430d2305aef5fb26ff5251971,raspberry-pi5-cortex-a76,cortex-a76,"+neon,+fp-armv8",f32,matmul_bias_relu,m32_n32_k97_f32,tiled_vector_materialized_tail,tiled_vector_materialized_tail,train,32,32,97,1024,97,200704,28928,4096,6.077519379844961,True,True,True,0,0,8192,tiled_vector,False,True,False,True,8,8,8,4,192,tile_materialized,32,32,97,0,200704,1.0,768,12288,8192,0,0,1,none,none,none,0,0,16,0,0,199168,397824,24896,208,1.0,False,10,True,True,True,,,success,True,True,,True,100,2000,42111.0,42167.0,18.0,42092.0,46148.0,d1c5656c1ea808785a70eb11459c71c37f807a64dee42a5d767abc2a8809afa1,0,0,3,ondemand,,-O3 -mtriple=aarch64-linux-gnu -mcpu=cortex-a76,Pi g++ and LLVM 21 captured by runner,MLIR 21,55fccd72d2ab280daebd85d79ad6d85a22a9bac1b66b4ff3b957f8ebf0a54d10,07b6728b1a77cbd65d2d22f909565170157e5670fe63684e44c1c1d4b0822877,106031,61256,,457,128,20,,,254.84737381339073,,10.648064268202436
matmul_bias_relu_latency_row_v1,a7190332cb38049430d2305aef5fb26ff5251971,raspberry-pi5-cortex-a76,cortex-a76,"+neon,+fp-armv8",f32,matmul_bias_relu,m32_n32_k9_f32,fused_scalar,scalar_baseline,train,32,32,9,1024,9,20480,6400,4096,1.951219512195122,True,True,True,0,0,8192,scalar,True,False,False,False,0,0,0,1,0,none,32,32,9,0,20480,1.0,0,0,0,0,0,1,none,none,none,0,0,0,0,0,512,512,64,1,3.0,False,8,True,True,True,,,success,True,True,,True,100,10000,39204.0,39222.0,0.0,39185.0,50426.0,f7ed7936f0b96ae025b5695c5e4bad26b66ca41bfdcd00393c1c41bddc5e1261,1.1920929e-07,7.41356402e-06,3,ondemand,,-O3 -mtriple=aarch64-linux-gnu -mcpu=cortex-a76,Pi g++ and LLVM 21 captured by runner,MLIR 21,69582a46cd58fcd32f0b8a295baed351db6933d1d603205d8ac0f8e248cdfd12,2f5d8e91c968754934c391e58b75cb6fbb95d910fc48d8452c146ba913feb6f8,16414,11511,,139,0,21,,,172.4922568537295,,10.57653406138907
matmul_bias_relu_latency_row_v1,a7190332cb38049430d2305aef5fb26ff5251971,raspberry-pi5-cortex-a76,cortex-a76,"+neon,+fp-armv8",f32,matmul_bias_relu,m32_n32_k9_f32,tiled_vector_direct_k,tiled_vector_direct_cleanup,train,32,32,9,1024,9,20480,6400,4096,1.951219512195122,True,True,True,0,0,8192,tiled_vector,False,True,False,True,8,8,8,4,16,none,32,32,9,0,20480,1.0,0,0,0,0,0,1,none,none,direct_vector_cleanup,0,0,16,2048,0,18944,37376,2368,32,1.0,False,10,True,True,True,,,success,True,True,,True,100,10000,1481.0,1482.0,1.0,1462.0,12648.0,d37599ba4670fd131dac640fb8d94c1e8bdba416c108e7b5fb61a5fa896e062f,0,0,3,ondemand,,-O3 -mtriple=aarch64-linux-gnu -mcpu=cortex-a76,Pi g++ and LLVM 21 captured by runner,MLIR 21,149a6ac0a12c67a569b4502caa3886fdf97d756482521016bc295524c8b1945e,a06479f8d7037f3b79b8197f7c5efc4d964cdb05419a57e1b5f739c80cb61a97,62567,40159,,344,144,9,,,178.47576504573226,,7.300472814267799
matmul_bias_relu_latency_row_v1,a7190332cb38049430d2305aef5fb26ff5251971,raspberry-pi5-cortex-a76,cortex-a76,"+neon,+fp-armv8",f32,matmul_bias_relu,m32_n32_k9_f32,tiled_vector_materialized_tail,tiled_vector_materialized_tail,train,32,32,9,1024,9,20480,6400,4096,1.951219512195122,True,True,True,0,0,8192,tiled_vector,False,True,False,True,8,8,8,4,16,tile_materialized,32,32,9,0,20480,1.0,768,12288,8192,0,0,1,none,none,none,0,0,16,0,0,18944,37376,2368,32,1.0,False,10,True,True,True,,,success,True,True,,True,100,10000,6148.0,6149.0,0.0,6129.0,29130.0,a30392e1e72a40c2cefd5d51e5050b5f92f692e8c6b8e8b385a3f2683a9cf919,0,0,3,ondemand,,-O3 -mtriple=aarch64-linux-gnu -mcpu=cortex-a76,Pi g++ and LLVM 21 captured by runner,MLIR 21,c5a5e0ed911bd423d8d09c5441c34996793615b3ae9f4984f2e2fe269fb3aba6,dfeb1c1fe43ba5d5e771242e9317a36922d8caf6095f5ef495f716ae256213df,106026,61249,,458,128,20,,,245.09101593866944,,8.723882104658486
matmul_bias_relu_latency_row_v1,a7190332cb38049430d2305aef5fb26ff5251971,raspberry-pi5-cortex-a76,cortex-a76,"+neon,+fp-armv8",f32,matmul_bias_relu,m32_n64_k17_f32,fused_scalar,scalar_baseline,heldout,32,64,17,2048,17,73728,14720,8192,3.217877094972067,True,True,True,0,0,16384,scalar,True,False,False,False,0,0,0,1,0,none,32,64,17,0,73728,1.0,0,0,0,0,0,1,none,none,none,0,0,0,0,0,512,512,64,1,3.0,False,8,True,True,True,,,success,True,True,,True,100,10000,140370.0,140389.0,0.0,140351.0,165704.0,b2001b4b68fef2f0a3f95ae4b11efa303f371aec5856f7b4f2dd36c91a924f1f,2.38418579e-07,9.58977877e-05,3,ondemand,,-O3 -mtriple=aarch64-linux-gnu -mcpu=cortex-a76,Pi g++ and LLVM 21 captured by runner,MLIR 21,7a689463ac12d26341ad00fae539d4262219b271fa8608428a6c56d5261a15ad,5a9b240c4518fab35a6984521ede1f515c484b74d1fab586dabd67ff802fc922,16467,11515,,139,0,21,,,146.19129803031683,,11.852037072528372
matmul_bias_relu_latency_row_v1,a7190332cb38049430d2305aef5fb26ff5251971,raspberry-pi5-cortex-a76,cortex-a76,"+neon,+fp-armv8",f32,matmul_bias_relu,m32_n64_k17_f32,tiled_vector_direct_k,tiled_vector_direct_cleanup,heldout,32,64,17,2048,17,73728,14720,8192,3.217877094972067,True,True,True,0,0,16384,tiled_vector,False,True,False,True,8,8,8,4,64,none,32,64,17,0,73728,1.0,0,0,0,0,0,1,none,none,direct_vector_cleanup,0,0,32,4096,0,70144,139776,8768,96,1.0,False,10,True,True,True,,,success,True,True,,True,100,10000,4870.0,4889.0,19.0,3833.0,16389.0,a66b2efad4119460d7099106befc79c640d505e268d71fddfca858f242fd83a1,0,0,3,ondemand,,-O3 -mtriple=aarch64-linux-gnu -mcpu=cortex-a76,Pi g++ and LLVM 21 captured by runner,MLIR 21,c27b8c49045e69c76e01f088cb71589b4819e987359034e37ffbd683ff5ae121,2a208e11fa8d20690e83a66efc751090ad23ddeb80ddf53bc1b1e61a41d0d6c0,65051,42222,,364,144,11,,,181.21067993342876,,8.490849216076635
matmul_bias_relu_latency_row_v1,a7190332cb38049430d2305aef5fb26ff5251971,raspberry-pi5-cortex-a76,cortex-a76,"+neon,+fp-armv8",f32,matmul_bias_relu,m32_n64_k17_f32,tiled_vector_materialized_tail,tiled_vector_materialized_tail,heldout,32,64,17,2048,17,73728,14720,8192,3.217877094972067,True,True,True,0,0,16384,tiled_vector,False,True,False,True,8,8,8,4,64,tile_materialized,32,64,17,0,73728,1.0,768,24576,16384,0,0,1,none,none,none,0,0,32,0,0,70144,139776,8768,96,1.0,False,10,True,True,True,,,success,True,True,,True,100,10000,19315.0,19500.0,19.0,19277.0,23333.0,def1e4e6e8d2b4834d81c1fbffdd67acd7179fe3460c419f9616258770ee9807,0,0,3,ondemand,,-O3 -mtriple=aarch64-linux-gnu -mcpu=cortex-a76,Pi g++ and LLVM 21 captured by runner,MLIR 21,0fef59d4bbef384f2b4f3e8a3d094b1565d93b8412173d77aebc3c01fac95aba,d9e2cebcdf85f142a0dad9c31d83c94f9c2cd09d551aa1566888a00ebdea58ba,106815,61595,,480,128,22,,,250.31200400553644,,9.868637275100381
matmul_bias_relu_latency_row_v1,a7190332cb38049430d2305aef5fb26ff5251971,raspberry-pi5-cortex-a76,cortex-a76,"+neon,+fp-armv8",f32,matmul_bias_relu,m32_n64_k511_f32,fused_scalar,scalar_baseline,train,32,64,511,2048,511,2097152,204416,8192,9.863937387116195,True,True,True,0,0,16384,scalar,True,False,False,False,0,0,0,1,0,none,32,64,511,0,2097152,1.0,0,0,0,0,0,7,none,none,none,0,0,0,0,0,512,512,64,1,3.0,False,8,True,True,True,,,success,True,True,,True,100,500,3950532.0,3952068.0,110.0,3948809.0,4019345.0000000005,7c09cf05b12f52e00e099d93d95600b29d16fc8820ca3e9fb2092782caa50381,1.90734863e-06,0.000130802576,3,ondemand,,-O3 -mtriple=aarch64-linux-gnu -mcpu=cortex-a76,Pi g++ and LLVM 21 captured by runner,MLIR 21,d5a22a3d0f09754166d8f4ed8fd85f63cf6356c7d7c9fd9f15326eaee5b7817e,0e65a6fcb35179fb669f7c0ce27a7680826a0e0a38c51ac0d91d2bdd9c260d87,16471,11519,,139,0,21,,,151.03726112283766,,15.189360811352595
matmul_bias_relu_latency_row_v1,a7190332cb38049430d2305aef5fb26ff5251971,raspberry-pi5-cortex-a76,cortex-a76,"+neon,+fp-armv8",f32,matmul_bias_relu,m32_n64_k511_f32,tiled_vector_direct_k,tiled_vector_direct_cleanup,train,32,64,511,2048,511,2097152,204416,8192,9.863937387116195,True,True,True,0,0,16384,tiled_vector,False,True,False,True,8,8,8,4,2016,none,32,64,511,0,2097152,1.0,0,0,0,0,0,7,none,none,direct_vector_cleanup,0,0,32,28672,0,2093568,4186624,261696,2048,1.0,False,10,True,True,True,,,success,True,True,,True,100,500,82463.0,82593.0,55.0,82241.0,86500.0,26f816b14c03db2390ed98b8b03b7fec00cc0005690171a7e0abd0797934533a,0,0,3,ondemand,,-O3 -mtriple=aarch64-linux-gnu -mcpu=cortex-a76,Pi g++ and LLVM 21 captured by runner,MLIR 21,83eb35559aeb3c8a95a38916adefba364af68704a700ab8c5826307e21d0394a,538862da9d1f5d8fac063936173273518288e4e16147aa8061ccdc05c2080bf4,65507,42709,,385,144,13,,,190.56028383783996,,11.32010498687488
matmul_bias_relu_latency_row_v1,a7190332cb38049430d2305aef5fb26ff5251971,raspberry-pi5-cortex-a76,cortex-a76,"+neon,+fp-armv8",f32,matmul_bias_relu,m32_n64_k511_f32,tiled_vector_materialized_tail,tiled_vector_materialized_tail,train,32,64,511,2048,511,2097152,204416,8192,9.863937387116195,True,True,True,0,0,16384,tiled_vector,False,True,False,True,8,8,8,4,2016,tile_materialized,32,64,511,0,2097152,1.0,768,24576,16384,0,0,7,none,none,none,0,0,32,0,0,2093568,4186624,261696,2048,1.0,False,10,True,True,True,,,success,True,True,,True,100,500,425332.0,427407.0,111.0,424944.0,439721.0,9897b1c551e23b7ef12cf50699c60a61fa4f57c31c67988b9b743904f66dd4b3,0,0,3,ondemand,,-O3 -mtriple=aarch64-linux-gnu -mcpu=cortex-a76,Pi g++ and LLVM 21 captured by runner,MLIR 21,58f8ead09982d659ea02790e580b5ef5e6caba9555c92a0d63f161e4d6edf0d6,8fbe8fda653af02e3ba637c64204e9637515d6a13197f8ea960332d15bc55e44,106820,61602,,480,128,22,,,244.05871098861098,,12.96062531941761
matmul_bias_relu_latency_row_v1,a7190332cb38049430d2305aef5fb26ff5251971,raspberry-pi5-cortex-a76,cortex-a76,"+neon,+fp-armv8",f32,matmul_bias_relu,m33_n31_k64_f32,fused_scalar,scalar_baseline,train,33,31,64,1023,64,132990,20476,4092,5.413139042657115,True,True,True,0,0,8184,scalar,True,False,False,False,0,0,0,1,0,none,33,31,64,0,132990,1.0,0,0,0,1,7,0,none,none,none,0,0,0,0,0,512,512,64,1,3.0,False,8,True,True,True,,,success,True,True,,True,100,2000,251073.0,354443.0,18.0,251035.99999999997,357240.0,6477882b758e261d8f316a6f122769c86d631c9e19a166dba37d1d0a6b61d9d5,3.57627869e-07,0.000249875062,3,ondemand,,-O3 -mtriple=aarch64-linux-gnu -mcpu=cortex-a76,Pi g++ and LLVM 21 captured by runner,MLIR 21,611cece4a6f38b2791d64ba7d0e0c6e9ac08057ed5d82a60dc28f2e8a1943912,ff65d9380ad6364af575e99fe0f61e03dfad616ec79a4648d10b12f5a7716bd8,16467,11515,,140,0,21,,,147.44459791108966,,12.433499012482526
matmul_bias_relu_latency_row_v1,a7190332cb38049430d2305aef5fb26ff5251971,raspberry-pi5-cortex-a76,cortex-a76,"+neon,+fp-armv8",f32,matmul_bias_relu,m33_n31_k64_f32,tiled_vector_materialized_tail,tiled_vector_materialized_tail,train,33,31,64,1023,64,132990,20476,4092,5.413139042657115,True,True,True,0,0,8184,tiled_vector,False,True,False,True,8,8,8,4,96,tile_materialized,33,31,64,0,132990,1.0,768,55296,36864,1,7,0,none,none,none,32,40,0,0,0,131456,262400,16432,160,1.0,False,10,True,True,True,,,success,True,True,,True,100,2000,59018.0,59074.0,19.0,58926.0,64074.00000000001,c58f1260ebed8fb5392a6c474f1b210094feda9b37a40f43bfbd8b0db8ef03d5,0,0,3,ondemand,,-O3 -mtriple=aarch64-linux-gnu -mcpu=cortex-a76,Pi g++ and LLVM 21 captured by runner,MLIR 21,4b2b0cf6fadfdd3b6e55abd1cb2c65571e7f6c134990bf4de3747f3a85324ce5,0299295efdec257ba5642db61d4a5ca691f68502aa999447ec62e5de7a14c315,114287,66564,,715,128,51,,,251.4597331173718,,10.985597761104732
matmul_bias_relu_latency_row_v1,a7190332cb38049430d2305aef5fb26ff5251971,raspberry-pi5-cortex-a76,cortex-a76,"+neon,+fp-armv8",f32,matmul_bias_relu,m33_n33_k32_f32,fused_scalar,scalar_baseline,train,33,33,32,1089,32,71874,12804,4356,4.188461538461539,True,True,True,0,0,8712,scalar,True,False,False,False,0,0,0,1,0,none,33,33,32,0,71874,1.0,0,0,0,1,1,0,none,none,none,0,0,0,0,0,512,512,64,1,3.0,False,8,True,True,True,,,success,True,True,,True,100,10000,136056.0,181407.0,1.0,136036.0,194426.0,943dbe2334e72f233dddcd495bd4b165b6f8e977ebbb0c72c0d68528d35a41e3,2.38418579e-07,0.000171071765,3,ondemand,,-O3 -mtriple=aarch64-linux-gnu -mcpu=cortex-a76,Pi g++ and LLVM 21 captured by runner,MLIR 21,62e72e716d3dcc214cc853a726c0c6ded71110c45c4b0c72dc42f0b74ddb152b,31ea7371584674090f2764eaac90cc8467f1df91c63e33d6a57e6a8e117d2c5d,16418,11515,,140,0,21,,,151.1831609532237,,11.820821844672249
matmul_bias_relu_latency_row_v1,a7190332cb38049430d2305aef5fb26ff5251971,raspberry-pi5-cortex-a76,cortex-a76,"+neon,+fp-armv8",f32,matmul_bias_relu,m33_n33_k32_f32,tiled_vector_materialized_tail,tiled_vector_materialized_tail,train,33,33,32,1089,32,71874,12804,4356,4.188461538461539,True,True,True,0,0,8712,tiled_vector,False,True,False,True,8,8,8,4,64,tile_materialized,33,33,32,0,71874,1.0,768,30720,20480,1,1,0,none,none,none,20,20,0,0,0,70208,139904,8776,100,1.0,False,10,True,True,True,,,success,True,True,,True,100,10000,39482.0,39851.0,19.0,39407.0,58462.0,5bd7b095324e491edae7ce0169b59168192a5659d7e09caebd23b1f1901947f7,0,0,3,ondemand,,-O3 -mtriple=aarch64-linux-gnu -mcpu=cortex-a76,Pi g++ and LLVM 21 captured by runner,MLIR 21,4e90bedc8a0e004b8006d69d8f9384efe2c2995f508491677843869be6c2702f,e1380897ef6b29379fd40c8896813459f04f505075fd54f265e68dd5ca81fae7,114969,66839,,727,128,53,,,257.82430288381875,,10.583600150825614
matmul_bias_relu_latency_row_v1,a7190332cb38049430d2305aef5fb26ff5251971,raspberry-pi5-cortex-a76,cortex-a76,"+neon,+fp-armv8",f32,matmul_bias_relu,m3_n7_k5_f32,fused_scalar,scalar_baseline,train,3,7,5,21,5,252,284,84,0.6847826086956522,True,True,True,0,0,168,scalar,True,False,False,False,0,0,0,1,0,none,3,7,5,0,252,1.0,0,0,0,3,7,5,none,none,none,0,0,0,0,0,512,512,64,1,0.328125,False,8,True,True,True,,,success,True,True,,True,100,20000,537.0,556.0,0.0,537.0,16556.0,2a9159818fbe83e5480ca3bc68f36ccc414f2b27d9f9767aa309d18dd235ad80,5.96046448e-08,2.12059079e-07,3,ondemand,,-O3 -mtriple=aarch64-linux-gnu -mcpu=cortex-a76,Pi g++ and LLVM 21 captured by runner,MLIR 21,350d361c35080c9059c8b65c9ff76a39ff6024fc38b405a6002c43609d9a332f,b995c57b3a11666b27493ecc18785932c13db47b0f1603447c08780b66acac4b,16442,11486,,140,0,21,,,156.2260070350021,,6.285998094508865
matmul_bias_relu_latency_row_v1,a7190332cb38049430d2305aef5fb26ff5251971,raspberry-pi5-cortex-a76,cortex-a76,"+neon,+fp-armv8",f32,matmul_bias_relu,m3_n7_k5_f32,tiled_vector_materialized_tail,tiled_vector_materialized_tail,train,3,7,5,21,5,252,284,84,0.6847826086956522,True,True,True,0,0,168,tiled_vector,False,True,False,True,8,8,8,4,0,tile_materialized,3,7,5,0,252,1.0,768,2304,1536,3,7,5,none,none,none,1,1,1,0,0,722,932,90,1,1.0,False,10,True,True,True,,,success,True,True,,True,100,20000,593.0,611.0,1.0,574.0,6759.0,3b758603e104f64455362c759a86ad4d694ae93f60da8540ed2fa85c4334076c,0,0,3,ondemand,,-O3 -mtriple=aarch64-linux-gnu -mcpu=cortex-a76,Pi g++ and LLVM 21 captured by runner,MLIR 21,415d6f8df0854e0acdab8b9b39e1b8716a0de8d5a970f999acfc458c9df44a4a,d45f9bff0a2bb0d7e01df772ba2327eb6335f4ad0084c6f5e98165acdc2c5573,106267,60303,,719,128,45,,,243.05454082787037,,6.385194398997726
matmul_bias_relu_latency_row_v1,a7190332cb38049430d2305aef5fb26ff5251971,raspberry-pi5-cortex-a76,cortex-a76,"+neon,+fp-armv8",f32,matmul_bias_relu,m3_n7_k5_f32,whole_shape_vector_materialized_padding,whole_shape_vector_materialized_padding,train,3,7,5,21,5,252,284,84,0.6847826086956522,True,True,True,0,0,168,whole_shape_vector,False,True,True,False,0,0,0,4,0,whole_shape_materialized,8,8,8,121,1152,4.571428571428571,768,768,284,3,7,5,none,none,none,0,0,0,0,0,1536,2560,192,1,0.328125,False,10,True,True,True,,,success,True,True,,True,100,20000,425.0,444.0,17.0,407.0,15426.0,6801be7c7ba9fd2e7cc7cfba1ba0993ea7299e5bb9eddd82b9e523eb4ab42afa,5.96046448e-08,3.18088618e-07,3,ondemand,,-O3 -mtriple=aarch64-linux-gnu -mcpu=cortex-a76,Pi g++ and LLVM 21 captured by runner,MLIR 21,a95b7e6564e30185f1df0eb37e9161a774b2ce17f79b591e1552fe1ec93fb0b2,8f7553f464b8316eb3220e1d9e8d7ed298fc7f7b0e387a265bfc788efa1402ec,74673,53147,,582,128,29,,,201.56119600869715,,6.052089168924417
matmul_bias_relu_latency_row_v1,a7190332cb38049430d2305aef5fb26ff5251971,raspberry-pi5-cortex-a76,cortex-a76,"+neon,+fp-armv8",f32,matmul_bias_relu,m3_n7_k5_f32,whole_shape_vector_no_padding,whole_shape_vector_no_padding,train,3,7,5,21,5,252,284,84,0.6847826086956522,True,True,True,0,0,168,whole_shape_vector,False,True,True,False,0,0,0,4,0,none,3,7,5,0,252,1.0,0,0,0,3,7,5,none,none,none,0,0,0,0,0,722,932,90,1,0.328125,False,10,True,True,True,,,success,True,True,,True,100,20000,56.0,74.0,1.0,55.0,111.0,acc6a27d99b344cf1b5714bd0c604864ae7bc686a64b7c84726a4c1186c14e59,5.96046448e-08,3.18088618e-07,3,ondemand,,-O3 -mtriple=aarch64-linux-gnu -mcpu=cortex-a76,Pi g++ and LLVM 21 captured by runner,MLIR 21,70ebf8435b348e019f63db1bf101c7518c69b5b4b0537c91dd9b4150e93d9422,c6f91ddb5eb3f35ea2763b810eed07327c1f289d1d549eb323c3d6de95c001d4,25778,17675,,145,30,2,,,161.0886170528829,,4.02535169073515
matmul_bias_relu_latency_row_v1,a7190332cb38049430d2305aef5fb26ff5251971,raspberry-pi5-cortex-a76,cortex-a76,"+neon,+fp-armv8",f32,matmul_bias_relu,m40_n24_k33_f32,fused_scalar,scalar_baseline,train,40,24,33,960,33,65280,12288,3840,4.0476190476190474,True,True,True,0,0,7680,scalar,True,False,False,False,0,0,0,1,0,none,40,24,33,0,65280,1.0,0,0,0,0,0,1,none,none,none,0,0,0,0,0,512,512,64,1,3.0,False,8,True,True,True,,,success,True,True,,True,100,10000,124741.0,124760.0,1.0,124722.0,146666.0,552062c9dd121cb5debc06ac19eb400e4f1bd35c6ee59f73e6023466a8d8e077,2.38418579e-07,3.60418807e-05,3,ondemand,,-O3 -mtriple=aarch64-linux-gnu -mcpu=cortex-a76,Pi g++ and LLVM 21 captured by runner,MLIR 21,600fb63ec1ca561ba3c3a223c6cf12e2a924febcc91c25d236b296a2df6c9af3,4463c2b4653b53a38848f9ea770a639b4eaa0d85603803c21e2909cee2cd2440,16465,11515,,140,0,21,,,154.68926494941115,,11.733994866722664
matmul_bias_relu_latency_row_v1,a7190332cb38049430d2305aef5fb26ff5251971,raspberry-pi5-cortex-a76,cortex-a76,"+neon,+fp-armv8",f32,matmul_bias_relu,m40_n24_k33_f32,tiled_vector_direct_k,tiled_vector_direct_cleanup,train,40,24,33,960,33,65280,12288,3840,4.0476190476190474,True,True,True,0,0,7680,tiled_vector,False,True,False,True,8,8,8,4,60,none,40,24,33,0,65280,1.0,0,0,0,0,0,1,none,none,direct_vector_cleanup,0,0,15,1920,0,63872,127232,7984,75,1.0,False,10,True,True,True,,,success,True,True,,True,100,10000,2648.0,2667.0,1.0,2629.0,12778.0,59df65d7d971c9ef14b8a5bcc24fc1a0ae85b8a3ef5102cd42fd3cb8d0a38b8d,0,0,3,ondemand,,-O3 -mtriple=aarch64-linux-gnu -mcpu=cortex-a76,Pi g++ and LLVM 21 captured by runner,MLIR 21,318fce135c8bcf0043b14a6b5aae47bc4a7bcb4e240661cc801b23f766ded175,3afb0a2376dc7927d693da30df0c74b92d81972f3c8c5331e7734429b6c0dbf4,65050,42221,,363,144,11,,,182.9069280065596,,7.881559917056899
matmul_bias_relu_latency_row_v1,a7190332cb38049430d2305aef5fb26ff5251971,raspberry-pi5-cortex-a76,cortex-a76,"+neon,+fp-armv8",f32,matmul_bias_relu,m40_n24_k33_f32,tiled_vector_materialized_tail,tiled_vector_materialized_tail,train,40,24,33,960,33,65280,12288,3840,4.0476190476190474,True,True,True,0,0,7680,tiled_vector,False,True,False,True,8,8,8,4,60,tile_materialized,40,24,33,0,65280,1.0,768,11520,7680,0,0,1,none,none,none,0,0,15,0,0,63872,127232,7984,75,1.0,False,10,True,True,True,,,success,True,True,,True,100,10000,14926.0,15000.0,19.0,14907.0,28944.0,9b73d9925092f9174335f24e47f248a4309bfe5468f65c0f31c7861d7f205b32,0,0,3,ondemand,,-O3 -mtriple=aarch64-linux-gnu -mcpu=cortex-a76,Pi g++ and LLVM 21 captured by runner,MLIR 21,51096ce642da0d7f1a205fefe6d1472782c4687173bec14ea79485489104324e,7751b0fe305f6500ce4e4359a7222fdbd7a27957fe8868d6ff1bec983a3648af,106080,61249,,462,128,20,,,252.47758999466896,,9.610859937691332
matmul_bias_relu_latency_row_v1,a7190332cb38049430d2305aef5fb26ff5251971,raspberry-pi5-cortex-a76,cortex-a76,"+neon,+fp-armv8",f32,matmul_bias_relu,m48_n80_k63_f32,fused_scalar,scalar_baseline,validation,48,80,63,3840,63,491520,47616,15360,7.804878048780488,True,True,True,0,0,30720,scalar,True,False,False,False,0,0,0,1,0,none,48,80,63,0,491520,1.0,0,0,0,0,0,7,none,none,none,0,0,0,0,0,512,512,64,1,3.0,False,8,True,True,True,,,success,True,True,,True,100,2000,932277.0,934073.0,19.0,932220.0,997739.0,e3e1d9440c42682de68db3c0a13598a45c74b38c7d114fcd366766310e2372b1,4.76837158e-07,0.000802648741,3,ondemand,,-O3 -mtriple=aarch64-linux-gnu -mcpu=cortex-a76,Pi g++ and LLVM 21 captured by runner,MLIR 21,f010049999e64fdf8e94c55bda7a564df3596204373c6360dc0e58ce9b2a7092,1ad3ca33ec7c662b4c109a1376af29f37db6a33809be22d1ba5a851ab3e45df2,16467,11517,,140,0,21,,,144.55095492303371,,13.745385259809925
matmul_bias_relu_latency_row_v1,a7190332cb38049430d2305aef5fb26ff5251971,raspberry-pi5-cortex-a76,cortex-a76,"+neon,+fp-armv8",f32,matmul_bias_relu,m48_n80_k63_f32,tiled_vector_direct_k,tiled_vector_direct_cleanup,validation,48,80,63,3840,63,491520,47616,15360,7.804878048780488,True,True,True,0,0,30720,tiled_vector,False,True,False,True,8,8,8,4,420,none,48,80,63,0,491520,1.0,0,0,0,0,0,7,none,none,direct_vector_cleanup,0,0,60,53760,0,484352,968192,60544,480,1.0,False,10,True,True,True,,,success,True,True,,True,100,2000,36019.0,36055.0,18.0,35944.0,42296.0,7ea94d9f2766ad83e324ece1359e678ff97d0b9380a77f508716358078d15775,0,0,3,ondemand,,-O3 -mtriple=aarch64-linux-gnu -mcpu=cortex-a76,Pi g++ and LLVM 21 captured by runner,MLIR 21,b3245b7a5983f68e05ccf308b6c812cbe55f6f0012181bac88bd1760422ffb6b,45def9476d83a093faf4336067cf452e5d43e23eeee24b03ed2c82d5d633ca71,65493,42695,,375,144,13,,,202.88439793512225,,10.491801855990317
matmul_bias_relu_latency_row_v1,a7190332cb38049430d2305aef5fb26ff5251971,raspberry-pi5-cortex-a76,cortex-a76,"+neon,+fp-armv8",f32,matmul_bias_relu,m48_n80_k63_f32,tiled_vector_materialized_tail,tiled_vector_materialized_tail,validation,48,80,63,3840,63,491520,47616,15360,7.804878048780488,True,True,True,0,0,30720,tiled_vector,False,True,False,True,8,8,8,4,420,tile_materialized,48,80,63,0,491520,1.0,768,46080,30720,0,0,7,none,none,none,0,0,60,0,0,484352,968192,60544,480,1.0,False,10,True,True,True,,,success,True,True,,True,100,2000,100981.0,101019.0,18.0,100907.0,105241.0,f921175faf14f17393d54f937b4670c1867152966c0a2ed0e109aa7ba1037320,0,0,3,ondemand,,-O3 -mtriple=aarch64-linux-gnu -mcpu=cortex-a76,Pi g++ and LLVM 21 captured by runner,MLIR 21,893fe0b5f98c1fd16c5031d71f9a4bcff52afbab3627e280e7a0e7101a558340,139c80d33d6fd07c8f97f13f4acbf797977dca28c229b21b9b7dcc468351bef2,106815,61597,,484,128,22,,,284.017323050648,,11.522687659314952
matmul_bias_relu_latency_row_v1,a7190332cb38049430d2305aef5fb26ff5251971,raspberry-pi5-cortex-a76,cortex-a76,"+neon,+fp-armv8",f32,matmul_bias_relu,m4_n4_k4_f32,fused_scalar,scalar_baseline,train,4,4,4,16,4,160,192,64,0.625,True,True,True,0,0,128,scalar,True,False,False,False,0,0,0,1,0,none,4,4,4,0,160,1.0,0,0,0,4,4,4,none,none,none,0,0,0,0,0,512,512,64,1,0.25,False,8,True,True,True,,,success,True,True,,True,100,20000,370.0,371.0,0.0,351.0,13889.0,0a703d35a0159f6b257fb2a8cbb3c5a626a392e8f562e2113ce44a237aaf1443,2.98023224e-08,7.87683404e-08,3,ondemand,,-O3 -mtriple=aarch64-linux-gnu -mcpu=cortex-a76,Pi g++ and LLVM 21 captured by runner,MLIR 21,e44157be1bea55e3fccc4452a27785f8d3b783639b82d3064bfacea52fd3c55b,48983eb8b707af7f7e8809f0a9be14d263c6ca4f581828f894bcf91a6c32dcba,16346,11486,,139,0,21,,,156.8816031794995,,5.91350300563827
matmul_bias_relu_latency_row_v1,a7190332cb38049430d2305aef5fb26ff5251971,raspberry-pi5-cortex-a76,cortex-a76,"+neon,+fp-armv8",f32,matmul_bias_relu,m4_n4_k4_f32,tiled_vector_materialized_tail,tiled_vector_materialized_tail,train,4,4,4,16,4,160,192,64,0.625,True,True,True,0,0,128,tiled_vector,False,True,False,True,8,8,8,4,0,tile_materialized,4,4,4,0,160,1.0,768,2304,1536,4,4,4,none,none,none,1,1,1,0,0,640,768,80,1,1.0,False,10,True,True,True,,,success,True,True,,True,100,20000,592.0,611.0,1.0,574.0,28907.0,6fe236222bc6bd45806e711cfce39f80df51dc11137c2b8472ff211b5ff69d1e,0,0,3,ondemand,,-O3 -mtriple=aarch64-linux-gnu -mcpu=cortex-a76,Pi g++ and LLVM 21 captured by runner,MLIR 21,73483fdd35c5f350cd72a60f42bc0e2b425c5f0e51c9adf4ca08f87dca6f07cd,a554249ffb9e982a030aaa2a6c32ad6bee7ad84b68ee13b72417e56a97412a27,107039,60622,,705,128,45,,,263.08249682188034,,6.3835066348840055
matmul_bias_relu_latency_row_v1,a7190332cb38049430d2305aef5fb26ff5251971,raspberry-pi5-cortex-a76,cortex-a76,"+neon,+fp-armv8",f32,matmul_bias_relu,m4_n4_k4_f32,whole_shape_vector_materialized_padding,whole_shape_vector_materialized_padding,train,4,4,4,16,4,160,192,64,0.625,True,True,True,0,0,128,whole_shape_vector,False,True,True,False,0,0,0,4,0,whole_shape_materialized,8,8,8,144,1152,7.2,768,768,192,4,4,4,none,none,none,0,0,0,0,0,1536,2560,192,1,0.25,False,10,True,True,True,,,success,True,True,,True,100,20000,407.0,408.0,1.0,388.0,9574.0,545b3e0d374b5b5da9748a6cb14f7ccb942e24dab4e5ea0b92ba4fbc5782d682,5.96046448e-08,1.18717218e-07,3,ondemand,,-O3 -mtriple=aarch64-linux-gnu -mcpu=cortex-a76,Pi g++ and LLVM 21 captured by runner,MLIR 21,51315d23e038c1effd181e5fe8e790ed631253cc00fb891ef8271280fca1e5f9,80aa28719ec4bced3feb49e71546470b0f08d24348047003c1a7300e7f5b45e4,74673,53147,,578,128,29,,,200.02800598740578,,6.008813185442595
matmul_bias_relu_latency_row_v1,a7190332cb38049430d2305aef5fb26ff5251971,raspberry-pi5-cortex-a76,cortex-a76,"+neon,+fp-armv8",f32,matmul_bias_relu,m4_n4_k4_f32,whole_shape_vector_no_padding,whole_shape_vector_no_padding,train,4,4,4,16,4,160,192,64,0.625,True,True,True,0,0,128,whole_shape_vector,False,True,True,False,0,0,0,4,0,none,4,4,4,0,160,1.0,0,0,0,4,4,4,none,none,none,0,0,0,0,0,640,768,80,1,0.25,False,10,True,True,True,,,success,True,True,,True,100,20000,56.0,56.0,0.0,37.0,92.0,362a62e9dc0c9ba13e8c5fce9c1fe1b509f38c69d61cd5f6041707fcff2a4df8,5.96046448e-08,1.18717218e-07,3,ondemand,,-O3 -mtriple=aarch64-linux-gnu -mcpu=cortex-a76,Pi g++ and LLVM 21 captured by runner,MLIR 21,4c096f5c815246613c2a1fa2b15b8790ee36de537c37cf6ad545562e5c99a3d6,aabdd43f176178649ac21eca9e06e7e4197f0e9b58b0d2103e2a03638655bf33,26584,18261,,88,16,2,,,168.88068593107164,,4.02535169073515
matmul_bias_relu_latency_row_v1,a7190332cb38049430d2305aef5fb26ff5251971,raspberry-pi5-cortex-a76,cortex-a76,"+neon,+fp-armv8",f32,matmul_bias_relu,m4_n4_k8_f32,fused_scalar,scalar_baseline,train,4,4,8,16,8,288,320,64,0.75,True,True,True,0,0,128,scalar,True,False,False,False,0,0,0,1,0,none,4,4,8,0,288,1.0,0,0,0,4,4,0,none,none,none,0,0,0,0,0,512,512,64,1,0.25,False,8,True,True,True,,,success,True,True,,True,100,20000,611.0,612.0,0.0,592.0,5351.0,1dbfe5afdafcfb0a72c8bed2b767c298e2c4de1c29437d856cbab29fd4292862,5.96046448e-08,6.82111955e-07,3,ondemand,,-O3 -mtriple=aarch64-linux-gnu -mcpu=cortex-a76,Pi g++ and LLVM 21 captured by runner,MLIR 21,99e81a713f38d289a7ea6aaac90776641a928f7d73f442905b2286a89a8f6c08,e40d6c80ef2af93e916bf5900884353bb6842e30b5de83f69277e0615baf44af,16394,11486,,139,0,21,,,151.84800885617733,,6.415096959171596
matmul_bias_relu_latency_row_v1,a7190332cb38049430d2305aef5fb26ff5251971,raspberry-pi5-cortex-a76,cortex-a76,"+neon,+fp-armv8",f32,matmul_bias_relu,m4_n4_k8_f32,tiled_vector_materialized_tail,tiled_vector_materialized_tail,train,4,4,8,16,8,288,320,64,0.75,True,True,True,0,0,128,tiled_vector,False,True,False,True,8,8,8,4,0,tile_materialized,4,4,8,0,288,1.0,768,1536,1024,4,4,0,none,none,none,1,1,0,0,0,768,1024,96,1,1.0,False,10,True,True,True,,,success,True,True,,True,100,20000,574.0,592.0,0.0,555.0,17111.0,b6e461c4b8942a71fcc56e2f4f21a94a87f8ea7f5d979ae855803d992da74487,0,0,3,ondemand,,-O3 -mtriple=aarch64-linux-gnu -mcpu=cortex-a76,Pi g++ and LLVM 21 captured by runner,MLIR 21,880af360b47d8b31f23f5650deeb93012f57d34973f474153ec9998e45874ed1,8b7f4490fc725df0073e2228df138d314dd7fcd29b6d0fa80268dbdce53912f3,106563,60853,,668,128,45,,,313.003198010847,,6.352629396319567
matmul_bias_relu_latency_row_v1,a7190332cb38049430d2305aef5fb26ff5251971,raspberry-pi5-cortex-a76,cortex-a76,"+neon,+fp-armv8",f32,matmul_bias_relu,m4_n4_k8_f32,whole_shape_vector_materialized_padding,whole_shape_vector_materialized_padding,train,4,4,8,16,8,288,320,64,0.75,True,True,True,0,0,128,whole_shape_vector,False,True,True,False,0,0,0,4,0,whole_shape_materialized,8,8,8,112,1152,4.0,768,768,320,4,4,0,none,none,none,0,0,0,0,0,1536,2560,192,1,0.25,False,10,True,True,True,,,success,True,True,,True,100,20000,389.0,408.0,0.0,388.0,16111.0,d3020cdbde5f36f54d35d2351bc55e35c925f8167511e11156d1c68c8b9bc489,5.96046448e-08,6.82111955e-07,3,ondemand,,-O3 -mtriple=aarch64-linux-gnu -mcpu=cortex-a76,Pi g++ and LLVM 21 captured by runner,MLIR 21,336bdad5d8ef160c92f65877a7c4ba845a279a8de9e5e49ca23991d0f24915d8,37fc2422730819cb4436536429ee158d11be4fa23d8d5157614c407dde34cea5,74209,53381,,540,128,29,,,197.63870700262487,,5.963579343618446
matmul_bias_relu_latency_row_v1,a7190332cb38049430d2305aef5fb26ff5251971,raspberry-pi5-cortex-a76,cortex-a76,"+neon,+fp-armv8",f32,matmul_bias_relu,m4_n4_k8_f32,whole_shape_vector_no_padding,whole_shape_vector_no_padding,train,4,4,8,16,8,288,320,64,0.75,True,True,True,0,0,128,whole_shape_vector,False,True,True,False,0,0,0,4,0,none,4,4,8,0,288,1.0,0,0,0,4,4,0,none,none,none,0,0,0,0,0,768,1024,96,1,0.25,False,10,True,True,True,,,success,True,True,,True,100,20000,74.0,74.0,0.0,55.0,3518.0,21b4878ba5bf0d0412c7b52882ad61c732b1b3f9c960e68369910d770dd27968,5.96046448e-08,6.82111955e-07,3,ondemand,,-O3 -mtriple=aarch64-linux-gnu -mcpu=cortex-a76,Pi g++ and LLVM 21 captured by runner,MLIR 21,2bc36c6ce218f18bc3d548c6da46d209b80ff1ca5114922f5466d071b592faf8,0eea3be194cffb1937a22f38ab9dbf1bb26b12ea2ae053b1fb5b084bff730cbc,34085,23411,,121,32,2,,,151.34761901572347,,4.30406509320417
matmul_bias_relu_latency_row_v1,a7190332cb38049430d2305aef5fb26ff5251971,raspberry-pi5-cortex-a76,cortex-a76,"+neon,+fp-armv8",f32,matmul_bias_relu,m512_n1024_k16_f32,fused_scalar,scalar_baseline,heldout,512,1024,16,524288,16,17825792,2195456,2097152,4.152671755725191,True,True,True,0,0,4194304,scalar,True,False,False,False,0,0,0,1,0,none,512,1024,16,0,17825792,1.0,0,0,0,0,0,0,none,none,none,0,0,0,0,0,512,512,64,1,3.0,False,8,True,True,True,,,success,True,True,,True,100,500,34385987.0,34450987.0,12185.0,34353746.0,34487524.0,90f8ad9844f1f5ef949acdb98c15c8f2d01b44bd50928ec7eb752f58d7d5ad02,2.98023224e-07,0.00941176471,3,ondemand,,-O3 -mtriple=aarch64-linux-gnu -mcpu=cortex-a76,Pi g++ and LLVM 21 captured by runner,MLIR 21,316e638c9d6c3a94440ff0c8209bdd6cc75c0ee4fced146e420f85dc35a58c1d,819d31dcf50bc3515c75a06b5c4f73c4a2015f5dcc54ac25e88e0aec4d8a7606,16499,11559,,141,0,21,,,148.78340298309922,,17.35315968470102
matmul_bias_relu_latency_row_v1,a7190332cb38049430d2305aef5fb26ff5251971,raspberry-pi5-cortex-a76,cortex-a76,"+neon,+fp-armv8",f32,matmul_bias_relu,m512_n1024_k16_f32,tiled_vector_full_tiles,tiled_vector_full_tiles,heldout,512,1024,16,524288,16,17825792,2195456,2097152,4.152671755725191,True,True,True,0,0,4194304,tiled_vector,False,True,False,True,8,8,8,4,16384,none,512,1024,16,0,17825792,1.0,0,0,0,0,0,0,none,none,none,0,0,0,0,0,16777728,33554944,2097216,16384,1.0,False,10,True,True,True,,,success,True,True,,True,100,500,1854719.0,1908793.0,22112.0,1766720.0,1985127.0,e91e210ff785226ab4921e477153ed25445bf8065e20f3a1c11cba39ac598e00,0,0,3,ondemand,,-O3 -mtriple=aarch64-linux-gnu -mcpu=cortex-a76,Pi g++ and LLVM 21 captured by runner,MLIR 21,6ad58554091a295df8ed542f377000e5a0b4e580dddaad68c337aeaf345f2baa,1ca8382c5017e5b8a9bd87d22285eca6586cace651a385d77923efeef1b60ebe,81826,48323,,387,128,11,,,234.84954913146794,,14.433243760069258
matmul_bias_relu_latency_row_v1,a7190332cb38049430d2305aef5fb26ff5251971,raspberry-pi5-cortex-a76,cortex-a76,"+neon,+fp-armv8",f32,matmul_bias_relu,m512_n16_k32_f32,fused_scalar,scalar_baseline,train,512,16,32,8192,32,540672,100352,32768,4.061538461538461,True,True,True,0,0,65536,scalar,True,False,False,False,0,0,0,1,0,none,512,16,32,0,540672,1.0,0,0,0,0,0,0,none,none,none,0,0,0,0,0,512,512,64,1,3.0,False,8,True,True,True,,,success,True,True,,True,100,2000,1022869.0,1024720.0000000001,19.0,1022831.0,1088740.0,82f061f0c02558947f6dd3b95722cd978a37651f3d75c33d9d1a3b1fa8c3aa9d,2.38418579e-07,0.000233699462,3,ondemand,,-O3 -mtriple=aarch64-linux-gnu -mcpu=cortex-a76,Pi g++ and LLVM 21 captured by runner,MLIR 21,f21787926c0e95785bb6c5a91b3b9beed9ea5a40189465014647c12c72028fee,a6398057498ccf5c3e99c43debdce49bf175d6247be18967efa5aedef2568de9,16473,11525,,139,0,21,,,158.023338066414,,13.838121981993098
matmul_bias_relu_latency_row_v1,a7190332cb38049430d2305aef5fb26ff5251971,raspberry-pi5-cortex-a76,cortex-a76,"+neon,+fp-armv8",f32,matmul_bias_relu,m512_n16_k32_f32,tiled_vector_full_tiles,tiled_vector_full_tiles,train,512,16,32,8192,32,540672,100352,32768,4.061538461538461,True,True,True,0,0,65536,tiled_vector,False,True,False,True,8,8,8,4,512,none,512,16,32,0,540672,1.0,0,0,0,0,0,0,none,none,none,0,0,0,0,0,524800,1049088,65600,512,1.0,False,10,True,True,True,,,success,True,True,,True,100,2000,21556.0,21685.0,38.0,21370.0,28130.0,7342290d326a89406bf86521e45638713ef842bd35e0f186a704a5617ca3c7cc,0,0,3,ondemand,,-O3 -mtriple=aarch64-linux-gnu -mcpu=cortex-a76,Pi g++ and LLVM 21 captured by runner,MLIR 21,a623818b61378f09b79c1baf8ac8d46ef873cc892f515ead9ec89de048b4a832,c490c07e5925823f331ba14e308fe4943ec22905d884d67f042a1f00f7f960a1,81696,48199,,352,128,11,,,198.03790096193552,,9.978409479053388
matmul_bias_relu_latency_row_v1,a7190332cb38049430d2305aef5fb26ff5251971,raspberry-pi5-cortex-a76,cortex-a76,"+neon,+fp-armv8",f32,matmul_bias_relu,m512_n256_k32_f32,fused_scalar,scalar_baseline,train,512,256,32,131072,32,8650752,622592,524288,7.542857142857143,True,True,True,0,0,1048576,scalar,True,False,False,False,0,0,0,1,0,none,512,256,32,0,8650752,1.0,0,0,0,0,0,0,none,none,none,0,0,0,0,0,512,512,64,1,3.0,False,8,True,True,True,,,success,True,True,,True,100,500,16435735.999999998,16453902.0,2314.0,16427105.000000002,16517347.0,a761c6adbbd018afb6074164852b54123f726f9d465abb24963c7d7c1cc9096f,4.76837158e-07,0.00297758972,3,ondemand,,-O3 -mtriple=aarch64-linux-gnu -mcpu=cortex-a76,Pi g++ and LLVM 21 captured by runner,MLIR 21,38f93afd191e70c1f0b4eb0a90416c104c94568f6dd84178ff66bfa75abd033f,0249cacd7d202dba9dfdf8abbbfc99cd8b04ba28df16c859662668b3393995ec,16488,11542,,141,0,21,,,148.49625690840185,,16.614968546554174
matmul_bias_relu_latency_row_v1,a7190332cb38049430d2305aef5fb26ff5251971,raspberry-pi5-cortex-a76,cortex-a76,"+neon,+fp-armv8",f32,matmul_bias_relu,m512_n256_k32_f32,tiled_vector_full_tiles,tiled_vector_full_tiles,train,512,256,32,131072,32,8650752,622592,524288,7.542857142857143,True,True,True,0,0,1048576,tiled_vector,False,True,False,True,8,8,8,4,8192,none,512,256,32,0,8650752,1.0,0,0,0,0,0,0,none,none,none,0,0,0,0,0,8389120,16777728,1048640,8192,1.0,False,10,True,True,True,,,success,True,True,,True,100,500,428462.0,435295.0,1445.0,420759.0,451110.0,ba7d59d478df6d630c429437cfa1fb9288288ea5564182530b13480047aff9f2,0,0,3,ondemand,,-O3 -mtriple=aarch64-linux-gnu -mcpu=cortex-a76,Pi g++ and LLVM 21 captured by runner,MLIR 21,042c3041a806d8108c60d0e8a4bd39382af4fdbdb3cc59128872a3f15cf5e903,251cd6d6deb46036daa4b79a841dbd3e826b4a45d4c536d49d0654f83cc969af,81763,48275,,390,128,11,,,231.17010691203177,,12.967957331640632
matmul_bias_relu_latency_row_v1,a7190332cb38049430d2305aef5fb26ff5251971,raspberry-pi5-cortex-a76,cortex-a76,"+neon,+fp-armv8",f32,matmul_bias_relu,m5_n3_k7_f32,fused_scalar,scalar_baseline,train,5,3,7,15,7,240,284,60,0.6976744186046512,True,True,True,0,0,120,scalar,True,False,False,False,0,0,0,1,0,none,5,3,7,0,240,1.0,0,0,0,5,3,7,none,none,none,0,0,0,0,0,512,512,64,1,0.234375,False,8,True,True,True,,,success,True,True,,True,100,20000,519.0,519.0,1.0,500.0,9482.0,c617835e15427abe5a6ae780dac54aedac7bd7a9291f1d8ce04fa9bc0135736e,0,0,3,ondemand,,-O3 -mtriple=aarch64-linux-gnu -mcpu=cortex-a76,Pi g++ and LLVM 21 captured by runner,MLIR 21,15049c31b37b91adc616de3e35e909840c9b031ee8d948b4eee894e7ba306b1b,f5b15bf6a2349b02981ab7bc6afb37eb5f635b3861a4ef19a7e38d3845b8aca5,16442,11486,,140,0,21,,,151.99496294371784,,6.251903883165888
matmul_bias_relu_latency_row_v1,a7190332cb38049430d2305aef5fb26ff5251971,raspberry-pi5-cortex-a76,cortex-a76,"+neon,+fp-armv8",f32,matmul_bias_relu,m5_n3_k7_f32,tiled_vector_materialized_tail,tiled_vector_materialized_tail,train,5,3,7,15,7,240,284,60,0.6976744186046512,True,True,True,0,0,120,tiled_vector,False,True,False,True,8,8,8,4,0,tile_materialized,5,3,7,0,240,1.0,768,2304,1536,5,3,7,none,none,none,1,1,1,0,0,722,932,90,1,1.0,False,10,True,True,True,,,success,True,True,,True,100,20000,611.0,629.0,0.0,592.0,17704.0,6d1fc39b9c2eba2f8f6dcf3090d0503d1a3cd2bebc25ec9ca80ce019d9f7e470,0,0,3,ondemand,,-O3 -mtriple=aarch64-linux-gnu -mcpu=cortex-a76,Pi g++ and LLVM 21 captured by runner,MLIR 21,7f24413ec8c42eebcd626e6a69ff1d5856db3390ae42e3f48db6ad1e2d43f4e7,9ff9a66294de657134be3b7c93056cdab1c504c03ce73fade448daa15e673131,107809,60941,,719,128,45,,,256.5802491735667,,6.415096959171596
matmul_bias_relu_latency_row_v1,a7190332cb38049430d2305aef5fb26ff5251971,raspberry-pi5-cortex-a76,cortex-a76,"+neon,+fp-armv8",f32,matmul_bias_relu,m5_n3_k7_f32,whole_shape_vector_materialized_padding,whole_shape_vector_materialized_padding,train,5,3,7,15,7,240,284,60,0.6976744186046512,True,True,True,0,0,120,whole_shape_vector,False,True,True,False,0,0,0,4,0,whole_shape_materialized,8,8,8,121,1152,4.8,768,768,284,5,3,7,none,none,none,0,0,0,0,0,1536,2560,192,1,0.234375,False,10,True,True,True,,,success,True,True,,True,100,20000,426.0,426.0,0.0,407.0,37111.0,79ab1feaa88d7d63063037fd2a816fdcccb2281a1d0b4884e670345f0df90913,4.47034836e-08,6.47769363e-07,3,ondemand,,-O3 -mtriple=aarch64-linux-gnu -mcpu=cortex-a76,Pi g++ and LLVM 21 captured by runner,MLIR 21,0d64b1b59a37187a4458b8d141dde7abdda13ee778c61459e6be91e43f8f61b7,d6c0bafcfec3a9200f36372635fdd105d95602a5b74a4fc427f30f1992667e8f,74673,53147,,582,128,29,,,194.37373103573918,,6.054439346269371
matmul_bias_relu_latency_row_v1,a7190332cb38049430d2305aef5fb26ff5251971,raspberry-pi5-cortex-a76,cortex-a76,"+neon,+fp-armv8",f32,matmul_bias_relu,m5_n3_k7_f32,whole_shape_vector_no_padding,whole_shape_vector_no_padding,train,5,3,7,15,7,240,284,60,0.6976744186046512,True,True,True,0,0,120,whole_shape_vector,False,True,True,False,0,0,0,4,0,none,5,3,7,0,240,1.0,0,0,0,5,3,7,none,none,none,0,0,0,0,0,722,932,90,1,0.234375,False,10,True,True,True,,,success,True,True,,True,100,20000,74.0,75.0,0.0,55.0,14963.0,c4412c589707d1b7adb8f5fed1b6c30e0dec474618650195f5f9ccced35adb1e,4.47034836e-08,6.47769363e-07,3,ondemand,,-O3 -mtriple=aarch64-linux-gnu -mcpu=cortex-a76,Pi g++ and LLVM 21 captured by runner,MLIR 21,27b52df5a1293e3d32a1d4e72eb4fe90da5067d4e1b414fc16661ac2fcd47551,26466835811a4a0637d4f5b93f6f956ed24ad2bafa29fe10fbf53a5477dfa349,35934,24833,,150,35,2,,,168.87129982933402,,4.30406509320417
matmul_bias_relu_latency_row_v1,a7190332cb38049430d2305aef5fb26ff5251971,raspberry-pi5-cortex-a76,cortex-a76,"+neon,+fp-armv8",f32,matmul_bias_relu,m63_n63_k64_f32,fused_scalar,scalar_baseline,validation,63,63,64,3969,64,515970,48132,15876,8.061023622047244,True,True,True,0,0,31752,scalar,True,False,False,False,0,0,0,1,0,none,63,63,64,0,515970,1.0,0,0,0,7,7,0,none,none,none,0,0,0,0,0,512,512,64,1,3.0,False,8,True,True,True,,,success,True,True,,True,100,2000,973685.0,975517.0,19.0,973647.0,1039203.0000000001,c37546d94e6482e1c0a0f683ab8ff2f36baa9dd429a4f870206d22af076a3ac9,4.76837158e-07,8.60252054e-05,3,ondemand,,-O3 -mtriple=aarch64-linux-gnu -mcpu=cortex-a76,Pi g++ and LLVM 21 captured by runner,MLIR 21,c5156e75e0e96e2d04b6081998e3404fd789ba7089f61e3bc15431741fd42c67,130e9b0dd2fae23e38edc095dd1573909c5b585ab10c9364b4d083cbf3409b58,16418,11517,,140,0,21,,,148.0084559880197,,13.788843121692596
matmul_bias_relu_latency_row_v1,a7190332cb38049430d2305aef5fb26ff5251971,raspberry-pi5-cortex-a76,cortex-a76,"+neon,+fp-armv8",f32,matmul_bias_relu,m63_n63_k64_f32,tiled_vector_materialized_tail,tiled_vector_materialized_tail,validation,63,63,64,3969,64,515970,48132,15876,8.061023622047244,True,True,True,0,0,31752,tiled_vector,False,True,False,True,8,8,8,4,392,tile_materialized,63,63,64,0,515970,1.0,768,98304,65536,7,7,0,none,none,none,64,64,0,0,0,508544,1016576,63568,512,1.0,False,10,True,True,True,,,success,True,True,,True,100,2000,199074.0,200296.0,56.0,198537.0,216870.0,4e06861681fc9c7a8bdb09066424464a794e3287cf682863a5ed554ff482e7d0,0,0,3,ondemand,,-O3 -mtriple=aarch64-linux-gnu -mcpu=cortex-a76,Pi g++ and LLVM 21 captured by runner,MLIR 21,896667c8d16035cc2e7334a41f8ad4927022bd5171b0c722348aa7c75018b826,06d229eb87cb4fc939654505190930e8067f2c6853264eb71da7aef6ad1f6e6c,114969,66841,,722,128,53,,,267.51792686991394,,12.20143189388058
matmul_bias_relu_latency_row_v1,a7190332cb38049430d2305aef5fb26ff5251971,raspberry-pi5-cortex-a76,cortex-a76,"+neon,+fp-armv8",f32,matmul_bias_relu,m63_n65_k96_f32,fused_scalar,scalar_baseline,train,63,65,96,4095,96,794430,65532,16380,9.698578962789336,True,True,True,0,0,32760,scalar,True,False,False,False,0,0,0,1,0,none,63,65,96,0,794430,1.0,0,0,0,7,1,0,none,none,none,0,0,0,0,0,512,512,64,1,3.0,False,8,True,True,True,,,success,True,True,,True,100,2000,1497479.0,1499516.0,37.0,1497423.0,1592868.0,2204c400accea5518b8d13b757761bf6b3a069cfc0a987c1c0aaecea88089fcf,7.15255737e-07,0.000379746835,3,ondemand,,-O3 -mtriple=aarch64-linux-gnu -mcpu=cortex-a76,Pi g++ and LLVM 21 captured by runner,MLIR 21,2af89bbf4c2d3d47b374f6411d2079db06e044a63e9cc644b76c5d0850a646ab,5d1d678769b584577d899a7d729d660f0f63fb4453359f4093f322558726289f,16467,11517,,140,0,21,,,140.86569217033684,,14.219293585501125
matmul_bias_relu_latency_row_v1,a7190332cb38049430d2305aef5fb26ff5251971,raspberry-pi5-cortex-a76,cortex-a76,"+neon,+fp-armv8",f32,matmul_bias_relu,m63_n65_k96_f32,tiled_vector_materialized_tail,tiled_vector_materialized_tail,train,63,65,96,4095,96,794430,65532,16380,9.698578962789336,True,True,True,0,0,32760,tiled_vector,False,True,False,True,8,8,8,4,672,tile_materialized,63,65,96,0,794430,1.0,768,156672,104448,7,1,0,none,none,none,108,96,0,0,0,786752,1572992,98344,864,1.0,False,10,True,True,True,,,success,True,True,,True,100,2000,311221.0,312944.0,73.0,310963.0,343184.0,70ee95bc233f7b3abfd348912adc76a9305b4c962378edce24aebb325ba12eaa,0,0,3,ondemand,,-O3 -mtriple=aarch64-linux-gnu -mcpu=cortex-a76,Pi g++ and LLVM 21 captured by runner,MLIR 21,6348e72e80780f8f5dc72f1560d5559c7bef9cc7337a5ff4d85f738b1df225d9,07250c8c74c8c12be18bc243062c966d1b986e81055ef830a497802d6acf7585,115020,66841,,729,128,53,,,260.1440688595176,,12.648258549729446
matmul_bias_relu_latency_row_v1,a7190332cb38049430d2305aef5fb26ff5251971,raspberry-pi5-cortex-a76,cortex-a76,"+neon,+fp-armv8",f32,matmul_bias_relu,m64_n16_k65_f32,fused_scalar,scalar_baseline,validation,64,16,65,1024,65,135168,24896,4096,4.662251655629139,True,True,True,0,0,8192,scalar,True,False,False,False,0,0,0,1,0,none,64,16,65,0,135168,1.0,0,0,0,0,0,1,none,none,none,0,0,0,0,0,512,512,64,1,3.0,False,8,True,True,True,,,success,True,True,,True,100,2000,255185.0,256666.0,18.0,255129.0,289537.0,cf0d50491a2aa78225935d60ad07be5bf5df4f014f58f93259955ad84a61cc24,4.76837158e-07,5.81172341e-05,3,ondemand,,-O3 -mtriple=aarch64-linux-gnu -mcpu=cortex-a76,Pi g++ and LLVM 21 captured by runner,MLIR 21,7dab4f481bc7fe7e9e3b257aa0790a7e054b8c597c3b997907473bf5663e8ba8,af545a9fb164964b00ae12c34b35b8e56216739f9e9f3fc41a70a009291fa767,16467,11515,,139,0,21,,,182.3444168549031,,12.449744051295845
matmul_bias_relu_latency_row_v1,a7190332cb38049430d2305aef5fb26ff5251971,raspberry-pi5-cortex-a76,cortex-a76,"+neon,+fp-armv8",f32,matmul_bias_relu,m64_n16_k65_f32,tiled_vector_direct_k,tiled_vector_direct_cleanup,validation,64,16,65,1024,65,135168,24896,4096,4.662251655629139,True,True,True,0,0,8192,tiled_vector,False,True,False,True,8,8,8,4,128,none,64,16,65,0,135168,1.0,0,0,0,0,0,1,none,none,direct_vector_cleanup,0,0,16,2048,0,133632,266752,16704,144,1.0,False,10,True,True,True,,,success,True,True,,True,100,2000,4592.0,4593.0,1.0,4555.0,10611.0,6d660efc7aeb4169bf150c38f7d92f21fa2f711e2e4644971b4a7aabaf5a67e4,0,0,3,ondemand,,-O3 -mtriple=aarch64-linux-gnu -mcpu=cortex-a76,Pi g++ and LLVM 21 captured by runner,MLIR 21,ff1a401672e25fa0ad6b50ac42c95e96a90e514038bc6277b74e6547ad95d16b,0b89bbf1181c5306cd48c09515077a1b9dd004c44d886efe5f73c241dd5abc24,65002,42222,,363,144,11,,,194.1397979389876,,8.432070937999402
matmul_bias_relu_latency_row_v1,a7190332cb38049430d2305aef5fb26ff5251971,raspberry-pi5-cortex-a76,cortex-a76,"+neon,+fp-armv8",f32,matmul_bias_relu,m64_n16_k65_f32,tiled_vector_materialized_tail,tiled_vector_materialized_tail,validation,64,16,65,1024,65,135168,24896,4096,4.662251655629139,True,True,True,0,0,8192,tiled_vector,False,True,False,True,8,8,8,4,128,tile_materialized,64,16,65,0,135168,1.0,768,12288,8192,0,0,1,none,none,none,0,0,16,0,0,133632,266752,16704,144,1.0,False,10,True,True,True,,,success,True,True,,True,100,2000,28944.0,28963.0,1.0,28925.0,32259.999999999996,1929d3cef9a1fc67c3f719a2e267e397282b1f751a741225cc5e20398d92e91a,0,0,3,ondemand,,-O3 -mtriple=aarch64-linux-gnu -mcpu=cortex-a76,Pi g++ and LLVM 21 captured by runner,MLIR 21,e4dad11408e4cc3d186dd520f92671db50ac6cf4a5fca94948e2e11039d4351b,642055b2704ac0ca1dcfbf2d56d3fcc40dd9b07951120751b53e90b44090485e,106082,61238,,459,128,20,,,241.95651500485837,,10.273118207635076
matmul_bias_relu_latency_row_v1,a7190332cb38049430d2305aef5fb26ff5251971,raspberry-pi5-cortex-a76,cortex-a76,"+neon,+fp-armv8",f32,matmul_bias_relu,m64_n32_k31_f32,fused_scalar,scalar_baseline,train,64,32,31,2048,31,131072,20096,8192,4.633484162895928,True,True,True,0,0,16384,scalar,True,False,False,False,0,0,0,1,0,none,64,32,31,0,131072,1.0,0,0,0,0,0,7,none,none,none,0,0,0,0,0,512,512,64,1,3.0,False,8,True,True,True,,,success,True,True,,True,100,2000,248166.0,249629.0,18.0,248147.0,280092.0,be1fd0d1df63e6780213b586838995f96cb359c4e786ab24cf4ae5014118b19d,2.38418579e-07,0.000113058225,3,ondemand,,-O3 -mtriple=aarch64-linux-gnu -mcpu=cortex-a76,Pi g++ and LLVM 21 captured by runner,MLIR 21,70284db7bdda789b70edcab61f44e77c1fb9d23caae0210bbed8416ecc3caf69,a611f423156399691316228a08a2b40f03b9922d9b569818b2298391ce0768ab,16467,11515,,139,0,21,,,156.79958811961114,,12.421853156067794
matmul_bias_relu_latency_row_v1,a7190332cb38049430d2305aef5fb26ff5251971,raspberry-pi5-cortex-a76,cortex-a76,"+neon,+fp-armv8",f32,matmul_bias_relu,m64_n32_k31_f32,tiled_vector_direct_k,tiled_vector_direct_cleanup,train,64,32,31,2048,31,131072,20096,8192,4.633484162895928,True,True,True,0,0,16384,tiled_vector,False,True,False,True,8,8,8,4,96,none,64,32,31,0,131072,1.0,0,0,0,0,0,7,none,none,direct_vector_cleanup,0,0,32,28672,0,127488,254464,15936,128,1.0,False,10,True,True,True,,,success,True,True,,True,100,2000,15815.0,15834.0,18.0,15796.000000000002,20741.0,65d41c76afa36aac19bc1a0ad16a622e2842d7efe96500f6961a3beda42d2c71,0,0,3,ondemand,,-O3 -mtriple=aarch64-linux-gnu -mcpu=cortex-a76,Pi g++ and LLVM 21 captured by runner,MLIR 21,825297b121be532150fe74d751e47da2ca6a9558a2f41fb4c8221cbe23d32195,db026035aec1a7461d11ef19102f543d55d901a00596be06dbffbeba16270b28,65493,42694,,369,144,13,,,194.5864639710635,,9.66871413573975
matmul_bias_relu_latency_row_v1,a7190332cb38049430d2305aef5fb26ff5251971,raspberry-pi5-cortex-a76,cortex-a76,"+neon,+fp-armv8",f32,matmul_bias_relu,m64_n32_k31_f32,tiled_vector_materialized_tail,tiled_vector_materialized_tail,train,64,32,31,2048,31,131072,20096,8192,4.633484162895928,True,True,True,0,0,16384,tiled_vector,False,True,False,True,8,8,8,4,96,tile_materialized,64,32,31,0,131072,1.0,768,24576,16384,0,0,7,none,none,none,0,0,32,0,0,127488,254464,15936,128,1.0,False,10,True,True,True,,,success,True,True,,True,100,2000,27166.0,27167.0,1.0,27129.0,36260.0,b4cade716ebf46ae83f09210a64aa26232b35eadb7dde2474b31a13eff0716fb,0,0,3,ondemand,,-O3 -mtriple=aarch64-linux-gnu -mcpu=cortex-a76,Pi g++ and LLVM 21 captured by runner,MLIR 21,bb7e916e1190db71157647cdff3acc54eeccff76cbc79bfcead75b368ae2ebe7,3e10dec64b834278f9ad58bb1d2b1ccb51082e49b0ad655281c6f3eef57ababf,106815,61583,,465,128,22,,,250.96157705411315,,10.209721470382435
matmul_bias_relu_latency_row_v1,a7190332cb38049430d2305aef5fb26ff5251971,raspberry-pi5-cortex-a76,cortex-a76,"+neon,+fp-armv8",f32,matmul_bias_relu,m64_n32_k513_f32,fused_scalar,scalar_baseline,train,64,32,513,2048,513,2105344,205184,8192,9.866826634673066,True,True,True,0,0,16384,scalar,True,False,False,False,0,0,0,1,0,none,64,32,513,0,2105344,1.0,0,0,0,0,0,1,none,none,none,0,0,0,0,0,512,512,64,1,3.0,False,8,True,True,True,,,success,True,True,,True,100,500,3965346.0,3966550.0,111.0,3963623.0,4030160.0000000005,160f3b9a9046c6184597329b475c83fea54bf469762727135a860cba46b77fed,1.43051147e-06,0.000137685376,3,ondemand,,-O3 -mtriple=aarch64-linux-gnu -mcpu=cortex-a76,Pi g++ and LLVM 21 captured by runner,MLIR 21,b1633e031c0bd5383daa4be8a180510ddd394df89bbb09564e8edb1fc8d94dc7,a8f0de8ee6aad413317bfcf216c4f85de8379e3a84a173c6904e4a6d1712c115,16471,11519,,139,0,21,,,152.95249479822814,,15.193103672799959
matmul_bias_relu_latency_row_v1,a7190332cb38049430d2305aef5fb26ff5251971,raspberry-pi5-cortex-a76,cortex-a76,"+neon,+fp-armv8",f32,matmul_bias_relu,m64_n32_k513_f32,tiled_vector_direct_k,tiled_vector_direct_cleanup,train,64,32,513,2048,513,2105344,205184,8192,9.866826634673066,True,True,True,0,0,16384,tiled_vector,False,True,False,True,8,8,8,4,2048,none,64,32,513,0,2105344,1.0,0,0,0,0,0,1,none,none,direct_vector_cleanup,0,0,32,4096,0,2101760,4203008,262720,2080,1.0,False,10,True,True,True,,,success,True,True,,True,100,500,72482.0,72759.0,94.0,72092.0,76611.0,8162dcb8ff1da0908242f8663f183e0380c8ffe83a0e749668073ceac30c58dd,0,0,3,ondemand,,-O3 -mtriple=aarch64-linux-gnu -mcpu=cortex-a76,Pi g++ and LLVM 21 captured by runner,MLIR 21,1316c6a9e83e856772c4ce1c9619a73d2c1d6fb41b3db26d4a872b5b23baa7da,1dcde4afe6bd24677ae439d6b379d1c11e7849f79599193ab1c107efc1ebf23e,65064,42237,,391,144,11,,,182.39478790201247,,11.191093534155144
matmul_bias_relu_latency_row_v1,a7190332cb38049430d2305aef5fb26ff5251971,raspberry-pi5-cortex-a76,cortex-a76,"+neon,+fp-armv8",f32,matmul_bias_relu,m64_n32_k513_f32,tiled_vector_materialized_tail,tiled_vector_materialized_tail,train,64,32,513,2048,513,2105344,205184,8192,9.866826634673066,True,True,True,0,0,16384,tiled_vector,False,True,False,True,8,8,8,4,2048,tile_materialized,64,32,513,0,2105344,1.0,768,24576,16384,0,0,1,none,none,none,0,0,32,0,0,2101760,4203008,262720,2080,1.0,False,10,True,True,True,,,success,True,True,,True,100,500,423870.0,425610.0,166.0,423536.0,468777.0,b190a9b8c6e4c7881d97ce2d3acdce4a4afeedf87f843fa869d38cff9c4135ab,0,0,3,ondemand,,-O3 -mtriple=aarch64-linux-gnu -mcpu=cortex-a76,Pi g++ and LLVM 21 captured by runner,MLIR 21,7c3361cb9ace4fa2999c3093598b920c84b095206ca0d1342a5102fda479798f,25e8c3d563ea85e66cfffff252fd0c80d98c7f824e96d05aa99c0c7ec82e4459,106820,61590,,465,128,22,,,235.4746840428561,,12.957182083427963
matmul_bias_relu_latency_row_v1,a7190332cb38049430d2305aef5fb26ff5251971,raspberry-pi5-cortex-a76,cortex-a76,"+neon,+fp-armv8",f32,matmul_bias_relu,m64_n64_k128_f32,fused_scalar,scalar_baseline,train,64,64,128,4096,128,1056768,81920,16384,10.75,True,True,True,0,0,32768,scalar,True,False,False,False,0,0,0,1,0,none,64,64,128,0,1056768,1.0,0,0,0,0,0,0,none,none,none,0,0,0,0,0,512,512,64,1,3.0,False,8,True,True,True,,,success,True,True,,True,100,2000,1992887.0,1993609.0,1426.0,1991275.0,2067461.0000000002,1185fe27dfc6913e9807751b5d2050b9ef936a56183285e4ae11ee622f3efb71,9.53674316e-07,8.33272574e-05,3,ondemand,,-O3 -mtriple=aarch64-linux-gnu -mcpu=cortex-a76,Pi g++ and LLVM 21 captured by runner,MLIR 21,3c75518b8551b4a36be030f2af98d83a4c140d7ccf224ce6b6ab47056263669e,3c05345e720e722833e17884ef436f0961bcfb86e1d175451c92f18d3ee1f6aa,16422,11521,,139,0,21,,,147.28233311325312,,14.505094899142959
matmul_bias_relu_latency_row_v1,a7190332cb38049430d2305aef5fb26ff5251971,raspberry-pi5-cortex-a76,cortex-a76,"+neon,+fp-armv8",f32,matmul_bias_relu,m64_n64_k128_f32,tiled_vector_full_tiles,tiled_vector_full_tiles,train,64,64,128,4096,128,1056768,81920,16384,10.75,True,True,True,0,0,32768,tiled_vector,False,True,False,True,8,8,8,4,1024,none,64,64,128,0,1056768,1.0,0,0,0,0,0,0,none,none,none,0,0,0,0,0,1049088,2097664,131136,1024,1.0,False,10,True,True,True,,,success,True,True,,True,100,2000,38463.0,38629.0,56.0,38185.0,42445.0,0aafeec555dcaa35cdbe59129f319c1c905f5ecb1f8e6eaf1de23243319ad5b0,0,0,3,ondemand,,-O3 -mtriple=aarch64-linux-gnu -mcpu=cortex-a76,Pi g++ and LLVM 21 captured by runner,MLIR 21,efc0a71010cfb81f903261e1d91ff6a82616f2abbcf3f41a9c447fb72e6b99d2,15e1c4ded4a6a81a6aa92ced1382c3e582890d0bc2ab0e456b78c27500ee0800,81651,48225,,370,128,11,,,220.83891602233052,,10.557452019220811
matmul_bias_relu_latency_row_v1,a7190332cb38049430d2305aef5fb26ff5251971,raspberry-pi5-cortex-a76,cortex-a76,"+neon,+fp-armv8",f32,matmul_bias_relu,m64_n64_k63_f32,fused_scalar,scalar_baseline,heldout,64,64,63,4096,63,524288,48640,16384,8.062992125984252,True,True,True,0,0,32768,scalar,True,False,False,False,0,0,0,1,0,none,64,64,63,0,524288,1.0,0,0,0,0,0,7,none,none,none,0,0,0,0,0,512,512,64,1,3.0,False,8,True,True,True,,,success,True,True,,True,100,2000,989258.0,991091.0,19.0,989184.0,1054999.0,1aa6fb5dd6cec5c5fd6798080ec4c2890c8cecdb4b83113ce01d0dade5ecf8c9,5.96046448e-07,0.00032905561,3,ondemand,,-O3 -mtriple=aarch64-linux-gnu -mcpu=cortex-a76,Pi g++ and LLVM 21 captured by runner,MLIR 21,48f0a795ca6bc74e1b81f9f40b5f1daf998146a7e33be122063eb6129a5ddaec,c0aa3b01df4a59fcc30078b6d90f69dfbcce3d791cecca215cc5405f1d83d0e1,16418,11517,,139,0,21,,,175.69381091743708,,13.804710446149517
matmul_bias_relu_latency_row_v1,a7190332cb38049430d2305aef5fb26ff5251971,raspberry-pi5-cortex-a76,cortex-a76,"+neon,+fp-armv8",f32,matmul_bias_relu,m64_n64_k63_f32,tiled_vector_direct_k,tiled_vector_direct_cleanup,heldout,64,64,63,4096,63,524288,48640,16384,8.062992125984252,True,True,True,0,0,32768,tiled_vector,False,True,False,True,8,8,8,4,448,none,64,64,63,0,524288,1.0,0,0,0,0,0,7,none,none,direct_vector_cleanup,0,0,64,57344,0,516608,1032704,64576,512,1.0,False,10,True,True,True,,,success,True,True,,True,100,2000,38296.0,38352.0,19.0,38166.0,59593.0,a6ea6a9be314a6a7f4eaa03f619823debf2e13c8908aa1a7194821c86e2a36f7,0,0,3,ondemand,,-O3 -mtriple=aarch64-linux-gnu -mcpu=cortex-a76,Pi g++ and LLVM 21 captured by runner,MLIR 21,1e13d62be5aeb75d17f2372cb2bb4fee06b7ff7dc00eed42ba57ee26a0caecab,b2d5a9c62d711403e411e8bb5b0b68c10f6fd3130ead67ef089b244db4f73a36,65444,42695,,372,144,13,,,183.6359309963882,,10.553100731072345
matmul_bias_relu_latency_row_v1,a7190332cb38049430d2305aef5fb26ff5251971,raspberry-pi5-cortex-a76,cortex-a76,"+neon,+fp-armv8",f32,matmul_bias_relu,m64_n64_k63_f32,tiled_vector_materialized_tail,tiled_vector_materialized_tail,heldout,64,64,63,4096,63,524288,48640,16384,8.062992125984252,True,True,True,0,0,32768,tiled_vector,False,True,False,True,8,8,8,4,448,tile_materialized,64,64,63,0,524288,1.0,768,49152,32768,0,0,7,none,none,none,0,0,64,0,0,516608,1032704,64576,512,1.0,False,10,True,True,True,,,success,True,True,,True,100,2000,107666.0,136055.0,240.0,107352.0,148648.0,f14345c6722803de41b8231ba5e03abe193b216f124880fc2dd405ac244e30c0,0,0,3,ondemand,,-O3 -mtriple=aarch64-linux-gnu -mcpu=cortex-a76,Pi g++ and LLVM 21 captured by runner,MLIR 21,40a7c1717a9732e71189b7288aa47c8212519be1263bf8cebec9413be8ad5f85,cbb01f20f329fa5927c00d1bf2883a53ba388f36ea6352746bf67410212af4d5,106764,61597,,480,128,22,,,236.4383249077946,,11.58678912156705
matmul_bias_relu_latency_row_v1,a7190332cb38049430d2305aef5fb26ff5251971,raspberry-pi5-cortex-a76,cortex-a76,"+neon,+fp-armv8",f32,matmul_bias_relu,m64_n64_k64_f32,fused_scalar,scalar_baseline,train,64,64,64,4096,64,532480,49152,16384,8.125,True,True,True,0,0,32768,scalar,True,False,False,False,0,0,0,1,0,none,64,64,64,0,532480,1.0,0,0,0,0,0,0,none,none,none,0,0,0,0,0,512,512,64,1,3.0,False,8,True,True,True,,,success,True,True,,True,100,2000,1004628.0000000001,1006462.0,18.0,1004572.9999999999,1072240.0,a2ea35b50ecb449a818a9cdc115ad965c64d4da10379c0fee223cc78f806027a,4.76837158e-07,0.000137605211,3,ondemand,,-O3 -mtriple=aarch64-linux-gnu -mcpu=cortex-a76,Pi g++ and LLVM 21 captured by runner,MLIR 21,522be9dd6b1c6762ee804b61bfa6d707fd88c9a35d62f856501d05183b755a5b,6b1e3d80ce1ff6fda569190f4c1499aae6c1ffeea65675263846168857a91adc,16369,11517,,139,0,21,,,143.31941888667643,,13.820127881699438
matmul_bias_relu_latency_row_v1,a7190332cb38049430d2305aef5fb26ff5251971,raspberry-pi5-cortex-a76,cortex-a76,"+neon,+fp-armv8",f32,matmul_bias_relu,m64_n64_k64_f32,tiled_vector_full_tiles,tiled_vector_full_tiles,train,64,64,64,4096,64,532480,49152,16384,8.125,True,True,True,0,0,32768,tiled_vector,False,True,False,True,8,8,8,4,512,none,64,64,64,0,532480,1.0,0,0,0,0,0,0,none,none,none,0,0,0,0,0,524800,1049088,65600,512,1.0,False,10,True,True,True,,,success,True,True,,True,100,2000,19704.0,19796.0,19.0,19574.0,41833.0,d9ed9eea71c82e793bf664de70b5dabf4579acd7dfae21ef3638011f25e4c0bc,0,0,3,ondemand,,-O3 -mtriple=aarch64-linux-gnu -mcpu=cortex-a76,Pi g++ and LLVM 21 captured by runner,MLIR 21,c164e488cc44f96ac4cfb3fb2d2bf876ee24890c434afe7420cdcb58292e9882,7b7709cdcc40abc0d574a5b9ba451877e28651bea9baf03b23a46f92ca59f2e9,81588,48213,,370,128,11,,,269.69496509991586,,9.888576939800373
matmul_bias_relu_latency_row_v1,a7190332cb38049430d2305aef5fb26ff5251971,raspberry-pi5-cortex-a76,cortex-a76,"+neon,+fp-armv8",f32,matmul_bias_relu,m64_n64_k65_f32,fused_scalar,scalar_baseline,train,64,64,65,4096,65,540672,49664,16384,8.186046511627907,True,True,True,0,0,32768,scalar,True,False,False,False,0,0,0,1,0,none,64,64,65,0,540672,1.0,0,0,0,0,0,1,none,none,none,0,0,0,0,0,512,512,64,1,3.0,False,8,True,True,True,,,success,True,True,,True,100,2000,1020165.0,1021999.0000000001,36.0,1020072.0000000001,1086961.0,33b2514b10181a1debf28f38db7453e3422ee9f7f2de53448f149ea72c1fa575,4.76837158e-07,0.000527983105,3,ondemand,,-O3 -mtriple=aarch64-linux-gnu -mcpu=cortex-a76,Pi g++ and LLVM 21 captured by runner,MLIR 21,cab89fd5dd8d1ffc51b5b4b4d58ffbf80820b24f931aba1ffdf09cd10a9b604e,15d6bba293b2f91a4db6c3959aef25e37a38dabbdfd42ea02dc75c621c1a8018,16418,11517,,139,0,21,,,148.00214394927025,,13.835474936883838
matmul_bias_relu_latency_row_v1,a7190332cb38049430d2305aef5fb26ff5251971,raspberry-pi5-cortex-a76,cortex-a76,"+neon,+fp-armv8",f32,matmul_bias_relu,m64_n64_k65_f32,tiled_vector_direct_k,tiled_vector_direct_cleanup,train,64,64,65,4096,65,540672,49664,16384,8.186046511627907,True,True,True,0,0,32768,tiled_vector,False,True,False,True,8,8,8,4,512,none,64,64,65,0,540672,1.0,0,0,0,0,0,1,none,none,direct_vector_cleanup,0,0,64,8192,0,532992,1065472,66624,576,1.0,False,10,True,True,True,,,success,True,True,,True,100,2000,18111.0,18130.0,18.0,18055.0,40333.0,e6f15d5ce18db5a9ec0929d18ee89d20ff5a060a8e02a7d54693304894d59d5c,0,0,3,ondemand,,-O3 -mtriple=aarch64-linux-gnu -mcpu=cortex-a76,Pi g++ and LLVM 21 captured by runner,MLIR 21,58200915d20543696c24d186734bee0448c2424aee3f308b009272cc90bdec9c,09a8ec9d900e04295705e1c2ed047906ca55fe71b21324e04a9c87a2f44b27be,64953,42223,,367,144,11,,,213.8449631165713,,9.804274767464536
matmul_bias_relu_latency_row_v1,a7190332cb38049430d2305aef5fb26ff5251971,raspberry-pi5-cortex-a76,cortex-a76,"+neon,+fp-armv8",f32,matmul_bias_relu,m64_n64_k65_f32,tiled_vector_materialized_tail,tiled_vector_materialized_tail,train,64,64,65,4096,65,540672,49664,16384,8.186046511627907,True,True,True,0,0,32768,tiled_vector,False,True,False,True,8,8,8,4,512,tile_materialized,64,64,65,0,540672,1.0,768,49152,32768,0,0,1,none,none,none,0,0,64,0,0,532992,1065472,66624,576,1.0,False,10,True,True,True,,,success,True,True,,True,100,2000,117389.0,117445.0,19.0,117296.0,125445.0,3f2c98b1e737665975f6cac9f579ff0786dce3c9a520de95e3424480d8d53032,0,0,3,ondemand,,-O3 -mtriple=aarch64-linux-gnu -mcpu=cortex-a76,Pi g++ and LLVM 21 captured by runner,MLIR 21,79abcea519ffc0046ce439ca6707e7da135467e5ac0384e71d19f3e4eca96b30,c707644a7a671f83d18bd69ab90f03d79e6b552693ef187a55337e093bc56a08,106764,61597,,480,128,22,,,255.51808113232255,,11.673248485223114
matmul_bias_relu_latency_row_v1,a7190332cb38049430d2305aef5fb26ff5251971,raspberry-pi5-cortex-a76,cortex-a76,"+neon,+fp-armv8",f32,matmul_bias_relu,m65_n63_k96_f32,fused_scalar,scalar_baseline,train,65,63,96,4095,96,794430,65532,16380,9.698578962789336,True,True,True,0,0,32760,scalar,True,False,False,False,0,0,0,1,0,none,65,63,96,0,794430,1.0,0,0,0,1,7,0,none,none,none,0,0,0,0,0,512,512,64,1,3.0,False,8,True,True,True,,,success,True,True,,True,100,2000,1497424.0,1499349.0,19.0,1497368.0,1562738.0,e43dcc4e439266025232cad5befcd1a46593040dec0626c35f0c2bc72b968e40,5.96046448e-07,0.000351679269,3,ondemand,,-O3 -mtriple=aarch64-linux-gnu -mcpu=cortex-a76,Pi g++ and LLVM 21 captured by runner,MLIR 21,4051d6a5d91ab1f7db97c76425df7279d1f8d1ad98748413c5f1db3f0fd00dee,6801e7af0f20db23e39f57021e845f7245d07e278a8c1b7bf2222c925d0545ff,16467,11517,,140,0,21,,,150.89964191429317,,14.219256856431766
matmul_bias_relu_latency_row_v1,a7190332cb38049430d2305aef5fb26ff5251971,raspberry-pi5-cortex-a76,cortex-a76,"+neon,+fp-armv8",f32,matmul_bias_relu,m65_n63_k96_f32,tiled_vector_materialized_tail,tiled_vector_materialized_tail,train,65,63,96,4095,96,794430,65532,16380,9.698578962789336,True,True,True,0,0,32760,tiled_vector,False,True,False,True,8,8,8,4,672,tile_materialized,65,63,96,0,794430,1.0,768,156672,104448,1,7,0,none,none,none,96,108,0,0,0,786752,1572992,98344,864,1.0,False,10,True,True,True,,,success,True,True,,True,100,2000,311481.0,313222.0,74.0,311074.0,333463.0,1e4bbb63d223136ae70b888efa2e07f2ac1004963eb921d00467a9630f88eea7,0,0,3,ondemand,,-O3 -mtriple=aarch64-linux-gnu -mcpu=cortex-a76,Pi g++ and LLVM 21 captured by runner,MLIR 21,1873bb4885d2d8454583dc6108a5cf3166ee483026d0cf89df7b45ce3d5f9555,21f46de52a720bda7faf2f567079657fc7c4170b29e401cc03a35789e88d7e58,115020,66841,,724,128,53,,,285.24038405157626,,12.649093620164772
matmul_bias_relu_latency_row_v1,a7190332cb38049430d2305aef5fb26ff5251971,raspberry-pi5-cortex-a76,cortex-a76,"+neon,+fp-armv8",f32,matmul_bias_relu,m65_n65_k64_f32,fused_scalar,scalar_baseline,train,65,65,64,4225,64,549250,50180,16900,8.187984496124031,True,True,True,0,0,33800,scalar,True,False,False,False,0,0,0,1,0,none,65,65,64,0,549250,1.0,0,0,0,1,1,0,none,none,none,0,0,0,0,0,512,512,64,1,3.0,False,8,True,True,True,,,success,True,True,,True,100,2000,1036424.9999999999,1038295.0,19.0,1036369.0000000001,1100721.0,33dc6246c35026c4b88bf33aea74a299e68e13b7db6a65c9905e2693fdc5f16c,4.76837158e-07,0.000133596072,3,ondemand,,-O3 -mtriple=aarch64-linux-gnu -mcpu=cortex-a76,Pi g++ and LLVM 21 captured by runner,MLIR 21,ba6bf27acf8c87a947417fb5846e043a7518b04f2f6b21dbb6f8d95bb920d6f6,7fd7a4e2af4dfb77058222ff2c039fcb6e9e681a8ed2a73638b9c5627d532db6,16418,11517,,140,0,21,,,149.18267400935292,,13.851287849339794
matmul_bias_relu_latency_row_v1,a7190332cb38049430d2305aef5fb26ff5251971,raspberry-pi5-cortex-a76,cortex-a76,"+neon,+fp-armv8",f32,matmul_bias_relu,m65_n65_k64_f32,tiled_vector_materialized_tail,tiled_vector_materialized_tail,train,65,65,64,4225,64,549250,50180,16900,8.187984496124031,True,True,True,0,0,33800,tiled_vector,False,True,False,True,8,8,8,4,512,tile_materialized,65,65,64,0,549250,1.0,768,110592,73728,1,1,0,none,none,none,72,72,0,0,0,541312,1082112,67664,648,1.0,False,10,True,True,True,,,success,True,True,,True,100,2000,236815.0,238426.0,110.0,236537.0,270926.0,d37237cc0a73ec44204cdff0f8bfdfa107ae50c0aab3b8d2bf59fa699da329ae,0,0,3,ondemand,,-O3 -mtriple=aarch64-linux-gnu -mcpu=cortex-a76,Pi g++ and LLVM 21 captured by runner,MLIR 21,6d219c4216c2fb69b89519cbf6f1c002e3bd2fecd4a48ee555ab1427fa21c0cc,ca170bd040aa0328bb596de7a442c8faadb46fce16b3f2373279fd1ed46b38cd,114969,66841,,727,128,53,,,262.8469471819699,,12.375034524580398
matmul_bias_relu_latency_row_v1,a7190332cb38049430d2305aef5fb26ff5251971,raspberry-pi5-cortex-a76,cortex-a76,"+neon,+fp-armv8",f32,matmul_bias_relu,m7_n7_k7_f32,fused_scalar,scalar_baseline,heldout,7,7,7,49,7,784,588,196,1.0,True,True,True,0,0,392,scalar,True,False,False,False,0,0,0,1,0,none,7,7,7,0,784,1.0,0,0,0,7,7,7,none,none,none,0,0,0,0,0,512,512,64,1,0.765625,False,8,True,True,True,,,success,True,True,,True,100,20000,1556.0,1574.0,1.0,1555.0,22444.0,a7f7dd5f4b70fe97a18f1e86a304dfe287e2d79cc3246be327d5ee02d26c7c64,5.96046448e-08,1.59097598e-06,3,ondemand,,-O3 -mtriple=aarch64-linux-gnu -mcpu=cortex-a76,Pi g++ and LLVM 21 captured by runner,MLIR 21,8ff65e320f44b392581834780dcd5f0698bda331a1d713a95263ef6a22e207bb,7b531041d2fb17c0d8dfb72d5b3e5eda7fb5391847d02818b701840700bd15b9,16346,11486,,140,0,21,,,156.22302307747304,,7.349873704738337
matmul_bias_relu_latency_row_v1,a7190332cb38049430d2305aef5fb26ff5251971,raspberry-pi5-cortex-a76,cortex-a76,"+neon,+fp-armv8",f32,matmul_bias_relu,m7_n7_k7_f32,tiled_vector_materialized_tail,tiled_vector_materialized_tail,heldout,7,7,7,49,7,784,588,196,1.0,True,True,True,0,0,392,tiled_vector,False,True,False,True,8,8,8,4,0,tile_materialized,7,7,7,0,784,1.0,768,2304,1536,7,7,7,none,none,none,1,1,1,0,0,1198,1884,149,1,1.0,False,10,True,True,True,,,success,True,True,,True,100,20000,778.0,796.0,1.0,759.0,11315.0,3a1d89b7610d9ecde10c6461aa271b978c2dc1b811779f6e6c91011d3306e3e0,0,0,3,ondemand,,-O3 -mtriple=aarch64-linux-gnu -mcpu=cortex-a76,Pi g++ and LLVM 21 captured by runner,MLIR 21,4d6d398f088a4331a509a178b20e8c3b2b7b5281c3c5586f58f0133e4f564ccd,62cc1f95cdb18b06bb71c2bdbdc7d0b4fcfeee1fdc22e91681ecf37ab9bb005d,109363,61587,,705,128,45,,,245.7819920964539,,6.656726524178391
matmul_bias_relu_latency_row_v1,a7190332cb38049430d2305aef5fb26ff5251971,raspberry-pi5-cortex-a76,cortex-a76,"+neon,+fp-armv8",f32,matmul_bias_relu,m7_n7_k7_f32,whole_shape_vector_materialized_padding,whole_shape_vector_materialized_padding,heldout,7,7,7,49,7,784,588,196,1.0,True,True,True,0,0,392,whole_shape_vector,False,True,True,False,0,0,0,4,0,whole_shape_materialized,8,8,8,45,1152,1.469387755102041,768,768,588,7,7,7,none,none,none,0,0,0,0,0,1536,2560,192,1,0.765625,False,10,True,True,True,,,success,True,True,,True,100,20000,482.0,500.0,1.0,462.0,11259.0,42f8a142d9f97a303fcb851662c66bc751930962aecf37b9962471fb73eff349,5.96046448e-08,7.95487992e-07,3,ondemand,,-O3 -mtriple=aarch64-linux-gnu -mcpu=cortex-a76,Pi g++ and LLVM 21 captured by runner,MLIR 21,01abc638e5a177c30881781419c0fd241e3b99b028f7de1c2ce68a50455ca68f,a56a9e5fa0716685a866f3f4760b123c3039ca1de03c75587958a67d1305eefe,74673,53147,,578,128,29,,,198.0146870482713,,6.1779441140506
matmul_bias_relu_latency_row_v1,a7190332cb38049430d2305aef5fb26ff5251971,raspberry-pi5-cortex-a76,cortex-a76,"+neon,+fp-armv8",f32,matmul_bias_relu,m7_n7_k7_f32,whole_shape_vector_no_padding,whole_shape_vector_no_padding,heldout,7,7,7,49,7,784,588,196,1.0,True,True,True,0,0,392,whole_shape_vector,False,True,True,False,0,0,0,4,0,none,7,7,7,0,784,1.0,0,0,0,7,7,7,none,none,none,0,0,0,0,0,1198,1884,149,1,0.765625,False,10,True,True,True,,,success,True,True,,True,100,20000,111.0,112.0,1.0,92.0,148.0,aec5eaad4047dd63d73fe297b46c112bc5e690472afdc7227fa97efab4f0b1d3,5.96046448e-08,7.95487992e-07,3,ondemand,,-O3 -mtriple=aarch64-linux-gnu -mcpu=cortex-a76,Pi g++ and LLVM 21 captured by runner,MLIR 21,a0c8aebb3c27f132e94a3796881571ff891bc2f03f129b6cb4d1f6ef61970d31,c3857ff501bce58e4da9f490d7e0591407dfe6e4f441ac52408a8f43bf913118,46138,34529,,271,98,2,,,203.1550519168377,,4.709530201312334
matmul_bias_relu_latency_row_v1,a7190332cb38049430d2305aef5fb26ff5251971,raspberry-pi5-cortex-a76,cortex-a76,"+neon,+fp-armv8",f32,matmul_bias_relu,m80_n48_k65_f32,fused_scalar,scalar_baseline,train,80,48,65,3840,65,506880,48640,15360,7.92,True,True,True,0,0,30720,scalar,True,False,False,False,0,0,0,1,0,none,80,48,65,0,506880,1.0,0,0,0,0,0,1,none,none,none,0,0,0,0,0,512,512,64,1,3.0,False,8,True,True,True,,,success,True,True,,True,100,2000,961054.0,962887.0,18.0,960998.0,1027832.0000000001,957c50764c81c2d806a7ceee7a18208aa46e758d26c966b9a383b562163d6b09,4.76837158e-07,0.000292611558,3,ondemand,,-O3 -mtriple=aarch64-linux-gnu -mcpu=cortex-a76,Pi g++ and LLVM 21 captured by runner,MLIR 21,6b99e00c3e764c91457bd7e212590e289237f7099d4370a2c0a1ac1b44e3cf2a,6a8783d3da6009005ba022a1398215a5de80ae4c1c760a4babde7dd9f24b7ce9,16467,11517,,140,0,21,,,157.16461185365915,,13.77578587784097
matmul_bias_relu_latency_row_v1,a7190332cb38049430d2305aef5fb26ff5251971,raspberry-pi5-cortex-a76,cortex-a76,"+neon,+fp-armv8",f32,matmul_bias_relu,m80_n48_k65_f32,tiled_vector_direct_k,tiled_vector_direct_cleanup,train,80,48,65,3840,65,506880,48640,15360,7.92,True,True,True,0,0,30720,tiled_vector,False,True,False,True,8,8,8,4,480,none,80,48,65,0,506880,1.0,0,0,0,0,0,1,none,none,direct_vector_cleanup,0,0,60,7680,0,499712,998912,62464,540,1.0,False,10,True,True,True,,,success,True,True,,True,100,2000,17055.0,17111.0,36.0,16981.0,21945.0,2e9dd6a37c8c891047a2429f9b490238c9389e1f40cdea1f413a6e4f619c03f9,0,0,3,ondemand,,-O3 -mtriple=aarch64-linux-gnu -mcpu=cortex-a76,Pi g++ and LLVM 21 captured by runner,MLIR 21,ef4ee409a7ceb0351543ba927ee154761eaff43eb39954fb41b4486aa9921da3,280cad966fb22fa5a02dd81eb7c97e93da5fcc418b23c653ac38185af8e22184,65051,42223,,368,144,11,,,190.55053312331438,,9.744198694852747
matmul_bias_relu_latency_row_v1,a7190332cb38049430d2305aef5fb26ff5251971,raspberry-pi5-cortex-a76,cortex-a76,"+neon,+fp-armv8",f32,matmul_bias_relu,m80_n48_k65_f32,tiled_vector_materialized_tail,tiled_vector_materialized_tail,train,80,48,65,3840,65,506880,48640,15360,7.92,True,True,True,0,0,30720,tiled_vector,False,True,False,True,8,8,8,4,480,tile_materialized,80,48,65,0,506880,1.0,768,46080,30720,0,0,1,none,none,none,0,0,60,0,0,499712,998912,62464,540,1.0,False,10,True,True,True,,,success,True,True,,True,100,2000,109907.0,109963.0,18.0,109851.0,113741.0,2f6d7a92a0214365217329a9f8dac29e893b6d275570047d07cd07336c540c54,0,0,3,ondemand,,-O3 -mtriple=aarch64-linux-gnu -mcpu=cortex-a76,Pi g++ and LLVM 21 captured by runner,MLIR 21,b84b949124a9b136757ad9608b42e9ae63497c6de0d7618b966434ab835bdb22,de7c6a79a536293740a1bfd26a1eaa8c3000ad8f041d627986308198353ee62d,106815,61591,,476,128,22,,,254.08262107521296,,11.607389832630835
matmul_bias_relu_latency_row_v1,a7190332cb38049430d2305aef5fb26ff5251971,raspberry-pi5-cortex-a76,cortex-a76,"+neon,+fp-armv8",f32,matmul_bias_relu,m8_n16_k1024_f32,fused_scalar,scalar_baseline,validation,8,16,1024,128,1024,262400,98816,512,2.6417525773195876,True,True,True,0,0,1024,scalar,True,False,False,False,0,0,0,1,0,none,8,16,1024,0,262400,1.0,0,0,0,0,0,0,none,none,none,0,0,0,0,0,512,512,64,1,2.0,False,8,True,True,True,,,success,True,True,,True,100,2000,493832.0,495536.0,36.0,493721.0,559444.0,3d025d8fd6d49ac64942ca1876ede313cb352924f8971c018d6e2663c569ec9a,2.38418579e-06,5.30546837e-05,3,ondemand,,-O3 -mtriple=aarch64-linux-gnu -mcpu=cortex-a76,Pi g++ and LLVM 21 captured by runner,MLIR 21,9b19fe277d1e77afb445a6f809f0acd33b1c37c3d23aab637d05472f52626cf5,9d35ac209b8e4ac8014346e164ee2d883c7ca5ef47943b5cdfc3b416d30380b5,16467,11513,,139,0,21,,,149.1865930147469,,13.109950657357752
matmul_bias_relu_latency_row_v1,a7190332cb38049430d2305aef5fb26ff5251971,raspberry-pi5-cortex-a76,cortex-a76,"+neon,+fp-armv8",f32,matmul_bias_relu,m8_n16_k1024_f32,tiled_vector_full_tiles,tiled_vector_full_tiles,validation,8,16,1024,128,1024,262400,98816,512,2.6417525773195876,True,True,True,0,0,1024,tiled_vector,False,True,False,True,8,8,8,4,256,none,8,16,1024,0,262400,1.0,0,0,0,0,0,0,none,none,none,0,0,0,0,0,262656,524800,32832,256,1.0,False,10,True,True,True,,,success,True,True,,True,100,2000,9482.0,9537.0,36.0,9351.0,24556.0,381815631638e6547cb45a7f08fb169fd2107b09fe92076844123c53836a73f3,0,0,3,ondemand,,-O3 -mtriple=aarch64-linux-gnu -mcpu=cortex-a76,Pi g++ and LLVM 21 captured by runner,MLIR 21,06ddda1ff211c41ce9a88de821b84b761d175534ea552eab3877333ba6f8c9c6,73486cebeed432cf204d6d7fcd3ab63a8f842f97f4f07da029cbe59e12bdfa6e,80497,46605,,351,128,9,,,230.69477500393987,,9.157150543462064
matmul_bias_relu_latency_row_v1,a7190332cb38049430d2305aef5fb26ff5251971,raspberry-pi5-cortex-a76,cortex-a76,"+neon,+fp-armv8",f32,matmul_bias_relu,m8_n16_k512_f32,fused_scalar,scalar_baseline,train,8,16,512,128,512,131328,49664,512,2.61734693877551,True,True,True,0,0,1024,scalar,True,False,False,False,0,0,0,1,0,none,8,16,512,0,131328,1.0,0,0,0,0,0,0,none,none,none,0,0,0,0,0,512,512,64,1,2.0,False,8,True,True,True,,,success,True,True,,True,100,2000,247296.0,248796.0,18.0,247240.0,335870.0,8a34f264b7eda71e5493f894e60e47910bbcc7dd3d3f0492201ce5df6291b83b,1.13248825e-06,1.64972434e-05,3,ondemand,,-O3 -mtriple=aarch64-linux-gnu -mcpu=cortex-a76,Pi g++ and LLVM 21 captured by runner,MLIR 21,93de7186f1e9f9880abf2a0b44f52caa4b801ad05d42cdacbc1a45de2ae320ac,1d8aac6aec2422a25debf36456198f9aa16a1cfc5086b254757f7977c9b1289d,16463,11509,,139,0,21,,,145.45155502855778,,12.41834127869208
matmul_bias_relu_latency_row_v1,a7190332cb38049430d2305aef5fb26ff5251971,raspberry-pi5-cortex-a76,cortex-a76,"+neon,+fp-armv8",f32,matmul_bias_relu,m8_n16_k512_f32,tiled_vector_full_tiles,tiled_vector_full_tiles,train,8,16,512,128,512,131328,49664,512,2.61734693877551,True,True,True,0,0,1024,tiled_vector,False,True,False,True,8,8,8,4,128,none,8,16,512,0,131328,1.0,0,0,0,0,0,0,none,none,none,0,0,0,0,0,131584,262656,16448,128,1.0,False,10,True,True,True,,,success,True,True,,True,100,2000,4481.0,4500.0,1.0,4444.0,14333.0,8703d9b0833a7408f600d09410a5eb2713a0f28681f407f665bd8511ea925775,0,0,3,ondemand,,-O3 -mtriple=aarch64-linux-gnu -mcpu=cortex-a76,Pi g++ and LLVM 21 captured by runner,MLIR 21,39afdd34ef3298b13e4d8ab1852b63f458ed8141d4dc0506f08f2b581fe9eb20,217b6de9312809e37339989e085ab99b6592242d5be8ff14bd9da3f42a498954,80485,46600,,344,128,9,,,230.31527688726783,,8.407601514786142
matmul_bias_relu_latency_row_v1,a7190332cb38049430d2305aef5fb26ff5251971,raspberry-pi5-cortex-a76,cortex-a76,"+neon,+fp-armv8",f32,matmul_bias_relu,m8_n8_k127_f32,fused_scalar,scalar_baseline,heldout,8,8,127,64,127,16384,8384,256,1.8962962962962964,True,True,True,0,0,512,scalar,True,False,False,False,0,0,0,1,0,none,8,8,127,0,16384,1.0,0,0,0,0,0,7,none,none,none,0,0,0,0,0,512,512,64,1,1.0,False,8,True,True,True,,,success,True,True,,True,100,10000,30944.0,30963.0,1.0,30925.0,52907.0,9c5b1453b5dc45e698d77aba789d44afee51fc200804d3cf2e3c312957293c58,5.96046448e-07,3.99717e-06,3,ondemand,,-O3 -mtriple=aarch64-linux-gnu -mcpu=cortex-a76,Pi g++ and LLVM 21 captured by runner,MLIR 21,d1f0999a7ead10678f384173cddd666ffe53307f0c7ad864d0651819f38862d8,12374f538df7a747415d8efde848f45bff86a8ee309d7b52286de05dec2113d0,16402,11494,,139,0,21,,,154.73502594977617,,10.339934398253021
matmul_bias_relu_latency_row_v1,a7190332cb38049430d2305aef5fb26ff5251971,raspberry-pi5-cortex-a76,cortex-a76,"+neon,+fp-armv8",f32,matmul_bias_relu,m8_n8_k127_f32,tiled_vector_direct_k,tiled_vector_direct_cleanup,heldout,8,8,127,64,127,16384,8384,256,1.8962962962962964,True,True,True,0,0,512,tiled_vector,False,True,False,True,8,8,8,4,15,none,8,8,127,0,16384,1.0,0,0,0,0,0,7,none,none,direct_vector_cleanup,0,0,1,896,0,16768,33024,2096,16,1.0,False,10,True,True,True,,,success,True,True,,True,100,10000,871.0,889.0,1.0,851.0,12111.0,ebd3b50cbc7e5975758bfb8f9ad2752cfe6f37daca852ac7c03df52e8ab3a7f8,0,0,3,ondemand,,-O3 -mtriple=aarch64-linux-gnu -mcpu=cortex-a76,Pi g++ and LLVM 21 captured by runner,MLIR 21,29ea9f2bdc9ea311a4cc5d03276899c4ddda88ab6dd6d728d2783af691731ff4,0fb536a5c703944032954c3c65b933a2047c18db6dc31ef1ea399e5881b493cf,64040,40266,,327,144,9,,,223.2369219418615,,6.769641976852503
matmul_bias_relu_latency_row_v1,a7190332cb38049430d2305aef5fb26ff5251971,raspberry-pi5-cortex-a76,cortex-a76,"+neon,+fp-armv8",f32,matmul_bias_relu,m8_n8_k127_f32,tiled_vector_materialized_tail,tiled_vector_materialized_tail,heldout,8,8,127,64,127,16384,8384,256,1.8962962962962964,True,True,True,0,0,512,tiled_vector,False,True,False,True,8,8,8,4,15,tile_materialized,8,8,127,0,16384,1.0,768,768,512,0,0,7,none,none,none,0,0,1,0,0,16768,33024,2096,16,1.0,False,10,True,True,True,,,success,True,True,,True,100,10000,3351.0,3352.0,1.0,3333.0,13297.0,be888c32dc71ad07423c8e1ab917526daf8e43ed69d08f66703ce3cb2f525ad6,0,0,3,ondemand,,-O3 -mtriple=aarch64-linux-gnu -mcpu=cortex-a76,Pi g++ and LLVM 21 captured by runner,MLIR 21,ab81e403e8e72fe5ab3ee43c75bccfaa1a0786ec09068e1868e2b81c144c6ccf,827858d4d15a5dfb0ef51e991fe39293d9199fa5fab596ec806700768c91ba6b,86856,49405,,408,128,16,,,227.87356097251177,,8.11701408773731
matmul_bias_relu_latency_row_v1,a7190332cb38049430d2305aef5fb26ff5251971,raspberry-pi5-cortex-a76,cortex-a76,"+neon,+fp-armv8",f32,matmul_bias_relu,m8_n8_k128_f32,fused_scalar,scalar_baseline,train,8,8,128,64,128,16512,8448,256,1.8970588235294117,True,True,True,0,0,512,scalar,True,False,False,False,0,0,0,1,0,none,8,8,128,0,16512,1.0,0,0,0,0,0,0,none,none,none,0,0,0,0,0,512,512,64,1,1.0,False,8,True,True,True,,,success,True,True,,True,100,10000,31185.0,31186.0,0.0,31166.0,50259.0,9a62becf6eca26ab287b891f4a8c33b3827c3d9625bc0d8094a562c48dbcbeb9,3.57627869e-07,1.41190683e-05,3,ondemand,,-O3 -mtriple=aarch64-linux-gnu -mcpu=cortex-a76,Pi g++ and LLVM 21 captured by runner,MLIR 21,ca356863498076dd19f15f938e19d45456c843dc082c6c5295338f61565cee6e,69772de1c91858c2770ec191f104a33f83c27a7fb41cbc4bff0311390976bfdc,16402,11494,,139,0,21,,,148.56421016156673,,10.347692488960224
matmul_bias_relu_latency_row_v1,a7190332cb38049430d2305aef5fb26ff5251971,raspberry-pi5-cortex-a76,cortex-a76,"+neon,+fp-armv8",f32,matmul_bias_relu,m8_n8_k128_f32,tiled_vector_full_tiles,tiled_vector_full_tiles,train,8,8,128,64,128,16512,8448,256,1.8970588235294117,True,True,True,0,0,512,tiled_vector,False,True,False,True,8,8,8,4,16,none,8,8,128,0,16512,1.0,0,0,0,0,0,0,none,none,none,0,0,0,0,0,16896,33280,2112,16,1.0,False,10,True,True,True,,,success,True,True,,True,100,10000,611.0,630.0,0.0,611.0,15666.0,0c054310e3465600079e93629a803296f31903feb3efeb73a5b6c29fffeb5d97,0,0,3,ondemand,,-O3 -mtriple=aarch64-linux-gnu -mcpu=cortex-a76,Pi g++ and LLVM 21 captured by runner,MLIR 21,f6020f5bc6b3f46fa3e50e5a0a5b6d9b5c34d3ca938114cbfd1acde90b52d35b,1cc724f1b6e3d4a6ff154eca0b1727cd0905c50f7e3d72807ee917145ab5e51f,72902,41245,,310,128,6,,,214.2951360438019,,6.415096959171596
matmul_bias_relu_latency_row_v1,a7190332cb38049430d2305aef5fb26ff5251971,raspberry-pi5-cortex-a76,cortex-a76,"+neon,+fp-armv8",f32,matmul_bias_relu,m8_n8_k129_f32,fused_scalar,scalar_baseline,train,8,8,129,64,129,16640,8512,256,1.897810218978102,True,True,True,0,0,512,scalar,True,False,False,False,0,0,0,1,0,none,8,8,129,0,16640,1.0,0,0,0,0,0,1,none,none,none,0,0,0,0,0,512,512,64,1,1.0,False,8,True,True,True,,,success,True,True,,True,100,10000,31426.000000000004,31445.0,0.0,31406.999999999996,47593.0,89c4f78ebdd770d14e4e029f5280b05628012a4f80238e09544903d9c5392611,3.57627869e-07,1.84603684e-05,3,ondemand,,-O3 -mtriple=aarch64-linux-gnu -mcpu=cortex-a76,Pi g++ and LLVM 21 captured by runner,MLIR 21,7194ca8c8e41ca1e536c4598771e6ea0cae5d5de316b9c26035555dc99fa8962,5d15eae77a93cf023c530fc2863e2951f1aa7ecda01a4f7fe3ffc3ab8fc023b3,16402,11494,,139,0,21,,,157.11456281132996,,10.355390854750077
matmul_bias_relu_latency_row_v1,a7190332cb38049430d2305aef5fb26ff5251971,raspberry-pi5-cortex-a76,cortex-a76,"+neon,+fp-armv8",f32,matmul_bias_relu,m8_n8_k129_f32,tiled_vector_direct_k,tiled_vector_direct_cleanup,train,8,8,129,64,129,16640,8512,256,1.897810218978102,True,True,True,0,0,512,tiled_vector,False,True,False,True,8,8,8,4,16,none,8,8,129,0,16640,1.0,0,0,0,0,0,1,none,none,direct_vector_cleanup,0,0,1,128,0,17024,33536,2128,17,1.0,False,10,True,True,True,,,success,True,True,,True,100,10000,556.0,574.0,1.0,555.0,685.0,81147ad74cfcaeb75b6f5f32fad95cc22b33c761dc5ff51b02c87a89c49d7e34,0,0,3,ondemand,,-O3 -mtriple=aarch64-linux-gnu -mcpu=cortex-a76,Pi g++ and LLVM 21 captured by runner,MLIR 21,32df5faae7501518dbea30eecba6b37eeb3f71da9c8310cd168f8ea2b7529013,5c92152ef68437fef4cd4b37ed62f538859c3a1bd61e104c43a634c36de8c507,63608,39769,,321,144,6,,,180.51578011363745,,6.320768294250582
matmul_bias_relu_latency_row_v1,a7190332cb38049430d2305aef5fb26ff5251971,raspberry-pi5-cortex-a76,cortex-a76,"+neon,+fp-armv8",f32,matmul_bias_relu,m8_n8_k129_f32,tiled_vector_materialized_tail,tiled_vector_materialized_tail,train,8,8,129,64,129,16640,8512,256,1.897810218978102,True,True,True,0,0,512,tiled_vector,False,True,False,True,8,8,8,4,16,tile_materialized,8,8,129,0,16640,1.0,768,768,512,0,0,1,none,none,none,0,0,1,0,0,17024,33536,2128,17,1.0,False,10,True,True,True,,,success,True,True,,True,100,10000,3500.0,3519.0,18.0,3481.0,28519.0,07abbc5305dc79eef382b94e4beae115b6d3ba9dffc427c7a0e204f36724695d,0,0,3,ondemand,,-O3 -mtriple=aarch64-linux-gnu -mcpu=cortex-a76,Pi g++ and LLVM 21 captured by runner,MLIR 21,d058bd9343837278b78a67bddce42f1bdd703f2100ea694a7cfe34f97e53d23f,9eb67f2044e6175aed4117e97a4acc3a1c3c07f422db2b3830ef9c633c0b8167,86856,49405,,408,128,16,,,289.85830885358155,,8.160518247477505
matmul_bias_relu_latency_row_v1,a7190332cb38049430d2305aef5fb26ff5251971,raspberry-pi5-cortex-a76,cortex-a76,"+neon,+fp-armv8",f32,matmul_bias_relu,m8_n8_k15_f32,fused_scalar,scalar_baseline,train,8,8,15,64,15,2048,1216,256,1.391304347826087,True,True,True,0,0,512,scalar,True,False,False,False,0,0,0,1,0,none,8,8,15,0,2048,1.0,0,0,0,0,0,7,none,none,none,0,0,0,0,0,512,512,64,1,1.0,False,8,True,True,True,,,success,True,True,,True,100,20000,3963.0000000000005,3963.0000000000005,0.0,3943.9999999999995,14649.0,b962da1f58805b80e3da91233c4a6da638f4b400dd12874fe216443ca9cd73b7,8.94069672e-08,4.28445343e-06,3,ondemand,,-O3 -mtriple=aarch64-linux-gnu -mcpu=cortex-a76,Pi g++ and LLVM 21 captured by runner,MLIR 21,22adef289bc87dd65504697d2e161a8f4e3c0060ddd62339f99d156389af31b0,cd318c41d5cd265125d79f76d178401400e58c6169d4cb7b853871aa5e594941,16398,11490,,139,0,21,,,147.64674101024866,,8.284756593190435
matmul_bias_relu_latency_row_v1,a7190332cb38049430d2305aef5fb26ff5251971,raspberry-pi5-cortex-a76,cortex-a76,"+neon,+fp-armv8",f32,matmul_bias_relu,m8_n8_k15_f32,tiled_vector_direct_k,tiled_vector_direct_cleanup,train,8,8,15,64,15,2048,1216,256,1.391304347826087,True,True,True,0,0,512,tiled_vector,False,True,False,True,8,8,8,4,1,none,8,8,15,0,2048,1.0,0,0,0,0,0,7,none,none,direct_vector_cleanup,0,0,1,896,0,2432,4352,304,2,1.0,False,10,True,True,True,,,success,True,True,,True,100,20000,481.0,482.0,1.0,462.0,8722.0,70b98b047d801ef4986143cb37c3b96462fd79b79638278c837a5896c9b132ef,0,0,3,ondemand,,-O3 -mtriple=aarch64-linux-gnu -mcpu=cortex-a76,Pi g++ and LLVM 21 captured by runner,MLIR 21,4452fa0a6b8d89660ce0eb93deaf32fba787899ced8a0d37bee9e0a362cb6788,4792bff0ca8864cb46c161a88d82608eadb1e91704edf715669c4c49ebf2e181,62779,38686,,313,144,7,,,182.83529789187014,,6.175867270105761
matmul_bias_relu_latency_row_v1,a7190332cb38049430d2305aef5fb26ff5251971,raspberry-pi5-cortex-a76,cortex-a76,"+neon,+fp-armv8",f32,matmul_bias_relu,m8_n8_k15_f32,tiled_vector_materialized_tail,tiled_vector_materialized_tail,train,8,8,15,64,15,2048,1216,256,1.391304347826087,True,True,True,0,0,512,tiled_vector,False,True,False,True,8,8,8,4,1,tile_materialized,8,8,15,0,2048,1.0,768,768,512,0,0,7,none,none,none,0,0,1,0,0,2432,4352,304,2,1.0,False,10,True,True,True,,,success,True,True,,True,100,20000,482.0,500.0,1.0,481.0,10796.0,594f7c636d33bd3e4194e732523fa5fdefd20ce6a63da294fc1ab544322eb95d,0,0,3,ondemand,,-O3 -mtriple=aarch64-linux-gnu -mcpu=cortex-a76,Pi g++ and LLVM 21 captured by runner,MLIR 21,75e3a7c76cbf2ac9b422bae1ca84744ce3d9e764c52d124a15795b880b57e163,c237fd2ca358fee4347942ab24a39bc67e02c6a1c157228ed013d4560f2c3ced,86851,49399,,408,128,16,,,255.37592684850097,,6.1779441140506
matmul_bias_relu_latency_row_v1,a7190332cb38049430d2305aef5fb26ff5251971,raspberry-pi5-cortex-a76,cortex-a76,"+neon,+fp-armv8",f32,matmul_bias_relu,m8_n8_k15_f32,whole_shape_vector_materialized_padding,whole_shape_vector_materialized_padding,train,8,8,15,64,15,2048,1216,256,1.391304347826087,True,True,True,0,0,512,whole_shape_vector,False,True,True,False,0,0,0,4,0,whole_shape_materialized,8,8,16,16,2176,1.0625,1280,1280,1216,0,0,7,none,none,none,0,0,0,0,0,2560,4608,320,1,1.0,False,10,True,True,True,,,success,True,True,,True,100,20000,426.0,444.0,0.0,407.0,16185.000000000002,45c12334ff1c2679f8109905e8594f64b47046418ac9c6f0eb9f154b8d8dba18,1.1920929e-07,2.05296727e-06,3,ondemand,,-O3 -mtriple=aarch64-linux-gnu -mcpu=cortex-a76,Pi g++ and LLVM 21 captured by runner,MLIR 21,0006372d45a5070355d9be6e6249eb2b0b27cb57fd120c3576b285be4f9ac9b9,437b141ac3428f78172ce8095b14f59f329a25d462bd8b37eb4d02fcce8ed25f,95930,68867,,716,256,18,,,210.1032300852239,,6.054439346269371
matmul_bias_relu_latency_row_v1,a7190332cb38049430d2305aef5fb26ff5251971,raspberry-pi5-cortex-a76,cortex-a76,"+neon,+fp-armv8",f32,matmul_bias_relu,m8_n8_k15_f32,whole_shape_vector_no_padding,whole_shape_vector_no_padding,train,8,8,15,64,15,2048,1216,256,1.391304347826087,True,True,True,0,0,512,whole_shape_vector,False,True,True,False,0,0,0,4,0,none,8,8,15,0,2048,1.0,0,0,0,0,0,7,none,none,none,0,0,0,0,0,2432,4352,304,1,1.0,False,10,True,True,True,,,success,True,True,,True,100,20000,148.0,149.0,1.0,129.0,15537.0,7e5d265dffa71e3e731b0a411252cad97d6f77044347638c74488c6b6abb569d,1.1920929e-07,2.05296727e-06,3,ondemand,,-O3 -mtriple=aarch64-linux-gnu -mcpu=cortex-a76,Pi g++ and LLVM 21 captured by runner,MLIR 21,06e1145b1b93d632813105023f9c1f390ad0e865faf51cf9232d3091e5078ef8,ebd1710608a1cdd76b14dfe88da505f4661e4a820760be31e4cc20e0100e2ff7,82253,60250,,444,240,2,,,207.62653299607337,,4.997212273764115
matmul_bias_relu_latency_row_v1,a7190332cb38049430d2305aef5fb26ff5251971,raspberry-pi5-cortex-a76,cortex-a76,"+neon,+fp-armv8",f32,matmul_bias_relu,m8_n8_k16_f32,fused_scalar,scalar_baseline,train,8,8,16,64,16,2176,1280,256,1.4166666666666667,True,True,True,0,0,512,scalar,True,False,False,False,0,0,0,1,0,none,8,8,16,0,2176,1.0,0,0,0,0,0,0,none,none,none,0,0,0,0,0,512,512,64,1,1.0,False,8,True,True,True,,,success,True,True,,True,100,20000,4204.0,4204.0,0.0,4185.0,30833.0,d8bc5397a207c0aa5fb011de89a1945e12596cdb6c4c2811af8dbd067fdbcfab,1.1920929e-07,5.23652054e-07,3,ondemand,,-O3 -mtriple=aarch64-linux-gnu -mcpu=cortex-a76,Pi g++ and LLVM 21 captured by runner,MLIR 21,2cd654e9a2aeaa8580cd161a62f79b7bad4d38819b1398b4a095f0efa055afce,d8451c43583459827376bc76cb546a38fc8a1bf11b04180c0056acc7651d865b,16398,11490,,139,0,21,,,155.2546489983797,,8.343791731996841
matmul_bias_relu_latency_row_v1,a7190332cb38049430d2305aef5fb26ff5251971,raspberry-pi5-cortex-a76,cortex-a76,"+neon,+fp-armv8",f32,matmul_bias_relu,m8_n8_k16_f32,tiled_vector_full_tiles,tiled_vector_full_tiles,train,8,8,16,64,16,2176,1280,256,1.4166666666666667,True,True,True,0,0,512,tiled_vector,False,True,False,True,8,8,8,4,2,none,8,8,16,0,2176,1.0,0,0,0,0,0,0,none,none,none,0,0,0,0,0,2560,4608,320,2,1.0,False,10,True,True,True,,,success,True,True,,True,100,20000,148.0,149.0,0.0,129.0,13648.0,de3842fdfc45abbb5397c5b99200e55f6f0bc7ef0d3f14c9096f877cd3dfc2d8,0,0,3,ondemand,,-O3 -mtriple=aarch64-linux-gnu -mcpu=cortex-a76,Pi g++ and LLVM 21 captured by runner,MLIR 21,438e1880a33ff2d27f9c544022d93953183724eb8b80d4643f6c677262cf6965,a2d805dacda31f04eb3b18f442d7b78f52ca1287ffc510d9329604de51b5bdab,72890,41235,,310,128,6,,,231.43022693693638,,4.997212273764115
matmul_bias_relu_latency_row_v1,a7190332cb38049430d2305aef5fb26ff5251971,raspberry-pi5-cortex-a76,cortex-a76,"+neon,+fp-armv8",f32,matmul_bias_relu,m8_n8_k16_f32,whole_shape_vector_no_padding,whole_shape_vector_no_padding,train,8,8,16,64,16,2176,1280,256,1.4166666666666667,True,True,True,0,0,512,whole_shape_vector,False,True,True,False,0,0,0,4,0,none,8,8,16,0,2176,1.0,0,0,0,0,0,0,none,none,none,0,0,0,0,0,2560,4608,320,1,1.0,False,10,True,True,True,,,success,True,True,,True,100,20000,148.0,149.0,0.0,129.0,14222.0,eb62921efa3c61cbbbc9a817924737869fb568d3cf8e441dfac013bdd71f8ca4,2.38418579e-07,9.03430506e-07,3,ondemand,,-O3 -mtriple=aarch64-linux-gnu -mcpu=cortex-a76,Pi g++ and LLVM 21 captured by runner,MLIR 21,d28136c037c7db745e9fd14594c62bdf3a409ebc9f89c141f35e3ea5cbb7685a,2f801f1745589560539e08bdaf0455f29345f20db9e84afd12a6989010706994,86186,62779,,462,256,2,,,210.75488906353712,,4.997212273764115
matmul_bias_relu_latency_row_v1,a7190332cb38049430d2305aef5fb26ff5251971,raspberry-pi5-cortex-a76,cortex-a76,"+neon,+fp-armv8",f32,matmul_bias_relu,m8_n8_k17_f32,fused_scalar,scalar_baseline,validation,8,8,17,64,17,2304,1344,256,1.44,True,True,True,0,0,512,scalar,True,False,False,False,0,0,0,1,0,none,8,8,17,0,2304,1.0,0,0,0,0,0,1,none,none,none,0,0,0,0,0,512,512,64,1,1.0,False,8,True,True,True,,,success,True,True,,True,100,20000,4444.0,4463.0,0.0,4425.0,14518.0,154029419e9fb0175a87c137808bea9cbfc00acf3635c6f0771b941a94b219e1,8.94069672e-08,8.34209253e-06,3,ondemand,,-O3 -mtriple=aarch64-linux-gnu -mcpu=cortex-a76,Pi g++ and LLVM 21 captured by runner,MLIR 21,feba6d0cfc9d08d9c86e627c48812980fc80f686c277a64e1628b82814841d65,c4e14d7c29c26ebd7857f4eb88ff89df5cc0afad8f461d4965defd6b7f98fa0c,16398,11490,,139,0,21,,,153.8037401624024,,8.39931015075952
matmul_bias_relu_latency_row_v1,a7190332cb38049430d2305aef5fb26ff5251971,raspberry-pi5-cortex-a76,cortex-a76,"+neon,+fp-armv8",f32,matmul_bias_relu,m8_n8_k17_f32,tiled_vector_direct_k,tiled_vector_direct_cleanup,validation,8,8,17,64,17,2304,1344,256,1.44,True,True,True,0,0,512,tiled_vector,False,True,False,True,8,8,8,4,2,none,8,8,17,0,2304,1.0,0,0,0,0,0,1,none,none,direct_vector_cleanup,0,0,1,128,0,2688,4864,336,3,1.0,False,10,True,True,True,,,success,True,True,,True,100,20000,167.0,167.0,0.0,148.0,14389.0,b5ddd026956e9d80d1b2d3baa32b1b11d3605516182124824c9e5ba8eb210abd,0,0,3,ondemand,,-O3 -mtriple=aarch64-linux-gnu -mcpu=cortex-a76,Pi g++ and LLVM 21 captured by runner,MLIR 21,9b9f0e25630de447125291116771c978e3ad29bc41cb4f99366432468b6e0bde,fa68219720d33c65c63d34a2d6007f8a39457433f30038beb0349111acfc67a2,63595,39757,,317,144,6,,,176.88480694778264,,5.117993812416755
matmul_bias_relu_latency_row_v1,a7190332cb38049430d2305aef5fb26ff5251971,raspberry-pi5-cortex-a76,cortex-a76,"+neon,+fp-armv8",f32,matmul_bias_relu,m8_n8_k17_f32,tiled_vector_materialized_tail,tiled_vector_materialized_tail,validation,8,8,17,64,17,2304,1344,256,1.44,True,True,True,0,0,512,tiled_vector,False,True,False,True,8,8,8,4,2,tile_materialized,8,8,17,0,2304,1.0,768,768,512,0,0,1,none,none,none,0,0,1,0,0,2688,4864,336,3,1.0,False,10,True,True,True,,,success,True,True,,True,100,20000,648.0,649.0,0.0,629.0,5815.0,e036a6502288b152efafb11db197de75320037bf25928856c1d33324dd8a09c3,0,0,3,ondemand,,-O3 -mtriple=aarch64-linux-gnu -mcpu=cortex-a76,Pi g++ and LLVM 21 captured by runner,MLIR 21,69e50bc6fe73efc9b4ae55e4c9c186917d7128c58e2773c8cdc83ae996c59677,be8fc2d6b8e7b53ed021a4ba5df654c16cb613a0015ad497f71c8398c6c303ce,86851,49399,,408,128,16,,,221.56270314007998,,6.473890696352274
matmul_bias_relu_latency_row_v1,a7190332cb38049430d2305aef5fb26ff5251971,raspberry-pi5-cortex-a76,cortex-a76,"+neon,+fp-armv8",f32,matmul_bias_relu,m8_n8_k17_f32,whole_shape_vector_materialized_padding,whole_shape_vector_materialized_padding,validation,8,8,17,64,17,2304,1344,256,1.44,True,True,True,0,0,512,whole_shape_vector,False,True,True,False,0,0,0,4,0,whole_shape_materialized,8,8,24,112,3200,1.3888888888888888,1792,1792,1344,0,0,1,none,none,none,0,0,0,0,0,3584,6656,448,1,1.0,False,10,True,True,True,,,success,True,True,,True,100,20000,556.0,574.0,1.0,555.0,9222.0,cbf538f03d1eda5252ec218d5bcfa332710fe2b8bc53a768f7506d5d2529ae1f,1.1920929e-07,1.48593523e-05,3,ondemand,,-O3 -mtriple=aarch64-linux-gnu -mcpu=cortex-a76,Pi g++ and LLVM 21 captured by runner,MLIR 21,9ddb6b14db42331b4624f5b84ddc5459193f690505bdfea644b530d6d9dd02ad,261aed544c2128b010148ec0399c64f995fe7e131406770885b9cc0865881568,127539,89364,,987,384,18,,,271.9630079809576,,6.320768294250582
matmul_bias_relu_latency_row_v1,a7190332cb38049430d2305aef5fb26ff5251971,raspberry-pi5-cortex-a76,cortex-a76,"+neon,+fp-armv8",f32,matmul_bias_relu,m8_n8_k17_f32,whole_shape_vector_no_padding,whole_shape_vector_no_padding,validation,8,8,17,64,17,2304,1344,256,1.44,True,True,True,0,0,512,whole_shape_vector,False,True,True,False,0,0,0,4,0,none,8,8,17,0,2304,1.0,0,0,0,0,0,1,none,none,none,0,0,0,0,0,2688,4864,336,1,1.0,False,10,True,True,True,,,success,True,True,,True,100,20000,148.0,167.0,0.0,148.0,14056.0,0f19a941e61126d14838b295b751ffd4827e7868909c6098603f6eacca59f864,1.1920929e-07,1.48593523e-05,3,ondemand,,-O3 -mtriple=aarch64-linux-gnu -mcpu=cortex-a76,Pi g++ and LLVM 21 captured by runner,MLIR 21,b6c607d1b18974e087967bb58b272b9be0b6cdc4223ec7b4968885049794bc45,68e88c12bc87dd0ec118589443514156e58500907e0141e8e52cf18a40c6ed0e,90120,65309,,497,272,2,,,217.3093429300934,,4.997212273764115
matmul_bias_relu_latency_row_v1,a7190332cb38049430d2305aef5fb26ff5251971,raspberry-pi5-cortex-a76,cortex-a76,"+neon,+fp-armv8",f32,matmul_bias_relu,m8_n8_k1_f32,fused_scalar,scalar_baseline,train,8,8,1,64,1,256,320,256,0.4444444444444444,True,True,True,0,0,512,scalar,True,False,False,False,0,0,0,1,0,none,8,8,1,0,256,1.0,0,0,0,0,0,1,none,none,none,0,0,0,0,0,512,512,64,1,1.0,False,8,True,True,True,,,success,True,True,,True,100,20000,575.0,593.0,1.0,574.0,3871.0,46e584bec48a744487af9559576044c6bd1d3145de9d8e78c954035b825c8807,0,0,3,ondemand,,-O3 -mtriple=aarch64-linux-gnu -mcpu=cortex-a76,Pi g++ and LLVM 21 captured by runner,MLIR 21,37fd9b2778d4179c8d8373eb3879209f04ebbdc9f82c7ff2d1286f5e04c7714d,1174474acd55adbd07826479f5a35a09cf1262d0c834119b67f40ea2ec714a71,16346,11486,,139,0,21,,,149.08320200629532,,6.354370040797351
matmul_bias_relu_latency_row_v1,a7190332cb38049430d2305aef5fb26ff5251971,raspberry-pi5-cortex-a76,cortex-a76,"+neon,+fp-armv8",f32,matmul_bias_relu,m8_n8_k1_f32,tiled_vector_direct_k,tiled_vector_direct_cleanup,train,8,8,1,64,1,256,320,256,0.4444444444444444,True,True,True,0,0,512,tiled_vector,False,True,False,True,8,8,8,4,0,none,8,8,1,0,256,1.0,0,0,0,0,0,1,none,none,direct_vector_cleanup,0,0,1,128,0,640,768,80,1,1.0,False,10,True,True,True,,,success,True,True,,True,100,20000,111.0,112.0,0.0,92.0,167.0,d457cde6768d844caeabce8a3b0db22ec37e7426cb4929478c8d7ee512228cc1,0,0,3,ondemand,,-O3 -mtriple=aarch64-linux-gnu -mcpu=cortex-a76,Pi g++ and LLVM 21 captured by runner,MLIR 21,10542f85b7a3ac46e7b6f5c00f798dee4261e2675a42a8c16acf38139bf95af8,17591a9dbada84ae369d7bc69882e1a5d42edeb50f21dfe3b705587bbb6f60f0,25518,15801,,145,16,4,,,186.30354199558496,,4.709530201312334
matmul_bias_relu_latency_row_v1,a7190332cb38049430d2305aef5fb26ff5251971,raspberry-pi5-cortex-a76,cortex-a76,"+neon,+fp-armv8",f32,matmul_bias_relu,m8_n8_k1_f32,tiled_vector_materialized_tail,tiled_vector_materialized_tail,train,8,8,1,64,1,256,320,256,0.4444444444444444,True,True,True,0,0,512,tiled_vector,False,True,False,True,8,8,8,4,0,tile_materialized,8,8,1,0,256,1.0,768,768,512,0,0,1,none,none,none,0,0,1,0,0,640,768,80,1,1.0,False,10,True,True,True,,,success,True,True,,True,100,20000,222.0,241.0,0.0,222.0,3924.9999999999995,ac48f489dbfdb08bdb3e3d9130ce774a1e5653f6ae2d9ffef09e4afb2bb775f2,0,0,3,ondemand,,-O3 -mtriple=aarch64-linux-gnu -mcpu=cortex-a76,Pi g++ and LLVM 21 captured by runner,MLIR 21,698215eceec0a081b5c9ceed894aa5e69fb88fc0e56c6b74dc8101c5bde073c4,9276e0a251135a798eccb9dbdcda948d69c918ef48140cd20029f49d5df34b39,80818,46449,,402,128,15,,,239.35657716356218,,5.402677381872279
matmul_bias_relu_latency_row_v1,a7190332cb38049430d2305aef5fb26ff5251971,raspberry-pi5-cortex-a76,cortex-a76,"+neon,+fp-armv8",f32,matmul_bias_relu,m8_n8_k1_f32,whole_shape_vector_materialized_padding,whole_shape_vector_materialized_padding,train,8,8,1,64,1,256,320,256,0.4444444444444444,True,True,True,0,0,512,whole_shape_vector,False,True,True,False,0,0,0,4,0,whole_shape_materialized,8,8,8,112,1152,4.5,768,768,320,0,0,1,none,none,none,0,0,0,0,0,1536,2560,192,1,1.0,False,10,True,True,True,,,success,True,True,,True,100,20000,259.0,260.0,1.0,240.0,351.0,e78d8f225d87d55f81552f56ef290622d8533585e44fc3ff9b8ab1de308d0791,2.98023224e-08,1.83592891e-07,3,ondemand,,-O3 -mtriple=aarch64-linux-gnu -mcpu=cortex-a76,Pi g++ and LLVM 21 captured by runner,MLIR 21,7150a87b9f5be704cbe2cae10a17b28bf1ba465bec9301a8892a33bf6c59b2ba,6636f5bfeeff10fab52e34253a80b904ba080e22cd49b6b612d49e9471f15ad9,64690,48475,,442,128,18,,,178.02889901213348,,5.556828061699537
matmul_bias_relu_latency_row_v1,a7190332cb38049430d2305aef5fb26ff5251971,raspberry-pi5-cortex-a76,cortex-a76,"+neon,+fp-armv8",f32,matmul_bias_relu,m8_n8_k1_f32,whole_shape_vector_no_padding,whole_shape_vector_no_padding,train,8,8,1,64,1,256,320,256,0.4444444444444444,True,True,True,0,0,512,whole_shape_vector,False,True,True,False,0,0,0,4,0,none,8,8,1,0,256,1.0,0,0,0,0,0,1,none,none,none,0,0,0,0,0,640,768,80,1,1.0,False,10,True,True,True,,,success,True,True,,True,100,20000,56.0,74.0,1.0,55.0,111.0,21b83abf63dc204243b89573b91f19c6503aac9a1364246dd900565bbf3c5805,2.98023224e-08,1.83592891e-07,3,ondemand,,-O3 -mtriple=aarch64-linux-gnu -mcpu=cortex-a76,Pi g++ and LLVM 21 captured by runner,MLIR 21,e0352a7f1708ac918ba5807e9fec470221133307a03c5e86ce125176f8fa114b,909c9bc9674eac10de8ca9ad5377847c514a12bbe3feef9b903ee5586091d69a,26944,23702,,101,16,2,,,163.30412402749062,,4.02535169073515
matmul_bias_relu_latency_row_v1,a7190332cb38049430d2305aef5fb26ff5251971,raspberry-pi5-cortex-a76,cortex-a76,"+neon,+fp-armv8",f32,matmul_bias_relu,m8_n8_k2048_f32,fused_scalar,scalar_baseline,train,8,8,2048,64,2048,262272,131328,256,1.9931906614785992,True,True,True,0,0,512,scalar,True,False,False,False,0,0,0,1,0,none,8,8,2048,0,262272,1.0,0,0,0,0,0,0,none,none,none,0,0,0,0,0,512,512,64,1,1.0,False,8,True,True,True,,,success,True,True,,True,100,2000,493574.0,495203.0,37.0,493462.0,534388.0,620ef65647212471cab78a7986a61e536331675555ece18e93a7f16e2ef5d95f,2.86102295e-06,8.54828873e-06,3,ondemand,,-O3 -mtriple=aarch64-linux-gnu -mcpu=cortex-a76,Pi g++ and LLVM 21 captured by runner,MLIR 21,05f3cefe06e1e80329e5b9724de9456e91c63d812474f32dae4e1055d19722de,770b7d032ffa787bd0e2d770d87ceac129eebc9f7ca95e50ccedd4d324de4b98,16406,11498,,139,0,21,,,148.43508298508823,,13.109428075955833
matmul_bias_relu_latency_row_v1,a7190332cb38049430d2305aef5fb26ff5251971,raspberry-pi5-cortex-a76,cortex-a76,"+neon,+fp-armv8",f32,matmul_bias_relu,m8_n8_k2048_f32,tiled_vector_full_tiles,tiled_vector_full_tiles,train,8,8,2048,64,2048,262272,131328,256,1.9931906614785992,True,True,True,0,0,512,tiled_vector,False,True,False,True,8,8,8,4,256,none,8,8,2048,0,262272,1.0,0,0,0,0,0,0,none,none,none,0,0,0,0,0,262656,524800,32832,256,1.0,False,10,True,True,True,,,success,True,True,,True,100,2000,8981.0,9018.0,18.0,8704.0,25222.0,33613e88db81e892bb083bdbb58fef9962ecae124d5eb673c2e7e0b6f8dbff51,0,0,3,ondemand,,-O3 -mtriple=aarch64-linux-gnu -mcpu=cortex-a76,Pi g++ and LLVM 21 captured by runner,MLIR 21,85eb095321192e21db15a463cd3cdfb31354ef4d2eeeaf610124b091edec6c78,667d62b6a404e0fc8a59165398a4fa241eae423e79dfdd1ec5f3452bcd37aaa6,72914,41259,,310,128,6,,,208.93100299872458,,9.10286651367095
matmul_bias_relu_latency_row_v1,a7190332cb38049430d2305aef5fb26ff5251971,raspberry-pi5-cortex-a76,cortex-a76,"+neon,+fp-armv8",f32,matmul_bias_relu,m8_n8_k23_f32,fused_scalar,scalar_baseline,train,8,8,23,64,23,3072,1728,256,1.5483870967741935,True,True,True,0,0,512,scalar,True,False,False,False,0,0,0,1,0,none,8,8,23,0,3072,1.0,0,0,0,0,0,7,none,none,none,0,0,0,0,0,512,512,64,1,1.0,False,8,True,True,True,,,success,True,True,,True,100,20000,5889.0,5889.0,0.0,5870.0,18222.0,ba29f58d691858edfea0cfb3db7952d1f9ffa7872d5f3e6acd2bc11a83551038,1.1920929e-07,1.76416314e-06,3,ondemand,,-O3 -mtriple=aarch64-linux-gnu -mcpu=cortex-a76,Pi g++ and LLVM 21 captured by runner,MLIR 21,146ee6dd0004536789e6daba8fd817f6980b26940e0a8bc7ab6c1a1d4f74d88c,da8c6556563845a53458ece631269ce2076e6bc071b5bb68fcb78dc656688845,16398,11490,,139,0,21,,,143.46000202931464,,8.68084148294457
matmul_bias_relu_latency_row_v1,a7190332cb38049430d2305aef5fb26ff5251971,raspberry-pi5-cortex-a76,cortex-a76,"+neon,+fp-armv8",f32,matmul_bias_relu,m8_n8_k23_f32,tiled_vector_direct_k,tiled_vector_direct_cleanup,train,8,8,23,64,23,3072,1728,256,1.5483870967741935,True,True,True,0,0,512,tiled_vector,False,True,False,True,8,8,8,4,2,none,8,8,23,0,3072,1.0,0,0,0,0,0,7,none,none,direct_vector_cleanup,0,0,1,896,0,3456,6400,432,3,1.0,False,10,True,True,True,,,success,True,True,,True,100,20000,500.0,519.0,0.0,481.0,20593.0,85c2831c9644987462b6ce604f9fcb753703b29a8abb743abf98b2c0bfd67fd2,0,0,3,ondemand,,-O3 -mtriple=aarch64-linux-gnu -mcpu=cortex-a76,Pi g++ and LLVM 21 captured by runner,MLIR 21,bb262da14772c5847145292fce04af080da76af87def86747500e84eb1af0cd3,64c97be42aa2e74acd31389a20c27b44c977f989ef1c5f9891a599e5e35a18fa,64026,40255,,325,144,9,,,175.29397108592093,,6.214608098422191
matmul_bias_relu_latency_row_v1,a7190332cb38049430d2305aef5fb26ff5251971,raspberry-pi5-cortex-a76,cortex-a76,"+neon,+fp-armv8",f32,matmul_bias_relu,m8_n8_k23_f32,tiled_vector_materialized_tail,tiled_vector_materialized_tail,train,8,8,23,64,23,3072,1728,256,1.5483870967741935,True,True,True,0,0,512,tiled_vector,False,True,False,True,8,8,8,4,2,tile_materialized,8,8,23,0,3072,1.0,768,768,512,0,0,7,none,none,none,0,0,1,0,0,3456,6400,432,3,1.0,False,10,True,True,True,,,success,True,True,,True,100,20000,704.0,704.0,0.0,685.0,15333.0,7c68247a39aad160baf009cf0422ac365f9bf9160671d3addda728f6b09db8e0,0,0,3,ondemand,,-O3 -mtriple=aarch64-linux-gnu -mcpu=cortex-a76,Pi g++ and LLVM 21 captured by runner,MLIR 21,dd536ce8b55f4188c0154bf75c061fee47a9606c6cb92de5df410861270bbc6a,2d16b4f2e17e9700b972d587a1366b7dae5659cf5ced2c4ffd736c122a69b80d,86851,49399,,408,128,16,,,263.15314089879394,,6.556778356158042
matmul_bias_relu_latency_row_v1,a7190332cb38049430d2305aef5fb26ff5251971,raspberry-pi5-cortex-a76,cortex-a76,"+neon,+fp-armv8",f32,matmul_bias_relu,m8_n8_k23_f32,whole_shape_vector_materialized_padding,whole_shape_vector_materialized_padding,train,8,8,23,64,23,3072,1728,256,1.5483870967741935,True,True,True,0,0,512,whole_shape_vector,False,True,True,False,0,0,0,4,0,whole_shape_materialized,8,8,24,16,3200,1.0416666666666667,1792,1792,1728,0,0,7,none,none,none,0,0,0,0,0,3584,6656,448,1,1.0,False,10,True,True,True,,,success,True,True,,True,100,20000,574.0,593.0,0.0,574.0,24889.0,450a70bc5b02d8d45a6112db8067ebf6e87a6c52bbb51bfb49bf83c331e0aeee,1.78813934e-07,1.98468354e-06,3,ondemand,,-O3 -mtriple=aarch64-linux-gnu -mcpu=cortex-a76,Pi g++ and LLVM 21 captured by runner,MLIR 21,e3eccd2e4914444155ef16a09342c39f82b3671719b3c67e93e0b0ae3c8d548d,8f9230af4b8691c40af0cac4f32ec0ee3903860dd9e7df90121c5aec228bb4f9,127539,89364,,987,384,18,,,240.88173895142972,,6.352629396319567
matmul_bias_relu_latency_row_v1,a7190332cb38049430d2305aef5fb26ff5251971,raspberry-pi5-cortex-a76,cortex-a76,"+neon,+fp-armv8",f32,matmul_bias_relu,m8_n8_k23_f32,whole_shape_vector_no_padding,whole_shape_vector_no_padding,train,8,8,23,64,23,3072,1728,256,1.5483870967741935,True,True,True,0,0,512,whole_shape_vector,False,True,True,False,0,0,0,4,0,none,8,8,23,0,3072,1.0,0,0,0,0,0,7,none,none,none,0,0,0,0,0,3456,6400,432,1,1.0,False,10,True,True,True,,,success,True,True,,True,100,20000,185.0,186.0,0.0,166.0,16629.0,2e6b2361ffd7245b5d8ebe127dd37d2785d1be56a544c7ca1af571b8b645d065,1.78813934e-07,1.98468354e-06,3,ondemand,,-O3 -mtriple=aarch64-linux-gnu -mcpu=cortex-a76,Pi g++ and LLVM 21 captured by runner,MLIR 21,c2f52ce4941a735e4ab97ad2bb97de4d80114a8606768ba9447313b3f8662d32,10dec820e2eecae948635e83449ea6a647738e2a8c34e4667de1daedc618234e,113740,80525,,649,368,2,,,242.21338308416307,,5.220355825078324
matmul_bias_relu_latency_row_v1,a7190332cb38049430d2305aef5fb26ff5251971,raspberry-pi5-cortex-a76,cortex-a76,"+neon,+fp-armv8",f32,matmul_bias_relu,m8_n8_k24_f32,fused_scalar,scalar_baseline,train,8,8,24,64,24,3200,1792,256,1.5625,True,True,True,0,0,512,scalar,True,False,False,False,0,0,0,1,0,none,8,8,24,0,3200,1.0,0,0,0,0,0,0,none,none,none,0,0,0,0,0,512,512,64,1,1.0,False,8,True,True,True,,,success,True,True,,True,100,20000,6129.0,6130.0,1.0,6111.0,28315.0,d1cae0c1d6a2248fe2e44a349dea2adeb44b39bce29dda1aab06d8c25ade408c,1.1920929e-07,4.56204518e-07,3,ondemand,,-O3 -mtriple=aarch64-linux-gnu -mcpu=cortex-a76,Pi g++ and LLVM 21 captured by runner,MLIR 21,368793d6b334aae731d325651fbd3b59b593d9a4ef9c6033483f000a83ff2f58,81c3c5c32a5eca0dd52019b0b911575d0e2080691c6bb1bedae29339ca9e4f86,16398,11490,,139,0,21,,,151.33375604636967,,8.720786883485731
matmul_bias_relu_latency_row_v1,a7190332cb38049430d2305aef5fb26ff5251971,raspberry-pi5-cortex-a76,cortex-a76,"+neon,+fp-armv8",f32,matmul_bias_relu,m8_n8_k24_f32,tiled_vector_full_tiles,tiled_vector_full_tiles,train,8,8,24,64,24,3200,1792,256,1.5625,True,True,True,0,0,512,tiled_vector,False,True,False,True,8,8,8,4,3,none,8,8,24,0,3200,1.0,0,0,0,0,0,0,none,none,none,0,0,0,0,0,3584,6656,448,3,1.0,False,10,True,True,True,,,success,True,True,,True,100,20000,185.0,186.0,0.0,166.0,240.0,d422dea59e99a57dd674eeea22aba0127cb35f98e105d54004e04b3082eca9da,0,0,3,ondemand,,-O3 -mtriple=aarch64-linux-gnu -mcpu=cortex-a76,Pi g++ and LLVM 21 captured by runner,MLIR 21,bef79bfefcf56fde195755cd3fa5f210277a6cdbc7ea52fc228dfb19d8550af9,8ee1fc344bc5d3be752c70b1ec68cfc3f1be56157c2e70577952af0e493176c8,72890,41237,,310,128,6,,,217.6765240728855,,5.220355825078324
matmul_bias_relu_latency_row_v1,a7190332cb38049430d2305aef5fb26ff5251971,raspberry-pi5-cortex-a76,cortex-a76,"+neon,+fp-armv8",f32,matmul_bias_relu,m8_n8_k24_f32,whole_shape_vector_no_padding,whole_shape_vector_no_padding,train,8,8,24,64,24,3200,1792,256,1.5625,True,True,True,0,0,512,whole_shape_vector,False,True,True,False,0,0,0,4,0,none,8,8,24,0,3200,1.0,0,0,0,0,0,0,none,none,none,0,0,0,0,0,3584,6656,448,1,1.0,False,10,True,True,True,,,success,True,True,,True,100,20000,185.0,186.0,0.0,166.0,3000.0,16eadc134843bbe43c0befe8379d3ba6b68cf100c3ad972aaa08d3d006edbace,1.1920929e-07,1.96614029e-05,3,ondemand,,-O3 -mtriple=aarch64-linux-gnu -mcpu=cortex-a76,Pi g++ and LLVM 21 captured by runner,MLIR 21,c8790b082fd5395e81337e3a84bd892b30b50030a4339945b9aeec223f8974c1,350b4bf80416f488240436247a76873344b069b19c8898cdfd0d559f087b56e3,117681,83061,,671,384,2,,,242.95476009137928,,5.220355825078324
matmul_bias_relu_latency_row_v1,a7190332cb38049430d2305aef5fb26ff5251971,raspberry-pi5-cortex-a76,cortex-a76,"+neon,+fp-armv8",f32,matmul_bias_relu,m8_n8_k255_f32,fused_scalar,scalar_baseline,train,8,8,255,64,255,32768,16576,256,1.946768060836502,True,True,True,0,0,512,scalar,True,False,False,False,0,0,0,1,0,none,8,8,255,0,32768,1.0,0,0,0,0,0,7,none,none,none,0,0,0,0,0,512,512,64,1,1.0,False,8,True,True,True,,,success,True,True,,True,100,10000,61741.0,87167.0,18.0,61703.0,167963.0,6d663e1ead49e5b5d0b323419dd81f3f8c7772d5b6346da27b4955d2b56de53e,7.15255737e-07,0.000100736637,3,ondemand,,-O3 -mtriple=aarch64-linux-gnu -mcpu=cortex-a76,Pi g++ and LLVM 21 captured by runner,MLIR 21,8d4382d2a611632043c7d644c70409038244868544851a03de4cfa44e36b211f,416464aec71c4e339a7bd528072de37ccfeeefea394be6ca307de268bdf6a9a4,16402,11494,,139,0,21,,,149.44716612808406,,11.030703494879953
matmul_bias_relu_latency_row_v1,a7190332cb38049430d2305aef5fb26ff5251971,raspberry-pi5-cortex-a76,cortex-a76,"+neon,+fp-armv8",f32,matmul_bias_relu,m8_n8_k255_f32,tiled_vector_direct_k,tiled_vector_direct_cleanup,train,8,8,255,64,255,32768,16576,256,1.946768060836502,True,True,True,0,0,512,tiled_vector,False,True,False,True,8,8,8,4,31,none,8,8,255,0,32768,1.0,0,0,0,0,0,7,none,none,direct_vector_cleanup,0,0,1,896,0,33152,65792,4144,32,1.0,False,10,True,True,True,,,success,True,True,,True,100,10000,1315.0,1334.0,0.0,1296.0,5297.0,9d1d1e18a6b57fdfabcad3909ffd167d5ab842a1eb0c91fc1ecb3cb3f3d2ce6f,0,0,3,ondemand,,-O3 -mtriple=aarch64-linux-gnu -mcpu=cortex-a76,Pi g++ and LLVM 21 captured by runner,MLIR 21,c4cc707f58181302f44ccbecd2bafe7540b7d98ba28feec6991ca4bc937ed3ac,4b394a5e58bbfe5dc56a7c873e65fdfe368244fcdeeb95d36e460c4667b83b13,64040,40270,,327,144,9,,,180.65331992693245,,7.181591944611865
matmul_bias_relu_latency_row_v1,a7190332cb38049430d2305aef5fb26ff5251971,raspberry-pi5-cortex-a76,cortex-a76,"+neon,+fp-armv8",f32,matmul_bias_relu,m8_n8_k255_f32,tiled_vector_materialized_tail,tiled_vector_materialized_tail,train,8,8,255,64,255,32768,16576,256,1.946768060836502,True,True,True,0,0,512,tiled_vector,False,True,False,True,8,8,8,4,31,tile_materialized,8,8,255,0,32768,1.0,768,768,512,0,0,7,none,none,none,0,0,1,0,0,33152,65792,4144,32,1.0,False,10,True,True,True,,,success,True,True,,True,100,10000,6611.0,6612.0,0.0,6592.0,20611.0,095507a4ae4bfaceb5c001102faf6ff5ea9cb46af37b8569ae19e9d08311ec50,0,0,3,ondemand,,-O3 -mtriple=aarch64-linux-gnu -mcpu=cortex-a76,Pi g++ and LLVM 21 captured by runner,MLIR 21,f8e7fbf388940c00796f30474128cac12021a72ff483d8527eefac874c28d380,555624cc04018556c2437d3daf053410ca68c8f09e1492090f715aa2b6554073,86856,49405,,408,128,16,,,217.79494313523173,,8.796490207333578
matmul_bias_relu_latency_row_v1,a7190332cb38049430d2305aef5fb26ff5251971,raspberry-pi5-cortex-a76,cortex-a76,"+neon,+fp-armv8",f32,matmul_bias_relu,m8_n8_k256_f32,fused_scalar,scalar_baseline,validation,8,8,256,64,256,32896,16640,256,1.946969696969697,True,True,True,0,0,512,scalar,True,False,False,False,0,0,0,1,0,none,8,8,256,0,32896,1.0,0,0,0,0,0,0,none,none,none,0,0,0,0,0,512,512,64,1,1.0,False,8,True,True,True,,,success,True,True,,True,100,10000,61963.0,61981.0,1.0,61925.0,104722.0,dd9a9f6851407b4b186e78e9c786a911ed572efff72eed731436f9b8f9829b1e,9.53674316e-07,2.00354659e-06,3,ondemand,,-O3 -mtriple=aarch64-linux-gnu -mcpu=cortex-a76,Pi g++ and LLVM 21 captured by runner,MLIR 21,1f5d232a69e0a0e43f4273f3e9b0db27ce68c4de6dc7969edc30913cd14a8afb,c28f16e5029997bcd7c4d1c1f1af9bfde6c447cb7e5c88e08d0cadd4adb62336,16402,11494,,139,0,21,,,154.77880695834756,,11.034292711693084
matmul_bias_relu_latency_row_v1,a7190332cb38049430d2305aef5fb26ff5251971,raspberry-pi5-cortex-a76,cortex-a76,"+neon,+fp-armv8",f32,matmul_bias_relu,m8_n8_k256_f32,tiled_vector_full_tiles,tiled_vector_full_tiles,validation,8,8,256,64,256,32896,16640,256,1.946969696969697,True,True,True,0,0,512,tiled_vector,False,True,False,True,8,8,8,4,32,none,8,8,256,0,32896,1.0,0,0,0,0,0,0,none,none,none,0,0,0,0,0,33280,66048,4160,32,1.0,False,10,True,True,True,,,success,True,True,,True,100,10000,1148.0,1149.0,0.0,1129.0,19907.0,01e3d53b42186b4c0f2081941f6f88e11ca30315efa176d6157f1d74f9363734,0,0,3,ondemand,,-O3 -mtriple=aarch64-linux-gnu -mcpu=cortex-a76,Pi g++ and LLVM 21 captured by runner,MLIR 21,ac4c2d2244ff5982f5178d0b67aa7c978837c7333308adecc88d4cfa80d1d544,a15d9b8c0583dfdf89f12107583db220905bd55995d1d5dc218760a8bb202de1,72902,41249,,310,128,6,,,230.3686721716076,,7.045776576879511
matmul_bias_relu_latency_row_v1,a7190332cb38049430d2305aef5fb26ff5251971,raspberry-pi5-cortex-a76,cortex-a76,"+neon,+fp-armv8",f32,matmul_bias_relu,m8_n8_k257_f32,fused_scalar,scalar_baseline,heldout,8,8,257,64,257,33024,16704,256,1.9471698113207547,True,True,True,0,0,512,scalar,True,False,False,False,0,0,0,1,0,none,8,8,257,0,33024,1.0,0,0,0,0,0,1,none,none,none,0,0,0,0,0,512,512,64,1,1.0,False,8,True,True,True,,,success,True,True,,True,100,10000,62204.0,62241.0,18.0,62185.0,80111.0,f271f8e7d39c98f927de5fc6b221a1a14420dabafdf64a36243aadd6d663c7a7,7.15255737e-07,2.79026913e-06,3,ondemand,,-O3 -mtriple=aarch64-linux-gnu -mcpu=cortex-a76,Pi g++ and LLVM 21 captured by runner,MLIR 21,e0c95138431c8ae21c356274fda1b92bfad971bdf00dcf867e4fa0f86a1fe120,15dcbd8f4111d24ebd5f18c56c57d5c7a00ed1f18e930bd2477077ab579ceb84,16402,11494,,139,0,21,,,151.01893688552082,,11.038174585341228
matmul_bias_relu_latency_row_v1,a7190332cb38049430d2305aef5fb26ff5251971,raspberry-pi5-cortex-a76,cortex-a76,"+neon,+fp-armv8",f32,matmul_bias_relu,m8_n8_k257_f32,tiled_vector_direct_k,tiled_vector_direct_cleanup,heldout,8,8,257,64,257,33024,16704,256,1.9471698113207547,True,True,True,0,0,512,tiled_vector,False,True,False,True,8,8,8,4,32,none,8,8,257,0,33024,1.0,0,0,0,0,0,1,none,none,direct_vector_cleanup,0,0,1,128,0,33408,66304,4176,33,1.0,False,10,True,True,True,,,success,True,True,,True,100,10000,1018.0,1018.9999999999999,1.0,999.0000000000001,12852.0,c8254cd35993067a9390797c3cd1004d8539e3c5f5b7d0237e44b668b3652439,0,0,3,ondemand,,-O3 -mtriple=aarch64-linux-gnu -mcpu=cortex-a76,Pi g++ and LLVM 21 captured by runner,MLIR 21,06b9f20f713a101806b5869bedaa0295f5f211bc2795afdfe5de33be322715a3,cc9ba30e5894fb7cc9bf185f98c179aedfeeca18392e663c15da68295c904a47,63608,39773,,323,144,6,,,187.18815105967224,,6.925595197110468
matmul_bias_relu_latency_row_v1,a7190332cb38049430d2305aef5fb26ff5251971,raspberry-pi5-cortex-a76,cortex-a76,"+neon,+fp-armv8",f32,matmul_bias_relu,m8_n8_k257_f32,tiled_vector_materialized_tail,tiled_vector_materialized_tail,heldout,8,8,257,64,257,33024,16704,256,1.9471698113207547,True,True,True,0,0,512,tiled_vector,False,True,False,True,8,8,8,4,32,tile_materialized,8,8,257,0,33024,1.0,768,768,512,0,0,1,none,none,none,0,0,1,0,0,33408,66304,4176,33,1.0,False,10,True,True,True,,,success,True,True,,True,100,10000,6741.0,6760.0,0.0,6740.0,16760.0,0876c4ea4331e009749f8b47f2c32c683021e5e2eeab34bdbbe97f466a50a802,0,0,3,ondemand,,-O3 -mtriple=aarch64-linux-gnu -mcpu=cortex-a76,Pi g++ and LLVM 21 captured by runner,MLIR 21,c946b524f53a89d7a97e04209864cf6ab37916fccf6c4eb788b3085a83ab321d,3920fb4371224bc71a8521f11c896221cc7342a708c344584969287eea61dce9,86856,49405,,408,128,16,,,230.14756408520043,,8.815963560853438
matmul_bias_relu_latency_row_v1,a7190332cb38049430d2305aef5fb26ff5251971,raspberry-pi5-cortex-a76,cortex-a76,"+neon,+fp-armv8",f32,matmul_bias_relu,m8_n8_k25_f32,fused_scalar,scalar_baseline,train,8,8,25,64,25,3328,1856,256,1.5757575757575757,True,True,True,0,0,512,scalar,True,False,False,False,0,0,0,1,0,none,8,8,25,0,3328,1.0,0,0,0,0,0,1,none,none,none,0,0,0,0,0,512,512,64,1,1.0,False,8,True,True,True,,,success,True,True,,True,100,20000,6370.0,6371.0,0.0,6351.0,19019.0,decd88153cf3025b59c6431c7f5f10c1417edd2477cf3301fedf7670d17961d2,1.1920929e-07,1.12184971e-05,3,ondemand,,-O3 -mtriple=aarch64-linux-gnu -mcpu=cortex-a76,Pi g++ and LLVM 21 captured by runner,MLIR 21,906014138e92bba68bdfc62b8857581cd273fdd6927c6c82fbde5dc92229484f,3f900f1397fb83e168ee1c947615aed4a73ec226cd56b8ea61b406905c5c1a66,16398,11490,,139,0,21,,,147.6801389362663,,8.759354748566208
matmul_bias_relu_latency_row_v1,a7190332cb38049430d2305aef5fb26ff5251971,raspberry-pi5-cortex-a76,cortex-a76,"+neon,+fp-armv8",f32,matmul_bias_relu,m8_n8_k25_f32,tiled_vector_direct_k,tiled_vector_direct_cleanup,train,8,8,25,64,25,3328,1856,256,1.5757575757575757,True,True,True,0,0,512,tiled_vector,False,True,False,True,8,8,8,4,3,none,8,8,25,0,3328,1.0,0,0,0,0,0,1,none,none,direct_vector_cleanup,0,0,1,128,0,3712,6912,464,4,1.0,False,10,True,True,True,,,success,True,True,,True,100,20000,185.0,204.0,0.0,185.0,5111.0,284aa0700345fe1aacd33eb7ac146c4d747f3e878f2bc36c8b2765c6de7ef680,0,0,3,ondemand,,-O3 -mtriple=aarch64-linux-gnu -mcpu=cortex-a76,Pi g++ and LLVM 21 captured by runner,MLIR 21,559cb6a85c7e56955dbed74537605742560f2d2266e75770d4075d2f2e4d1c8d,646c59f659437f23f9e94e63c50cc6b800ffa14655ba4e794b8ff59d885286c5,63595,39759,,318,144,6,,,175.4024678375572,,5.220355825078324
matmul_bias_relu_latency_row_v1,a7190332cb38049430d2305aef5fb26ff5251971,raspberry-pi5-cortex-a76,cortex-a76,"+neon,+fp-armv8",f32,matmul_bias_relu,m8_n8_k25_f32,tiled_vector_materialized_tail,tiled_vector_materialized_tail,train,8,8,25,64,25,3328,1856,256,1.5757575757575757,True,True,True,0,0,512,tiled_vector,False,True,False,True,8,8,8,4,3,tile_materialized,8,8,25,0,3328,1.0,768,768,512,0,0,1,none,none,none,0,0,1,0,0,3712,6912,464,4,1.0,False,10,True,True,True,,,success,True,True,,True,100,20000,852.0,870.0,0.0,833.0,7056.0,d6f808e21dd5846a4a13afb8ee83a35dfeea613734256c38eb3b7c141cafd4dc,0,0,3,ondemand,,-O3 -mtriple=aarch64-linux-gnu -mcpu=cortex-a76,Pi g++ and LLVM 21 captured by runner,MLIR 21,d72aa7fa474b3cbe097228e9bdd2af0411e99a5b19b100dc9bade5de251419df,b2d0760a1cb770e685087aa97adafb9bdf0fd388ece7deb0291c1796331af706,86851,49399,,408,128,16,,,229.07319199293852,,6.747586526829315
matmul_bias_relu_latency_row_v1,a7190332cb38049430d2305aef5fb26ff5251971,raspberry-pi5-cortex-a76,cortex-a76,"+neon,+fp-armv8",f32,matmul_bias_relu,m8_n8_k25_f32,whole_shape_vector_materialized_padding,whole_shape_vector_materialized_padding,train,8,8,25,64,25,3328,1856,256,1.5757575757575757,True,True,True,0,0,512,whole_shape_vector,False,True,True,False,0,0,0,4,0,whole_shape_materialized,8,8,32,112,4224,1.2692307692307692,2304,2304,1856,0,0,1,none,none,none,0,0,0,0,0,4608,8704,576,1,1.0,False,10,True,True,True,,,success,True,True,,True,100,20000,759.0,760.0,0.0,740.0,5704.0,029737a37de0895090a79b5202a08edc69a2d8422c18d5b12fdc2e28a3df168a,2.98023224e-07,6.3104046e-06,3,ondemand,,-O3 -mtriple=aarch64-linux-gnu -mcpu=cortex-a76,Pi g++ and LLVM 21 captured by runner,MLIR 21,b85ec6f66dc3dc1ce1f49573a70cf0cb71bea7b76a690e1e170a42344e09c52d,b81a6efef7e6d1fcf32a3ac4109dbeff9364a77a888200a427b0e529c2d4573f,159148,110269,,1259,512,18,,,273.25244597159326,,6.63200177739563
matmul_bias_relu_latency_row_v1,a7190332cb38049430d2305aef5fb26ff5251971,raspberry-pi5-cortex-a76,cortex-a76,"+neon,+fp-armv8",f32,matmul_bias_relu,m8_n8_k25_f32,whole_shape_vector_no_padding,whole_shape_vector_no_padding,train,8,8,25,64,25,3328,1856,256,1.5757575757575757,True,True,True,0,0,512,whole_shape_vector,False,True,True,False,0,0,0,4,0,none,8,8,25,0,3328,1.0,0,0,0,0,0,1,none,none,none,0,0,0,0,0,3712,6912,464,1,1.0,False,10,True,True,True,,,success,True,True,,True,100,20000,185.0,204.0,0.0,185.0,15111.0,73fee24a39c9f0b9c2042c1b403840492267a2113ff1dd8d4c3d4b4f04eb82e4,2.98023224e-07,6.3104046e-06,3,ondemand,,-O3 -mtriple=aarch64-linux-gnu -mcpu=cortex-a76,Pi g++ and LLVM 21 captured by runner,MLIR 21,456f6faee1df6a8376c5fdad1aacaa54936ab62eed8aa7b17427c49654e60fe9,39fa28e04bd9ae36449f616d1bbc049039ccfd022b7888c4e6cd91e11fb160d6,121622,85629,,697,400,2,,,250.59593585319817,,5.220355825078324
matmul_bias_relu_latency_row_v1,a7190332cb38049430d2305aef5fb26ff5251971,raspberry-pi5-cortex-a76,cortex-a76,"+neon,+fp-armv8",f32,matmul_bias_relu,m8_n8_k2_f32,fused_scalar,scalar_baseline,train,8,8,2,64,2,384,384,256,0.6,True,True,True,0,0,512,scalar,True,False,False,False,0,0,0,1,0,none,8,8,2,0,384,1.0,0,0,0,0,0,2,none,none,none,0,0,0,0,0,512,512,64,1,1.0,False,8,True,True,True,,,success,True,True,,True,100,20000,815.0,834.0,1.0,814.0,8278.0,319b8045ddd4a8917f3f26aba49389708a93ad9b6a711fc48b399cbc232f37b5,2.98023224e-08,8.88345616e-07,3,ondemand,,-O3 -mtriple=aarch64-linux-gnu -mcpu=cortex-a76,Pi g++ and LLVM 21 captured by runner,MLIR 21,23570a5c863eb11993e65fd5cc84592eb32c6aaf1617576aa9d50d2a34c80697,cccd41621d616bf27d9973fe0b5c39d04f72e8523dba788827ec9ab79732f9f4,16394,11486,,139,0,21,,,156.23146179132164,,6.703188113240863
matmul_bias_relu_latency_row_v1,a7190332cb38049430d2305aef5fb26ff5251971,raspberry-pi5-cortex-a76,cortex-a76,"+neon,+fp-armv8",f32,matmul_bias_relu,m8_n8_k2_f32,tiled_vector_direct_k,tiled_vector_direct_cleanup,train,8,8,2,64,2,384,384,256,0.6,True,True,True,0,0,512,tiled_vector,False,True,False,True,8,8,8,4,0,none,8,8,2,0,384,1.0,0,0,0,0,0,2,none,none,direct_vector_cleanup,0,0,1,256,0,768,1024,96,1,1.0,False,10,True,True,True,,,success,True,True,,True,100,20000,167.0,185.0,0.0,148.0,241.0,1c20f3366f8dace1a7314c377ae5e338f8f0fc94b3f858ef31861cec8eb5ba9d,0,0,3,ondemand,,-O3 -mtriple=aarch64-linux-gnu -mcpu=cortex-a76,Pi g++ and LLVM 21 captured by runner,MLIR 21,da0e22310e0bf2990388a9bb7ec41fda9628fd4fd077e0247ffb17f718ed8cb6,91d1392eb2ea84d259370299bc58e6a84af3a862b0fc4dcdbbde27eebdebced8,26554,16607,,154,16,7,,,163.33015519194305,,5.117993812416755
matmul_bias_relu_latency_row_v1,a7190332cb38049430d2305aef5fb26ff5251971,raspberry-pi5-cortex-a76,cortex-a76,"+neon,+fp-armv8",f32,matmul_bias_relu,m8_n8_k2_f32,tiled_vector_materialized_tail,tiled_vector_materialized_tail,train,8,8,2,64,2,384,384,256,0.6,True,True,True,0,0,512,tiled_vector,False,True,False,True,8,8,8,4,0,tile_materialized,8,8,2,0,384,1.0,768,768,512,0,0,2,none,none,none,0,0,1,0,0,768,1024,96,1,1.0,False,10,True,True,True,,,success,True,True,,True,100,20000,223.0,241.0,1.0,222.0,11833.0,fe15dfb1411557c5f01fd0846a0127d18b5f67c0bf8c7c8c96af5091dce4b5f7,0,0,3,ondemand,,-O3 -mtriple=aarch64-linux-gnu -mcpu=cortex-a76,Pi g++ and LLVM 21 captured by runner,MLIR 21,b16795ed17ff97195445544cf2a4425dca93a8456cba8bf8eea34301d415173f,2867e7a91a0ea090ea8f1c116859dced48b83248a390aa4d9ad11577bcf892d1,80818,46449,,402,128,15,,,227.03284514136612,,5.407171771460119
matmul_bias_relu_latency_row_v1,a7190332cb38049430d2305aef5fb26ff5251971,raspberry-pi5-cortex-a76,cortex-a76,"+neon,+fp-armv8",f32,matmul_bias_relu,m8_n8_k2_f32,whole_shape_vector_materialized_padding,whole_shape_vector_materialized_padding,train,8,8,2,64,2,384,384,256,0.6,True,True,True,0,0,512,whole_shape_vector,False,True,True,False,0,0,0,4,0,whole_shape_materialized,8,8,8,96,1152,3.0,768,768,384,0,0,2,none,none,none,0,0,0,0,0,1536,2560,192,1,1.0,False,10,True,True,True,,,success,True,True,,True,100,20000,259.0,260.0,0.0,240.0,14555.0,b7be53585715fca4738545b3d962c4f68e3293a8af4734f7319f31f4e579ce3d,2.98023224e-08,4.0552816e-06,3,ondemand,,-O3 -mtriple=aarch64-linux-gnu -mcpu=cortex-a76,Pi g++ and LLVM 21 captured by runner,MLIR 21,1b8cb678b3105c20a1eaf4ab18693fbfd54cfd3780e4e8725f6290c80e2ef394,469fdc4876b90c413e3e900d5a9bdb1f0f1dadd6b380254097c9bafe826b6c48,64690,48475,,442,128,18,,,215.65482299774885,,5.556828061699537
matmul_bias_relu_latency_row_v1,a7190332cb38049430d2305aef5fb26ff5251971,raspberry-pi5-cortex-a76,cortex-a76,"+neon,+fp-armv8",f32,matmul_bias_relu,m8_n8_k2_f32,whole_shape_vector_no_padding,whole_shape_vector_no_padding,train,8,8,2,64,2,384,384,256,0.6,True,True,True,0,0,512,whole_shape_vector,False,True,True,False,0,0,0,4,0,none,8,8,2,0,384,1.0,0,0,0,0,0,2,none,none,none,0,0,0,0,0,768,1024,96,1,1.0,False,10,True,True,True,,,success,True,True,,True,100,20000,74.0,74.0,0.0,55.0,111.0,e090e79e16dbcc42da777a6b68d5e759fdaa8c533399b1c12cd8d476a00976e5,2.98023224e-08,4.0552816e-06,3,ondemand,,-O3 -mtriple=aarch64-linux-gnu -mcpu=cortex-a76,Pi g++ and LLVM 21 captured by runner,MLIR 21,cc76cc313c6aed0b5f5396435e0830bf228d309c41d14ac86788c038c6a378f0,45c26395640c438f1527e99b8ead6f4c7c8c0842b39ae10cd50b0f1ec535119e,32670,27511,,125,32,2,,,189.34239307418466,,4.30406509320417
matmul_bias_relu_latency_row_v1,a7190332cb38049430d2305aef5fb26ff5251971,raspberry-pi5-cortex-a76,cortex-a76,"+neon,+fp-armv8",f32,matmul_bias_relu,m8_n8_k31_f32,fused_scalar,scalar_baseline,train,8,8,31,64,31,4096,2240,256,1.641025641025641,True,True,True,0,0,512,scalar,True,False,False,False,0,0,0,1,0,none,8,8,31,0,4096,1.0,0,0,0,0,0,7,none,none,none,0,0,0,0,0,512,512,64,1,1.0,False,8,True,True,True,,,success,True,True,,True,100,20000,7815.000000000001,7815.000000000001,0.0,7796.0,22834.0,0f5dce64384a055641c494e2ccef0483588720d4e29bad4aa0b90e1ebbfd778a,1.78813934e-07,1.19216367e-06,3,ondemand,,-O3 -mtriple=aarch64-linux-gnu -mcpu=cortex-a76,Pi g++ and LLVM 21 captured by runner,MLIR 21,23764cecc9321f9443269ad590f199709b04a962cc783fd2bcb4484fa4d0c377,91b26a205f1cf8e9384c6356c8c6b7171c43fb9c0930fd3861f4d94f9a186047,16398,11490,,139,0,21,,,157.61643694713712,,8.963800242855577
matmul_bias_relu_latency_row_v1,a7190332cb38049430d2305aef5fb26ff5251971,raspberry-pi5-cortex-a76,cortex-a76,"+neon,+fp-armv8",f32,matmul_bias_relu,m8_n8_k31_f32,tiled_vector_direct_k,tiled_vector_direct_cleanup,train,8,8,31,64,31,4096,2240,256,1.641025641025641,True,True,True,0,0,512,tiled_vector,False,True,False,True,8,8,8,4,3,none,8,8,31,0,4096,1.0,0,0,0,0,0,7,none,none,direct_vector_cleanup,0,0,1,896,0,4480,8448,560,4,1.0,False,10,True,True,True,,,success,True,True,,True,100,20000,537.0,538.0,0.0,518.0,15945.0,c8f81d0a683f5876f9b75b2003cf6965e2b8bc50de19bc59a95b6c52a92ab1a1,0,0,3,ondemand,,-O3 -mtriple=aarch64-linux-gnu -mcpu=cortex-a76,Pi g++ and LLVM 21 captured by runner,MLIR 21,d93b85e4389a989d1ff79057e2bb840a955774c345ce5c9c7ef4cd8fa495e9bc,e0a30baa8431c78eb444c5e301f989668272d7790b24fe94f612807b9b8f6bed,64026,40256,,325,144,9,,,182.46420403011143,,6.285998094508865
matmul_bias_relu_latency_row_v1,a7190332cb38049430d2305aef5fb26ff5251971,raspberry-pi5-cortex-a76,cortex-a76,"+neon,+fp-armv8",f32,matmul_bias_relu,m8_n8_k31_f32,tiled_vector_materialized_tail,tiled_vector_materialized_tail,train,8,8,31,64,31,4096,2240,256,1.641025641025641,True,True,True,0,0,512,tiled_vector,False,True,False,True,8,8,8,4,3,tile_materialized,8,8,31,0,4096,1.0,768,768,512,0,0,7,none,none,none,0,0,1,0,0,4480,8448,560,4,1.0,False,10,True,True,True,,,success,True,True,,True,100,20000,907.0,926.0,0.0,888.0,15685.000000000002,cfcdc5c0223816c3ea4e39ea23414a910d944fe2c42e26bdff846841b9dc5efe,0,0,3,ondemand,,-O3 -mtriple=aarch64-linux-gnu -mcpu=cortex-a76,Pi g++ and LLVM 21 captured by runner,MLIR 21,cfb8a522cc1bfaeab16221e3453bdaf18395ebc50eb170392cc1c9c8922699d2,15512d91ce0e5c787d4f53d51169b40ebab2dc8dd794d1aae61fa3a8b2f4b0d3,86851,49399,,408,128,16,,,239.49659103527665,,6.810142450115136
matmul_bias_relu_latency_row_v1,a7190332cb38049430d2305aef5fb26ff5251971,raspberry-pi5-cortex-a76,cortex-a76,"+neon,+fp-armv8",f32,matmul_bias_relu,m8_n8_k31_f32,whole_shape_vector_materialized_padding,whole_shape_vector_materialized_padding,train,8,8,31,64,31,4096,2240,256,1.641025641025641,True,True,True,0,0,512,whole_shape_vector,False,True,True,False,0,0,0,4,0,whole_shape_materialized,8,8,32,16,4224,1.03125,2304,2304,2240,0,0,7,none,none,none,0,0,0,0,0,4608,8704,576,1,1.0,False,10,True,True,True,,,success,True,True,,True,100,20000,778.0,797.0,0.0,759.0,23130.0,fbde46aec7fcbe8262ef098b1df52a849fa656895fbe826f17c90782fb9fc8c7,1.78813934e-07,4.13803149e-06,3,ondemand,,-O3 -mtriple=aarch64-linux-gnu -mcpu=cortex-a76,Pi g++ and LLVM 21 captured by runner,MLIR 21,708c2fa948074dfa7c172a627f691f343096f015c2f7b5fc7c810f903ade93a4,ae48ac265fd598f1991d3ab28cb17e674fce71a3426e2c085a3d5a0bc1db6365,159148,110269,,1259,512,18,,,312.21905816346407,,6.656726524178391
matmul_bias_relu_latency_row_v1,a7190332cb38049430d2305aef5fb26ff5251971,raspberry-pi5-cortex-a76,cortex-a76,"+neon,+fp-armv8",f32,matmul_bias_relu,m8_n8_k31_f32,whole_shape_vector_no_padding,whole_shape_vector_no_padding,train,8,8,31,64,31,4096,2240,256,1.641025641025641,True,True,True,0,0,512,whole_shape_vector,False,True,True,False,0,0,0,4,0,none,8,8,31,0,4096,1.0,0,0,0,0,0,7,none,none,none,0,0,0,0,0,4480,8448,560,1,1.0,False,10,True,True,True,,,success,True,True,,True,100,20000,222.0,241.0,0.0,203.0,334.0,7a858a2be6b00778efe3030d9d1adc290cff04d198957f9b6441a5e5427a39b0,1.78813934e-07,4.13803149e-06,3,ondemand,,-O3 -mtriple=aarch64-linux-gnu -mcpu=cortex-a76,Pi g++ and LLVM 21 captured by runner,MLIR 21,c3b42757d44cee3e257084c8f2d049a71904feca1e07fa961cff586857070a47,f8347aee81dc4c76a9ee2f5fa62337a059620abf6092d0b26ffe415d1492634f,145269,101259,,879,496,2,,,282.4654511641711,,5.402677381872279
matmul_bias_relu_latency_row_v1,a7190332cb38049430d2305aef5fb26ff5251971,raspberry-pi5-cortex-a76,cortex-a76,"+neon,+fp-armv8",f32,matmul_bias_relu,m8_n8_k32_f32,fused_scalar,scalar_baseline,heldout,8,8,32,64,32,4224,2304,256,1.65,True,True,True,0,0,512,scalar,True,False,False,False,0,0,0,1,0,none,8,8,32,0,4224,1.0,0,0,0,0,0,0,none,none,none,0,0,0,0,0,512,512,64,1,1.0,False,8,True,True,True,,,success,True,True,,True,100,20000,8055.0,8056.000000000001,1.0,8037.000000000001,15666.0,417c433a282ba83cf7676c8b5ec77ca718511945d80417bceb081bd089bd5bba,2.38418579e-07,2.65416261e-05,3,ondemand,,-O3 -mtriple=aarch64-linux-gnu -mcpu=cortex-a76,Pi g++ and LLVM 21 captured by runner,MLIR 21,584cd43aa5c4612651782dc77d3ff198ad954058683d05e35fd444fbca8e3b2a,89513af8c36c1ac27cf7f874c50a3c84db2af9a87ac56a498ad8b6cd6cb7bd7f,16398,11490,,139,0,21,,,152.17427909374237,,8.994048295611075
matmul_bias_relu_latency_row_v1,a7190332cb38049430d2305aef5fb26ff5251971,raspberry-pi5-cortex-a76,cortex-a76,"+neon,+fp-armv8",f32,matmul_bias_relu,m8_n8_k32_f32,tiled_vector_full_tiles,tiled_vector_full_tiles,heldout,8,8,32,64,32,4224,2304,256,1.65,True,True,True,0,0,512,tiled_vector,False,True,False,True,8,8,8,4,4,none,8,8,32,0,4224,1.0,0,0,0,0,0,0,none,none,none,0,0,0,0,0,4608,8704,576,4,1.0,False,10,True,True,True,,,success,True,True,,True,100,20000,222.0,223.0,1.0,203.0,7778.0,55eb8dc16a29c95dbae36615d395cb0fa3e992ca114f6465a889444e8dcabf7f,0,0,3,ondemand,,-O3 -mtriple=aarch64-linux-gnu -mcpu=cortex-a76,Pi g++ and LLVM 21 captured by runner,MLIR 21,e78c9c16b8846cd819bd7fb109c98e8396c3f4660ed024378b8554400308935c,ab1c6502b7e777a2bf02c5695629255879ff8fdaefd8c9d28014501340c5f318,72890,41238,,310,128,6,,,218.6243471223861,,5.402677381872279
matmul_bias_relu_latency_row_v1,a7190332cb38049430d2305aef5fb26ff5251971,raspberry-pi5-cortex-a76,cortex-a76,"+neon,+fp-armv8",f32,matmul_bias_relu,m8_n8_k32_f32,whole_shape_vector_no_padding,whole_shape_vector_no_padding,heldout,8,8,32,64,32,4224,2304,256,1.65,True,True,True,0,0,512,whole_shape_vector,False,True,True,False,0,0,0,4,0,none,8,8,32,0,4224,1.0,0,0,0,0,0,0,none,none,none,0,0,0,0,0,4608,8704,576,1,1.0,False,10,True,True,True,,,success,True,True,,True,100,20000,222.0,223.0,0.0,203.0,16018.000000000002,bd5211d455369e6d424523a5545cefda1873c1f20833f217a1ac8b7b5a485149,1.49011612e-07,2.41915863e-05,3,ondemand,,-O3 -mtriple=aarch64-linux-gnu -mcpu=cortex-a76,Pi g++ and LLVM 21 captured by runner,MLIR 21,369b02efebb2a911ce44bb43a3ef89af70f54dac091aa58386f5a517f0f3e65e,151dd50f8e94af4ff0d4716618e241e2d7a6598964ceef688fc7e74439a40e03,149210,103861,,883,512,2,,,272.20586384646595,,5.402677381872279
matmul_bias_relu_latency_row_v1,a7190332cb38049430d2305aef5fb26ff5251971,raspberry-pi5-cortex-a76,cortex-a76,"+neon,+fp-armv8",f32,matmul_bias_relu,m8_n8_k33_f32,fused_scalar,scalar_baseline,train,8,8,33,64,33,4352,2368,256,1.6585365853658536,True,True,True,0,0,512,scalar,True,False,False,False,0,0,0,1,0,none,8,8,33,0,4352,1.0,0,0,0,0,0,1,none,none,none,0,0,0,0,0,512,512,64,1,1.0,False,8,True,True,True,,,success,True,True,,True,100,20000,8296.0,8297.0,1.0,8277.0,24889.0,d0c6db669b8cc76148e12550c6964ecba0b9dd4e393934a81e2e4ebe1d6986dc,1.78813934e-07,2.05412623e-06,3,ondemand,,-O3 -mtriple=aarch64-linux-gnu -mcpu=cortex-a76,Pi g++ and LLVM 21 captured by runner,MLIR 21,3f7671c2e8c2bcb8126f255f027a8f3ac7081114c52ca0059ba5f31ce7f36f0a,1311d30d4d7867d0929734a8d37e94b8658462f514225b9ab6da36e9a330d5b8,16398,11490,,139,0,21,,,174.58816920407116,,9.023528749909364
matmul_bias_relu_latency_row_v1,a7190332cb38049430d2305aef5fb26ff5251971,raspberry-pi5-cortex-a76,cortex-a76,"+neon,+fp-armv8",f32,matmul_bias_relu,m8_n8_k33_f32,tiled_vector_direct_k,tiled_vector_direct_cleanup,train,8,8,33,64,33,4352,2368,256,1.6585365853658536,True,True,True,0,0,512,tiled_vector,False,True,False,True,8,8,8,4,4,none,8,8,33,0,4352,1.0,0,0,0,0,0,1,none,none,direct_vector_cleanup,0,0,1,128,0,4736,8960,592,5,1.0,False,10,True,True,True,,,success,True,True,,True,100,20000,222.0,223.0,0.0,203.0,13574.0,3f8feb214fd7d1369dc75ec1c3deefd706359ab63403a32160be8d14ff4347e7,0,0,3,ondemand,,-O3 -mtriple=aarch64-linux-gnu -mcpu=cortex-a76,Pi g++ and LLVM 21 captured by runner,MLIR 21,706c7b86eb8baf57dc0101784823dba36cb7f590a73de05aa0bae947587eee53,30aab9e34e36b4682a5b2a216da3210e2a19f2ea1d9819fb36a998d266fab191,63595,39759,,320,144,6,,,174.06834405846894,,5.402677381872279
matmul_bias_relu_latency_row_v1,a7190332cb38049430d2305aef5fb26ff5251971,raspberry-pi5-cortex-a76,cortex-a76,"+neon,+fp-armv8",f32,matmul_bias_relu,m8_n8_k33_f32,tiled_vector_materialized_tail,tiled_vector_materialized_tail,train,8,8,33,64,33,4352,2368,256,1.6585365853658536,True,True,True,0,0,512,tiled_vector,False,True,False,True,8,8,8,4,4,tile_materialized,8,8,33,0,4352,1.0,768,768,512,0,0,1,none,none,none,0,0,1,0,0,4736,8960,592,5,1.0,False,10,True,True,True,,,success,True,True,,True,100,20000,1055.0,1056.0,1.0,1037.0,14500.0,4c1c789659ac21a31ae79d07f2939e0a8ee229718725ad49f40e0e5c56044958,0,0,3,ondemand,,-O3 -mtriple=aarch64-linux-gnu -mcpu=cortex-a76,Pi g++ and LLVM 21 captured by runner,MLIR 21,9d3950b197b828d36041a5f178fda7f53daa33a6eca4c9123fb07103b7542aab,844510bf6b7f4cafa5518aaf05209f471d2fc656d4c5ca2b2151a0674fed554c,86851,49399,,408,128,16,,,288.3789469487965,,6.961296045910167
matmul_bias_relu_latency_row_v1,a7190332cb38049430d2305aef5fb26ff5251971,raspberry-pi5-cortex-a76,cortex-a76,"+neon,+fp-armv8",f32,matmul_bias_relu,m8_n8_k33_f32,whole_shape_vector_materialized_padding,whole_shape_vector_materialized_padding,train,8,8,33,64,33,4352,2368,256,1.6585365853658536,True,True,True,0,0,512,whole_shape_vector,False,True,True,False,0,0,0,4,0,whole_shape_materialized,8,8,40,112,5248,1.2058823529411764,2816,2816,2368,0,0,1,none,none,none,0,0,0,0,0,5632,10752,704,1,1.0,False,10,True,True,True,,,success,True,True,,True,100,20000,908.0,926.0,1.0,888.0,18241.0,9c36f680ab6541930b34b43e8e74e24b0bfbc77fa6fbd8bfe01efa5e18d2958d,2.38418579e-07,1.47640322e-06,3,ondemand,,-O3 -mtriple=aarch64-linux-gnu -mcpu=cortex-a76,Pi g++ and LLVM 21 captured by runner,MLIR 21,6e36850c5528bc867ad9992b22fb3c7a93dd1c8eb96b1079a31c5c22d22f91f2,ce6fc0e56170f90702076129f3af5bc5d584373b89d897151efc488ebd4cad63,190757,131165,,1548,640,18,,,340.3487310279161,,6.811244378601294
matmul_bias_relu_latency_row_v1,a7190332cb38049430d2305aef5fb26ff5251971,raspberry-pi5-cortex-a76,cortex-a76,"+neon,+fp-armv8",f32,matmul_bias_relu,m8_n8_k33_f32,whole_shape_vector_no_padding,whole_shape_vector_no_padding,train,8,8,33,64,33,4352,2368,256,1.6585365853658536,True,True,True,0,0,512,whole_shape_vector,False,True,True,False,0,0,0,4,0,none,8,8,33,0,4352,1.0,0,0,0,0,0,1,none,none,none,0,0,0,0,0,4736,8960,592,1,1.0,False,10,True,True,True,,,success,True,True,,True,100,20000,241.0,241.0,0.0,222.0,7444.0,eca3a77126f015aaa91b056918998c7bc6480510da85edf6fa4b1d84cb3c1158,2.38418579e-07,1.47640322e-06,3,ondemand,,-O3 -mtriple=aarch64-linux-gnu -mcpu=cortex-a76,Pi g++ and LLVM 21 captured by runner,MLIR 21,be7bfc08bac35496db3c8256b26d964be238c0f3385377aa73cbd702d1cc1ac9,e17450e8f042d092bcb150deb6e2e8d150ae367291205a8ec4b06621661f1fe1,153152,106463,,906,528,2,,,277.76157786138356,,5.484796933490655
matmul_bias_relu_latency_row_v1,a7190332cb38049430d2305aef5fb26ff5251971,raspberry-pi5-cortex-a76,cortex-a76,"+neon,+fp-armv8",f32,matmul_bias_relu,m8_n8_k3_f32,fused_scalar,scalar_baseline,validation,8,8,3,64,3,512,448,256,0.7272727272727273,True,True,True,0,0,512,scalar,True,False,False,False,0,0,0,1,0,none,8,8,3,0,512,1.0,0,0,0,0,0,3,none,none,none,0,0,0,0,0,512,512,64,1,1.0,False,8,True,True,True,,,success,True,True,,True,100,20000,1056.0,1074.0,1.0,1055.0,22129.0,37be1961a4a5e5ec7144587046afe6ffe45eec5ed18eba264b5a987320eb735a,5.96046448e-08,3.05768319e-07,3,ondemand,,-O3 -mtriple=aarch64-linux-gnu -mcpu=cortex-a76,Pi g++ and LLVM 21 captured by runner,MLIR 21,7851ccec231d1f850fb2b3c60205ba17df551c8b09249b6625bac3fe6019297d,3b90ae91311d8d3b9a6c216e73b88b4e55b8b10886c0024b685f751a4322ce96,16394,11486,,139,0,21,,,155.94301908276975,,6.962243464266207
matmul_bias_relu_latency_row_v1,a7190332cb38049430d2305aef5fb26ff5251971,raspberry-pi5-cortex-a76,cortex-a76,"+neon,+fp-armv8",f32,matmul_bias_relu,m8_n8_k3_f32,tiled_vector_direct_k,tiled_vector_direct_cleanup,validation,8,8,3,64,3,512,448,256,0.7272727272727273,True,True,True,0,0,512,tiled_vector,False,True,False,True,8,8,8,4,0,none,8,8,3,0,512,1.0,0,0,0,0,0,3,none,none,direct_vector_cleanup,0,0,1,384,0,896,1280,112,1,1.0,False,10,True,True,True,,,success,True,True,,True,100,20000,222.0,240.0,0.0,203.0,10444.0,d6a2d4465955bfb79cf5791fd11bbfb3bd65509bf532063c5ec52edfabef9eda,0,0,3,ondemand,,-O3 -mtriple=aarch64-linux-gnu -mcpu=cortex-a76,Pi g++ and LLVM 21 captured by runner,MLIR 21,d3e92cda0155c98c2e01c5c0fe01521998d46fe1b05368652805dfe71677c5d0,25bb62c9a2b5815e42d8f116c2f6ce7f46725a6466170631c8c844f81f0aaaf4,26554,16607,,154,16,7,,,170.65112199634314,,5.402677381872279
matmul_bias_relu_latency_row_v1,a7190332cb38049430d2305aef5fb26ff5251971,raspberry-pi5-cortex-a76,cortex-a76,"+neon,+fp-armv8",f32,matmul_bias_relu,m8_n8_k3_f32,tiled_vector_materialized_tail,tiled_vector_materialized_tail,validation,8,8,3,64,3,512,448,256,0.7272727272727273,True,True,True,0,0,512,tiled_vector,False,True,False,True,8,8,8,4,0,tile_materialized,8,8,3,0,512,1.0,768,768,512,0,0,3,none,none,none,0,0,1,0,0,896,1280,112,1,1.0,False,10,True,True,True,,,success,True,True,,True,100,20000,241.0,241.0,0.0,222.0,15815.0,dfb8679e7678e254490c29a74867cff844e9e59ac31b742f9c7970f347ef4b0e,0,0,3,ondemand,,-O3 -mtriple=aarch64-linux-gnu -mcpu=cortex-a76,Pi g++ and LLVM 21 captured by runner,MLIR 21,9f8faacedff6f1d71f5844258706cec033d0a2b411dd2dbefd7a85d0adc759bc,0a2d55421196a9f92b356d56f3e6e040afda406a048a44ddb4262a9f29fe8bc7,80818,46449,,403,128,15,,,248.0357231106609,,5.484796933490655
matmul_bias_relu_latency_row_v1,a7190332cb38049430d2305aef5fb26ff5251971,raspberry-pi5-cortex-a76,cortex-a76,"+neon,+fp-armv8",f32,matmul_bias_relu,m8_n8_k3_f32,whole_shape_vector_materialized_padding,whole_shape_vector_materialized_padding,validation,8,8,3,64,3,512,448,256,0.7272727272727273,True,True,True,0,0,512,whole_shape_vector,False,True,True,False,0,0,0,4,0,whole_shape_materialized,8,8,8,80,1152,2.25,768,768,448,0,0,3,none,none,none,0,0,0,0,0,1536,2560,192,1,1.0,False,10,True,True,True,,,success,True,True,,True,100,20000,260.0,278.0,1.0,259.0,14555.0,3fa3dfcc3ecb16c7f992f13974f04b96c4c47011083b5982c48faedb0e48731d,5.96046448e-08,4.61593569e-07,3,ondemand,,-O3 -mtriple=aarch64-linux-gnu -mcpu=cortex-a76,Pi g++ and LLVM 21 captured by runner,MLIR 21,1cf79a9a8fa42a3876dfe28095e4813ae3a2ca9efe28a3976937dd7b10532e2e,0ec6d3a1374e46ce904d920a1afaff0d5a1ae112bcbee39d635a9bf0f071d8d3,64690,48475,,443,128,18,,,200.52682980895042,,5.560681631015528
matmul_bias_relu_latency_row_v1,a7190332cb38049430d2305aef5fb26ff5251971,raspberry-pi5-cortex-a76,cortex-a76,"+neon,+fp-armv8",f32,matmul_bias_relu,m8_n8_k3_f32,whole_shape_vector_no_padding,whole_shape_vector_no_padding,validation,8,8,3,64,3,512,448,256,0.7272727272727273,True,True,True,0,0,512,whole_shape_vector,False,True,True,False,0,0,0,4,0,none,8,8,3,0,512,1.0,0,0,0,0,0,3,none,none,none,0,0,0,0,0,896,1280,112,1,1.0,False,10,True,True,True,,,success,True,True,,True,100,20000,74.0,75.0,0.0,55.0,14148.0,474be2922231455d90a77ef55b498b7b1c7dbdaaed22e101e933c02035496a8c,5.96046448e-08,4.61593569e-07,3,ondemand,,-O3 -mtriple=aarch64-linux-gnu -mcpu=cortex-a76,Pi g++ and LLVM 21 captured by runner,MLIR 21,9f64478dbe1846a9b4fcc048f907e62ec2e4d4fd3c7b3c0696d52c2265b6fa74,8e79ac80062dbd5736c7b8241ff36ca97aa38c24373d94499a196dd0e3019922,36457,30014,,155,48,2,,,167.48524783179164,,4.30406509320417
matmul_bias_relu_latency_row_v1,a7190332cb38049430d2305aef5fb26ff5251971,raspberry-pi5-cortex-a76,cortex-a76,"+neon,+fp-armv8",f32,matmul_bias_relu,m8_n8_k4_f32,fused_scalar,scalar_baseline,heldout,8,8,4,64,4,640,512,256,0.8333333333333334,True,True,True,0,0,512,scalar,True,False,False,False,0,0,0,1,0,none,8,8,4,0,640,1.0,0,0,0,0,0,4,none,none,none,0,0,0,0,0,512,512,64,1,1.0,False,8,True,True,True,,,success,True,True,,True,100,20000,1297.0,1315.0,1.0,1296.0,9223.0,c8b25d9a21f11cdf9fd3b3b126a87207de62801ca0990330f44c56916e7f8ebf,5.96046448e-08,1.18556035e-06,3,ondemand,,-O3 -mtriple=aarch64-linux-gnu -mcpu=cortex-a76,Pi g++ and LLVM 21 captured by runner,MLIR 21,368e604e30576af522d3440f726d18d192a85196642292ddc9d8c7cfadb8d5ea,5750f0f11dce102ca2e3005020665ade498f047d422345987bf230bcf944fa3c,16394,11486,,139,0,21,,,177.4894141126424,,7.167809184316444
matmul_bias_relu_latency_row_v1,a7190332cb38049430d2305aef5fb26ff5251971,raspberry-pi5-cortex-a76,cortex-a76,"+neon,+fp-armv8",f32,matmul_bias_relu,m8_n8_k4_f32,tiled_vector_direct_k,tiled_vector_direct_cleanup,heldout,8,8,4,64,4,640,512,256,0.8333333333333334,True,True,True,0,0,512,tiled_vector,False,True,False,True,8,8,8,4,0,none,8,8,4,0,640,1.0,0,0,0,0,0,4,none,none,direct_vector_cleanup,0,0,1,512,0,1024,1536,128,1,1.0,False,10,True,True,True,,,success,True,True,,True,100,20000,278.0,278.0,0.0,259.0,16315.0,e643daa215e0dcd890243dc8ac70b0224a26ad19eb4d3c75182fd3d73dfc6c8f,0,0,3,ondemand,,-O3 -mtriple=aarch64-linux-gnu -mcpu=cortex-a76,Pi g++ and LLVM 21 captured by runner,MLIR 21,5f1ff5c9b9e22633a65110e8f719322a4cbcddd3e3a31e29ed52b9c8ffbe266d,4c39b8cbafde6f8e4635ca96b504fbfe99b2cf43e147197418b821fecd4e3d9e,26554,16607,,154,16,7,,,198.28851497732103,,5.627621113690637
matmul_bias_relu_latency_row_v1,a7190332cb38049430d2305aef5fb26ff5251971,raspberry-pi5-cortex-a76,cortex-a76,"+neon,+fp-armv8",f32,matmul_bias_relu,m8_n8_k4_f32,tiled_vector_materialized_tail,tiled_vector_materialized_tail,heldout,8,8,4,64,4,640,512,256,0.8333333333333334,True,True,True,0,0,512,tiled_vector,False,True,False,True,8,8,8,4,0,tile_materialized,8,8,4,0,640,1.0,768,768,512,0,0,4,none,none,none,0,0,1,0,0,1024,1536,128,1,1.0,False,10,True,True,True,,,success,True,True,,True,100,20000,241.0,241.0,0.0,222.0,12870.0,f50ee994c73fc9bde348a062850746b4f295ac7e2acaf3bd145c32c6cbc64237,0,0,3,ondemand,,-O3 -mtriple=aarch64-linux-gnu -mcpu=cortex-a76,Pi g++ and LLVM 21 captured by runner,MLIR 21,25f7be2949ae8d821662da5f60fae0d28b721a364b44065539d7f682e3d1110d,81208f997755cf361d0a45d688cdfdeba4e1485b040fd7c913d10915bd16a5a2,80818,46449,,403,128,15,,,268.68988014757633,,5.484796933490655
matmul_bias_relu_latency_row_v1,a7190332cb38049430d2305aef5fb26ff5251971,raspberry-pi5-cortex-a76,cortex-a76,"+neon,+fp-armv8",f32,matmul_bias_relu,m8_n8_k4_f32,whole_shape_vector_materialized_padding,whole_shape_vector_materialized_padding,heldout,8,8,4,64,4,640,512,256,0.8333333333333334,True,True,True,0,0,512,whole_shape_vector,False,True,True,False,0,0,0,4,0,whole_shape_materialized,8,8,8,64,1152,1.8,768,768,512,0,0,4,none,none,none,0,0,0,0,0,1536,2560,192,1,1.0,False,10,True,True,True,,,success,True,True,,True,100,20000,277.0,278.0,1.0,259.0,16500.0,1d560abba9a13dfa3fcffbfafb8ce58ca150e651a4fcd4333cb56512a129f665,5.96046448e-08,3.39219163e-07,3,ondemand,,-O3 -mtriple=aarch64-linux-gnu -mcpu=cortex-a76,Pi g++ and LLVM 21 captured by runner,MLIR 21,961f68a79dc9a64088854838d5dd2c069d51b7842485c13c48375f6e4971f203,12339a6805e67cd9b59d3d24d95aa925490d2252046a075855d49d1f43ea131e,64690,48475,,443,128,18,,,181.71893199905753,,5.6240175061873385
matmul_bias_relu_latency_row_v1,a7190332cb38049430d2305aef5fb26ff5251971,raspberry-pi5-cortex-a76,cortex-a76,"+neon,+fp-armv8",f32,matmul_bias_relu,m8_n8_k4_f32,whole_shape_vector_no_padding,whole_shape_vector_no_padding,heldout,8,8,4,64,4,640,512,256,0.8333333333333334,True,True,True,0,0,512,whole_shape_vector,False,True,True,False,0,0,0,4,0,none,8,8,4,0,640,1.0,0,0,0,0,0,4,none,none,none,0,0,0,0,0,1024,1536,128,1,1.0,False,10,True,True,True,,,success,True,True,,True,100,20000,74.0,93.0,0.0,74.0,148.0,48ddd9cbbfbcea9ea61c11974c9860272871ab772d110ea27b55b7e58c002845,5.96046448e-08,3.39219163e-07,3,ondemand,,-O3 -mtriple=aarch64-linux-gnu -mcpu=cortex-a76,Pi g++ and LLVM 21 captured by runner,MLIR 21,7eeb9ffb16b87332bf8bb53c7946cef9816c0ae703e91409ed45275aba47d2c8,20a9b5b678ba9d4799252e93a34f64f0000897eddf67f577650fcd399ae34bf1,40244,32517,,179,64,2,,,174.30621408857405,,4.30406509320417
matmul_bias_relu_latency_row_v1,a7190332cb38049430d2305aef5fb26ff5251971,raspberry-pi5-cortex-a76,cortex-a76,"+neon,+fp-armv8",f32,matmul_bias_relu,m8_n8_k5_f32,fused_scalar,scalar_baseline,heldout,8,8,5,64,5,768,576,256,0.9230769230769231,True,True,True,0,0,512,scalar,True,False,False,False,0,0,0,1,0,none,8,8,5,0,768,1.0,0,0,0,0,0,5,none,none,none,0,0,0,0,0,512,512,64,1,1.0,False,8,True,True,True,,,success,True,True,,True,100,20000,1537.0,1556.0,0.0,1537.0,27426.0,a1170c74e07b2c801622379d698cf087e8f18f1b1f590f2c505ac16a8f3d2856,5.96046448e-08,1.07001997e-06,3,ondemand,,-O3 -mtriple=aarch64-linux-gnu -mcpu=cortex-a76,Pi g++ and LLVM 21 captured by runner,MLIR 21,48f34c2d80ead2ede0055d2738d7bb25a7306fa4e97084cdd87ecd3c90d1b375,d85122e47b6efddfe567811e660d2c85a1b3d98397d44d14753c4f0f2028849f,16394,11486,,139,0,21,,,147.19477808102965,,7.337587743538596
matmul_bias_relu_latency_row_v1,a7190332cb38049430d2305aef5fb26ff5251971,raspberry-pi5-cortex-a76,cortex-a76,"+neon,+fp-armv8",f32,matmul_bias_relu,m8_n8_k5_f32,tiled_vector_direct_k,tiled_vector_direct_cleanup,heldout,8,8,5,64,5,768,576,256,0.9230769230769231,True,True,True,0,0,512,tiled_vector,False,True,False,True,8,8,8,4,0,none,8,8,5,0,768,1.0,0,0,0,0,0,5,none,none,direct_vector_cleanup,0,0,1,640,0,1152,1792,144,1,1.0,False,10,True,True,True,,,success,True,True,,True,100,20000,333.0,352.0,0.0,314.0,11463.0,8e5dd6c08c28b6ed21918dbb596fd81cfa1628e02c4dc5aeb6f542cab6597484,0,0,3,ondemand,,-O3 -mtriple=aarch64-linux-gnu -mcpu=cortex-a76,Pi g++ and LLVM 21 captured by runner,MLIR 21,993168fe4f3864c360d4ffc6ab753d064fa4e693e1a2cdb87fd3125e6980fe92,547ea90a62de967d91eb8598fa9119c56809b8ad1350fdf71a27b69ed69fe929,26554,16607,,154,16,7,,,166.22496396303177,,5.808142489980444
matmul_bias_relu_latency_row_v1,a7190332cb38049430d2305aef5fb26ff5251971,raspberry-pi5-cortex-a76,cortex-a76,"+neon,+fp-armv8",f32,matmul_bias_relu,m8_n8_k5_f32,tiled_vector_materialized_tail,tiled_vector_materialized_tail,heldout,8,8,5,64,5,768,576,256,0.9230769230769231,True,True,True,0,0,512,tiled_vector,False,True,False,True,8,8,8,4,0,tile_materialized,8,8,5,0,768,1.0,768,768,512,0,0,5,none,none,none,0,0,1,0,0,1152,1792,144,1,1.0,False,10,True,True,True,,,success,True,True,,True,100,20000,241.0,260.0,1.0,240.0,10259.0,802b1b0219243a2c02cadc56b518dc1864cce3e23dc76b612e47edbb90e24083,0,0,3,ondemand,,-O3 -mtriple=aarch64-linux-gnu -mcpu=cortex-a76,Pi g++ and LLVM 21 captured by runner,MLIR 21,c6d6b4e95fbf1a35682a44eee4b6fbda8a8bf32458a31cc3b47f1b58173ca585,da30c9b011d8fda60ec048b5c00d411050bbce58979062eac2d4ec235a684eda,80818,46449,,403,128,15,,,233.92280004918575,,5.484796933490655
matmul_bias_relu_latency_row_v1,a7190332cb38049430d2305aef5fb26ff5251971,raspberry-pi5-cortex-a76,cortex-a76,"+neon,+fp-armv8",f32,matmul_bias_relu,m8_n8_k5_f32,whole_shape_vector_materialized_padding,whole_shape_vector_materialized_padding,heldout,8,8,5,64,5,768,576,256,0.9230769230769231,True,True,True,0,0,512,whole_shape_vector,False,True,True,False,0,0,0,4,0,whole_shape_materialized,8,8,8,48,1152,1.5,768,768,576,0,0,5,none,none,none,0,0,0,0,0,1536,2560,192,1,1.0,False,10,True,True,True,,,success,True,True,,True,100,20000,278.0,297.0,0.0,259.0,14575.0,fc0f398606658e71d74037f4f29aa9cba3a0e8c3141f684de00cbb6b28aa2472,5.96046448e-08,0.000388716126,3,ondemand,,-O3 -mtriple=aarch64-linux-gnu -mcpu=cortex-a76,Pi g++ and LLVM 21 captured by runner,MLIR 21,b109f2b74880149936b30bafe552983d199ffe329055f1ff79479d2ff0c48563,1378e2c31ac55caea2e492bda6f297217072652f2460af72f249ac0b941e1f47,64690,48475,,443,128,18,,,177.34152800403535,,5.627621113690637
matmul_bias_relu_latency_row_v1,a7190332cb38049430d2305aef5fb26ff5251971,raspberry-pi5-cortex-a76,cortex-a76,"+neon,+fp-armv8",f32,matmul_bias_relu,m8_n8_k5_f32,whole_shape_vector_no_padding,whole_shape_vector_no_padding,heldout,8,8,5,64,5,768,576,256,0.9230769230769231,True,True,True,0,0,512,whole_shape_vector,False,True,True,False,0,0,0,4,0,none,8,8,5,0,768,1.0,0,0,0,0,0,5,none,none,none,0,0,0,0,0,1152,1792,144,1,1.0,False,10,True,True,True,,,success,True,True,,True,100,20000,92.0,93.0,1.0,74.0,13759.0,571fff5e7bae6c1f0a66d9c3aaeeaa8d0324d624cae79dd861b8d4f7d8492880,5.96046448e-08,0.000388716126,3,ondemand,,-O3 -mtriple=aarch64-linux-gnu -mcpu=cortex-a76,Pi g++ and LLVM 21 captured by runner,MLIR 21,25bd64e0ce20cf59d26c2a3d4baeb7f6350e4ac13252e5855fe46de5f1ecdbe0,d7022cc490e42e5a399caf76cfce94def12da5c9f8265cde70ad2597146a92b1,44031,35022,,202,80,2,,,174.24502409994602,,4.5217885770490405
matmul_bias_relu_latency_row_v1,a7190332cb38049430d2305aef5fb26ff5251971,raspberry-pi5-cortex-a76,cortex-a76,"+neon,+fp-armv8",f32,matmul_bias_relu,m8_n8_k63_f32,fused_scalar,scalar_baseline,train,8,8,63,64,63,8192,4288,256,1.8028169014084507,True,True,True,0,0,512,scalar,True,False,False,False,0,0,0,1,0,none,8,8,63,0,8192,1.0,0,0,0,0,0,7,none,none,none,0,0,0,0,0,512,512,64,1,1.0,False,8,True,True,True,,,success,True,True,,True,100,20000,15519.0,15537.0,1.0,15518.0,20796.0,429f9a01dcea8c5f95879d27409c86c1ad6aa8839b77e1859c23af25adccb684,2.68220901e-07,3.13953507e-06,3,ondemand,,-O3 -mtriple=aarch64-linux-gnu -mcpu=cortex-a76,Pi g++ and LLVM 21 captured by runner,MLIR 21,7e7f357267660cc26d38d129c486d892ae8d447d15bc2193a152ce14430dd06d,e8dda511d130968bc1e60698fce5edc116efc987ccd681710a14883636bc49ec,16398,11490,,139,0,21,,,149.34931206516922,,9.649820358671624
matmul_bias_relu_latency_row_v1,a7190332cb38049430d2305aef5fb26ff5251971,raspberry-pi5-cortex-a76,cortex-a76,"+neon,+fp-armv8",f32,matmul_bias_relu,m8_n8_k63_f32,tiled_vector_direct_k,tiled_vector_direct_cleanup,train,8,8,63,64,63,8192,4288,256,1.8028169014084507,True,True,True,0,0,512,tiled_vector,False,True,False,True,8,8,8,4,7,none,8,8,63,0,8192,1.0,0,0,0,0,0,7,none,none,direct_vector_cleanup,0,0,1,896,0,8576,16640,1072,8,1.0,False,10,True,True,True,,,success,True,True,,True,100,20000,648.0,649.0,0.0,611.0,9352.0,9f62d9bea10e6258ac6b1418928bc9405dcbe4b4f17d4738c0d2cb75517b809f,0,0,3,ondemand,,-O3 -mtriple=aarch64-linux-gnu -mcpu=cortex-a76,Pi g++ and LLVM 21 captured by runner,MLIR 21,c824f951fa217c3714b96eccf958008bc78a53bcc3154a35759c3db72b920f50,b710bb895dd745546f536a99a4427683ba34c2614c6eb4186c214698ed0ef954,64026,40258,,324,144,9,,,182.74916894733906,,6.473890696352274
matmul_bias_relu_latency_row_v1,a7190332cb38049430d2305aef5fb26ff5251971,raspberry-pi5-cortex-a76,cortex-a76,"+neon,+fp-armv8",f32,matmul_bias_relu,m8_n8_k63_f32,tiled_vector_materialized_tail,tiled_vector_materialized_tail,train,8,8,63,64,63,8192,4288,256,1.8028169014084507,True,True,True,0,0,512,tiled_vector,False,True,False,True,8,8,8,4,7,tile_materialized,8,8,63,0,8192,1.0,768,768,512,0,0,7,none,none,none,0,0,1,0,0,8576,16640,1072,8,1.0,False,10,True,True,True,,,success,True,True,,True,100,20000,1722.0,1741.0,0.0,1703.0,14370.0,bb1e1d3cfa03227a855fbc3db79b4f0b9f9481646c2fb9e511d2c0ecaec43a80,0,0,3,ondemand,,-O3 -mtriple=aarch64-linux-gnu -mcpu=cortex-a76,Pi g++ and LLVM 21 captured by runner,MLIR 21,d08bf6abda5a24b5aa6d1f363d0655667990f13f5da095a90bd33fed016d187e,ebaf9803397a6021518da5c2d99a74eb201442783e40dacb6f993b90d0a3388b,86851,49399,,408,128,16,,,240.6978909857571,,7.451241684987676
matmul_bias_relu_latency_row_v1,a7190332cb38049430d2305aef5fb26ff5251971,raspberry-pi5-cortex-a76,cortex-a76,"+neon,+fp-armv8",f32,matmul_bias_relu,m8_n8_k64_f32,fused_scalar,scalar_baseline,train,8,8,64,64,64,8320,4352,256,1.8055555555555556,True,True,True,0,0,512,scalar,True,False,False,False,0,0,0,1,0,none,8,8,64,0,8320,1.0,0,0,0,0,0,0,none,none,none,0,0,0,0,0,512,512,64,1,1.0,False,8,True,True,True,,,success,True,True,,True,100,20000,15760.0,15778.0,1.0,15740.0,29223.0,64863c71db5cc67411a50b8d0ea6865207c15b701e4deaeba27486c34e2eb07e,2.38418579e-07,6.90417012e-05,3,ondemand,,-O3 -mtriple=aarch64-linux-gnu -mcpu=cortex-a76,Pi g++ and LLVM 21 captured by runner,MLIR 21,f0373bcb35e6225a3b880a899290b1dcab24167d9c6675e9bc972947045c7f13,85967d17c682bf34846d545c002afd56eb5fafbb7d62d757b4874ec5a5e20e56,16398,11490,,139,0,21,,,143.21386395022273,,9.66523036341187
matmul_bias_relu_latency_row_v1,a7190332cb38049430d2305aef5fb26ff5251971,raspberry-pi5-cortex-a76,cortex-a76,"+neon,+fp-armv8",f32,matmul_bias_relu,m8_n8_k64_f32,tiled_vector_full_tiles,tiled_vector_full_tiles,train,8,8,64,64,64,8320,4352,256,1.8055555555555556,True,True,True,0,0,512,tiled_vector,False,True,False,True,8,8,8,4,8,none,8,8,64,0,8320,1.0,0,0,0,0,0,0,none,none,none,0,0,0,0,0,8704,16896,1088,8,1.0,False,10,True,True,True,,,success,True,True,,True,100,20000,352.0,352.0,0.0,333.0,17092.0,a8d440a0dd8542f94eda52aca57d7dc3796f6a12c6af3c10e46e1106d1a0081e,0,0,3,ondemand,,-O3 -mtriple=aarch64-linux-gnu -mcpu=cortex-a76,Pi g++ and LLVM 21 captured by runner,MLIR 21,a34c35614fe6db4ccec2a0f91192dce80f97f386951672cab746695b1426faa3,4e981175e6acf6e8f9fdc7538d68b8e16cf30a7cc86d2457f38102ee3f2213fe,72890,41240,,310,128,6,,,282.42591908201575,,5.863631175598097
matmul_bias_relu_latency_row_v1,a7190332cb38049430d2305aef5fb26ff5251971,raspberry-pi5-cortex-a76,cortex-a76,"+neon,+fp-armv8",f32,matmul_bias_relu,m8_n8_k65_f32,fused_scalar,scalar_baseline,train,8,8,65,64,65,8448,4416,256,1.8082191780821917,True,True,True,0,0,512,scalar,True,False,False,False,0,0,0,1,0,none,8,8,65,0,8448,1.0,0,0,0,0,0,1,none,none,none,0,0,0,0,0,512,512,64,1,1.0,False,8,True,True,True,,,success,True,True,,True,100,20000,16000.0,16018.999999999998,0.0,15980.999999999998,31573.999999999996,d7244a59d89094cef19151865a4c8ef4fc491bbbe2a22b003bf08b487b93a22c,1.78813934e-07,1.29834569e-06,3,ondemand,,-O3 -mtriple=aarch64-linux-gnu -mcpu=cortex-a76,Pi g++ and LLVM 21 captured by runner,MLIR 21,9648d8c5d4c78536a8a5c0aabb1661bd88241253ba5ddf714e7deea0f5932165,fd05cf3a7e57dddde425bc939fc27579954c2e98dd8c17d376131bf77bffc4f9,16398,11490,,139,0,21,,,146.40265284106135,,9.680344001221918
matmul_bias_relu_latency_row_v1,a7190332cb38049430d2305aef5fb26ff5251971,raspberry-pi5-cortex-a76,cortex-a76,"+neon,+fp-armv8",f32,matmul_bias_relu,m8_n8_k65_f32,tiled_vector_direct_k,tiled_vector_direct_cleanup,train,8,8,65,64,65,8448,4416,256,1.8082191780821917,True,True,True,0,0,512,tiled_vector,False,True,False,True,8,8,8,4,8,none,8,8,65,0,8448,1.0,0,0,0,0,0,1,none,none,direct_vector_cleanup,0,0,1,128,0,8832,17152,1104,9,1.0,False,10,True,True,True,,,success,True,True,,True,100,20000,333.0,334.0,0.0,314.0,37056.0,487505eb637360717c59a646deb467ea01decac4b377c9116fdfefc180880d30,0,0,3,ondemand,,-O3 -mtriple=aarch64-linux-gnu -mcpu=cortex-a76,Pi g++ and LLVM 21 captured by runner,MLIR 21,79cd67f54a14e0860b009460b252b674b954f8ee0e7908106ff7b1f5ea5eb879,473e34092342a8afbf4c06daab52d5e59e5ca2902f671e5e9d3faee097b4f8d8,63595,39761,,321,144,6,,,176.10767693258822,,5.808142489980444
matmul_bias_relu_latency_row_v1,a7190332cb38049430d2305aef5fb26ff5251971,raspberry-pi5-cortex-a76,cortex-a76,"+neon,+fp-armv8",f32,matmul_bias_relu,m8_n8_k65_f32,tiled_vector_materialized_tail,tiled_vector_materialized_tail,train,8,8,65,64,65,8448,4416,256,1.8082191780821917,True,True,True,0,0,512,tiled_vector,False,True,False,True,8,8,8,4,8,tile_materialized,8,8,65,0,8448,1.0,768,768,512,0,0,1,none,none,none,0,0,1,0,0,8832,17152,1104,9,1.0,False,10,True,True,True,,,success,True,True,,True,100,20000,1870.0,1871.0,1.0,1851.0,20963.0,fbf66956a87524634c3399e62186df11220b248f142cd8d37591cbe5a8fbf7c0,0,0,3,ondemand,,-O3 -mtriple=aarch64-linux-gnu -mcpu=cortex-a76,Pi g++ and LLVM 21 captured by runner,MLIR 21,7073b804e06b1d7f32d4a363000a5b9b977fdb2b59878c2f480b71dd6dac8f6e,d96c9be7b21cab53de4b5c772e171543f9c5d9ca573e143446748ddca1ade95f,86851,49399,,408,128,16,,,235.8601070009172,,7.533693709848633
matmul_bias_relu_latency_row_v1,a7190332cb38049430d2305aef5fb26ff5251971,raspberry-pi5-cortex-a76,cortex-a76,"+neon,+fp-armv8",f32,matmul_bias_relu,m8_n8_k6_f32,fused_scalar,scalar_baseline,validation,8,8,6,64,6,896,640,256,1.0,True,True,True,0,0,512,scalar,True,False,False,False,0,0,0,1,0,none,8,8,6,0,896,1.0,0,0,0,0,0,6,none,none,none,0,0,0,0,0,512,512,64,1,1.0,False,8,True,True,True,,,success,True,True,,True,100,20000,1778.0,1797.0,0.0,1777.0,16851.0,61d097bd03245edd0f7bc079acbdfd8b6cbee022774120bd5315c88d6bd2a4b6,2.98023224e-08,4.06255192e-07,3,ondemand,,-O3 -mtriple=aarch64-linux-gnu -mcpu=cortex-a76,Pi g++ and LLVM 21 captured by runner,MLIR 21,e75e2bd15def3100c8d598f9f7dadf9bcfd21ae15fe495e08202048e5ab0bd2a,96e8554f700bc70ecacc5d5d92fdf795c5697aaf8ffb63d16cdd2ec057d5f2e0,16394,11486,,139,0,21,,,167.98078804276884,,7.48324441607385
matmul_bias_relu_latency_row_v1,a7190332cb38049430d2305aef5fb26ff5251971,raspberry-pi5-cortex-a76,cortex-a76,"+neon,+fp-armv8",f32,matmul_bias_relu,m8_n8_k6_f32,tiled_vector_direct_k,tiled_vector_direct_cleanup,validation,8,8,6,64,6,896,640,256,1.0,True,True,True,0,0,512,tiled_vector,False,True,False,True,8,8,8,4,0,none,8,8,6,0,896,1.0,0,0,0,0,0,6,none,none,direct_vector_cleanup,0,0,1,768,0,1280,2048,160,1,1.0,False,10,True,True,True,,,success,True,True,,True,100,20000,389.0,408.0,0.0,370.0,8185.0,3be11d7465f749a3153908fa835930426e840f414fe495b789144d90d8eddba2,0,0,3,ondemand,,-O3 -mtriple=aarch64-linux-gnu -mcpu=cortex-a76,Pi g++ and LLVM 21 captured by runner,MLIR 21,3255c1af19cadab5071b505e4dbe7e2783ed58290521e20cc99cc9afe7907f51,c0c6208c780d41dad67ffe9c7b3381820f801325db3137e9e84f97b157f4aae0,26554,16607,,154,16,7,,,198.83928005583584,,5.963579343618446
matmul_bias_relu_latency_row_v1,a7190332cb38049430d2305aef5fb26ff5251971,raspberry-pi5-cortex-a76,cortex-a76,"+neon,+fp-armv8",f32,matmul_bias_relu,m8_n8_k6_f32,tiled_vector_materialized_tail,tiled_vector_materialized_tail,validation,8,8,6,64,6,896,640,256,1.0,True,True,True,0,0,512,tiled_vector,False,True,False,True,8,8,8,4,0,tile_materialized,8,8,6,0,896,1.0,768,768,512,0,0,6,none,none,none,0,0,1,0,0,1280,2048,160,1,1.0,False,10,True,True,True,,,success,True,True,,True,100,20000,259.0,260.0,1.0,240.0,6296.0,7397d07733cfeba217fc19f0da082a2cc52050c08e2378cb5080a167114ab36c,0,0,3,ondemand,,-O3 -mtriple=aarch64-linux-gnu -mcpu=cortex-a76,Pi g++ and LLVM 21 captured by runner,MLIR 21,7595344da4a14ac649940c256b3b400bbc514cf64ea8527adc36e298028d75e9,7b3e1623500d394bac5b6b6cc3dd5285c949e079549b30dbfb5ac558ba32c9a0,80818,46449,,403,128,15,,,252.61520384810865,,5.556828061699537
matmul_bias_relu_latency_row_v1,a7190332cb38049430d2305aef5fb26ff5251971,raspberry-pi5-cortex-a76,cortex-a76,"+neon,+fp-armv8",f32,matmul_bias_relu,m8_n8_k6_f32,whole_shape_vector_materialized_padding,whole_shape_vector_materialized_padding,validation,8,8,6,64,6,896,640,256,1.0,True,True,True,0,0,512,whole_shape_vector,False,True,True,False,0,0,0,4,0,whole_shape_materialized,8,8,8,32,1152,1.2857142857142858,768,768,640,0,0,6,none,none,none,0,0,0,0,0,1536,2560,192,1,1.0,False,10,True,True,True,,,success,True,True,,True,100,20000,278.0,297.0,0.0,277.0,4648.0,d76c19f426b991c76434215dce55df0ee041c8bb2d3c29804ad9d64119dfcca3,5.96046448e-08,3.93750084e-07,3,ondemand,,-O3 -mtriple=aarch64-linux-gnu -mcpu=cortex-a76,Pi g++ and LLVM 21 captured by runner,MLIR 21,3e8fd032871b42ee88126bd50f050cb263db38805781627b5c7a81f479d55a3c,0e8d470c9b17baabb6612da27de2c3ff7d5341b5b5b957755eff6ef2d96ff70c,64690,48475,,443,128,18,,,183.6769161745906,,5.627621113690637
matmul_bias_relu_latency_row_v1,a7190332cb38049430d2305aef5fb26ff5251971,raspberry-pi5-cortex-a76,cortex-a76,"+neon,+fp-armv8",f32,matmul_bias_relu,m8_n8_k6_f32,whole_shape_vector_no_padding,whole_shape_vector_no_padding,validation,8,8,6,64,6,896,640,256,1.0,True,True,True,0,0,512,whole_shape_vector,False,True,True,False,0,0,0,4,0,none,8,8,6,0,896,1.0,0,0,0,0,0,6,none,none,none,0,0,0,0,0,1280,2048,160,1,1.0,False,10,True,True,True,,,success,True,True,,True,100,20000,93.0,93.0,0.0,74.0,19296.0,ad30cf23dcd29d684a1d1ea6ae96fa6c9fc9d5b976c91e146289ce47b9fd9a0c,5.96046448e-08,3.93750084e-07,3,ondemand,,-O3 -mtriple=aarch64-linux-gnu -mcpu=cortex-a76,Pi g++ and LLVM 21 captured by runner,MLIR 21,bf02b1bd6dbcf2739135b93bfc6245c1a405cfdf968f0b3aadaa71308d62b126,e521f6446895b573d58c0f92ddd7392952c14be239b98a27fecaa147c83d6ee9,47818,37525,,235,96,2,,,173.53604407981038,,4.532599493153256
matmul_bias_relu_latency_row_v1,a7190332cb38049430d2305aef5fb26ff5251971,raspberry-pi5-cortex-a76,cortex-a76,"+neon,+fp-armv8",f32,matmul_bias_relu,m8_n8_k7_f32,fused_scalar,scalar_baseline,train,8,8,7,64,7,1024,704,256,1.0666666666666667,True,True,True,0,0,512,scalar,True,False,False,False,0,0,0,1,0,none,8,8,7,0,1024,1.0,0,0,0,0,0,7,none,none,none,0,0,0,0,0,512,512,64,1,1.0,False,8,True,True,True,,,success,True,True,,True,100,20000,2019.0,2037.0000000000002,1.0,2017.9999999999998,29444.0,9b6178800c1a2b65742575d4238282b8cc7f8b7c6e3dd03f3fb1422446da217c,5.96046448e-08,2.47080741e-06,3,ondemand,,-O3 -mtriple=aarch64-linux-gnu -mcpu=cortex-a76,Pi g++ and LLVM 21 captured by runner,MLIR 21,916bfb5a0f89f6ba65ef0ccf8775848e9538453a08389c84476a2033610cc226,d3e7b1a4324740e479a26302121eabd981e92cfe37c5d78333b4300ae15d5407,16394,11486,,139,0,21,,,157.27402595803142,,7.610357618312838
matmul_bias_relu_latency_row_v1,a7190332cb38049430d2305aef5fb26ff5251971,raspberry-pi5-cortex-a76,cortex-a76,"+neon,+fp-armv8",f32,matmul_bias_relu,m8_n8_k7_f32,tiled_vector_direct_k,tiled_vector_direct_cleanup,train,8,8,7,64,7,1024,704,256,1.0666666666666667,True,True,True,0,0,512,tiled_vector,False,True,False,True,8,8,8,4,0,none,8,8,7,0,1024,1.0,0,0,0,0,0,7,none,none,direct_vector_cleanup,0,0,1,896,0,1408,2304,176,1,1.0,False,10,True,True,True,,,success,True,True,,True,100,20000,445.0,463.0,1.0,425.0,17278.0,64cf05b9f3f4024a1d9bc735a7790f0e6f1f7fd30571a27aa6cc7f5c0ccc32f9,0,0,3,ondemand,,-O3 -mtriple=aarch64-linux-gnu -mcpu=cortex-a76,Pi g++ and LLVM 21 captured by runner,MLIR 21,e6e1c0cbf63ab26f80dcdd0377417a70eafdf02c4aaa34c0bd52457af02f3ec5,a270a3aeb7b91325409ac9581eec9981ee33d29af9d22dd4cdc15736030f08e0,26554,16607,,154,16,7,,,158.19154703058302,,6.09807428216624
matmul_bias_relu_latency_row_v1,a7190332cb38049430d2305aef5fb26ff5251971,raspberry-pi5-cortex-a76,cortex-a76,"+neon,+fp-armv8",f32,matmul_bias_relu,m8_n8_k7_f32,tiled_vector_materialized_tail,tiled_vector_materialized_tail,train,8,8,7,64,7,1024,704,256,1.0666666666666667,True,True,True,0,0,512,tiled_vector,False,True,False,True,8,8,8,4,0,tile_materialized,8,8,7,0,1024,1.0,768,768,512,0,0,7,none,none,none,0,0,1,0,0,1408,2304,176,1,1.0,False,10,True,True,True,,,success,True,True,,True,100,20000,259.0,260.0,1.0,240.0,14889.0,8e64513255e85fa5635020cfc34a1f0239d8973972802a24cea9912d05b588d1,0,0,3,ondemand,,-O3 -mtriple=aarch64-linux-gnu -mcpu=cortex-a76,Pi g++ and LLVM 21 captured by runner,MLIR 21,b58197fe4f543559695b1edbe81aa79ef86d15bb7a6de585bcaf6e42a579a662,5f12a734dc616d40c12b0727eae44e88c91112317c8435210547fac5f52fadb7,80818,46449,,403,128,15,,,250.9308778680861,,5.556828061699537
matmul_bias_relu_latency_row_v1,a7190332cb38049430d2305aef5fb26ff5251971,raspberry-pi5-cortex-a76,cortex-a76,"+neon,+fp-armv8",f32,matmul_bias_relu,m8_n8_k7_f32,whole_shape_vector_materialized_padding,whole_shape_vector_materialized_padding,train,8,8,7,64,7,1024,704,256,1.0666666666666667,True,True,True,0,0,512,whole_shape_vector,False,True,True,False,0,0,0,4,0,whole_shape_materialized,8,8,8,16,1152,1.125,768,768,704,0,0,7,none,none,none,0,0,0,0,0,1536,2560,192,1,1.0,False,10,True,True,True,,,success,True,True,,True,100,20000,278.0,297.0,1.0,277.0,14389.0,4f6826c4e583c825b072e357dd845c21a2f3d0e23577243da7ecea80a99a9575,5.96046448e-08,6.94914584e-07,3,ondemand,,-O3 -mtriple=aarch64-linux-gnu -mcpu=cortex-a76,Pi g++ and LLVM 21 captured by runner,MLIR 21,adb9659642d340c9f1a6559523122174f735c88e907c408a5caafd03fe6397b2,a5803dd430d813891536789f9306f3f879738167091ef80c78b44464713ed8fa,64690,48475,,443,128,18,,,222.27987414225936,,5.627621113690637
matmul_bias_relu_latency_row_v1,a7190332cb38049430d2305aef5fb26ff5251971,raspberry-pi5-cortex-a76,cortex-a76,"+neon,+fp-armv8",f32,matmul_bias_relu,m8_n8_k7_f32,whole_shape_vector_no_padding,whole_shape_vector_no_padding,train,8,8,7,64,7,1024,704,256,1.0666666666666667,True,True,True,0,0,512,whole_shape_vector,False,True,True,False,0,0,0,4,0,none,8,8,7,0,1024,1.0,0,0,0,0,0,7,none,none,none,0,0,0,0,0,1408,2304,176,1,1.0,False,10,True,True,True,,,success,True,True,,True,100,20000,93.0,111.0,1.0,92.0,167.0,e4378adc364adabe32beb210bd9c2768e6bc0b0b1ac8cc17055ed6b776d1d885,5.96046448e-08,6.94914584e-07,3,ondemand,,-O3 -mtriple=aarch64-linux-gnu -mcpu=cortex-a76,Pi g++ and LLVM 21 captured by runner,MLIR 21,d873f3c65ee124df040b1c4a792c583cf9ef3738eebb2abdafaac6a86db281b0,9e4f739235e8828823a3b25bc6f04fc56e18a41613373c163846f8ae6c3c16dc,51605,40028,,258,112,2,,,207.9908619634807,,4.532599493153256
matmul_bias_relu_latency_row_v1,a7190332cb38049430d2305aef5fb26ff5251971,raspberry-pi5-cortex-a76,cortex-a76,"+neon,+fp-armv8",f32,matmul_bias_relu,m8_n8_k8_f32,fused_scalar,scalar_baseline,validation,8,8,8,64,8,1152,768,256,1.125,True,True,True,0,0,512,scalar,True,False,False,False,0,0,0,1,0,none,8,8,8,0,1152,1.0,0,0,0,0,0,0,none,none,none,0,0,0,0,0,512,512,64,1,1.0,False,8,True,True,True,,,success,True,True,,True,100,20000,2277.0,2278.0,1.0,2259.0,10093.0,7de45f19ea43c699593d2915bcd1d5bd26a02c8accbc0f94ffd47fc226146e9e,5.96046448e-08,2.04333463e-07,3,ondemand,,-O3 -mtriple=aarch64-linux-gnu -mcpu=cortex-a76,Pi g++ and LLVM 21 captured by runner,MLIR 21,98d21b7b6bf8dc43376a189e6634397d4b7ddfd35d2e723f293944c5898332f2,03014ec0aa46e1fef75ac1fd6fa535f46e0abd2b6bd324fef3d9811ac9904a58,16346,11486,,139,0,21,,,176.48235498927534,,7.7306140660637395
matmul_bias_relu_latency_row_v1,a7190332cb38049430d2305aef5fb26ff5251971,raspberry-pi5-cortex-a76,cortex-a76,"+neon,+fp-armv8",f32,matmul_bias_relu,m8_n8_k8_f32,tiled_vector_full_tiles,tiled_vector_full_tiles,validation,8,8,8,64,8,1152,768,256,1.125,True,True,True,0,0,512,tiled_vector,False,True,False,True,8,8,8,4,1,none,8,8,8,0,1152,1.0,0,0,0,0,0,0,none,none,none,0,0,0,0,0,1536,2560,192,1,1.0,False,10,True,True,True,,,success,True,True,,True,100,20000,92.0,93.0,1.0,74.0,13926.0,4e9c4e02f8c3479294cab9366f9fe1e130f4cf9a9cf878d30bd7b69c20ee90da,1.1920929e-07,1.55130047e-06,3,ondemand,,-O3 -mtriple=aarch64-linux-gnu -mcpu=cortex-a76,Pi g++ and LLVM 21 captured by runner,MLIR 21,9affaf8e73bacad71e9fa24c8826970545e52df4e34d2d87f3fd56c2b8373ae6,10b873fa81a4e912aa13f989344159f55629d5f74ecaf7e5eb97ff809827213a,53609,31805,,238,128,2,,,232.16169117949903,,4.5217885770490405
matmul_bias_relu_latency_row_v1,a7190332cb38049430d2305aef5fb26ff5251971,raspberry-pi5-cortex-a76,cortex-a76,"+neon,+fp-armv8",f32,matmul_bias_relu,m8_n8_k8_f32,whole_shape_vector_no_padding,whole_shape_vector_no_padding,validation,8,8,8,64,8,1152,768,256,1.125,True,True,True,0,0,512,whole_shape_vector,False,True,True,False,0,0,0,4,0,none,8,8,8,0,1152,1.0,0,0,0,0,0,0,none,none,none,0,0,0,0,0,1536,2560,192,1,1.0,False,10,True,True,True,,,success,True,True,,True,100,20000,93.0,112.0,1.0,92.0,18185.0,5aafa59df8a0ac46e185649ee32e5ca0245003cb504b12c92518bfc93b321f67,1.1920929e-07,1.55130047e-06,3,ondemand,,-O3 -mtriple=aarch64-linux-gnu -mcpu=cortex-a76,Pi g++ and LLVM 21 captured by runner,MLIR 21,08f79108dea27194ab7791d10a9d50294d7e204ce69c050b422f64b5fe9cf363,a38e79176a14300a69deb6fbc42452d5db1926c0254acdbbbf3b24dc3926b648,55393,42531,,272,128,2,,,184.98778901994228,,4.532599493153256
matmul_bias_relu_latency_row_v1,a7190332cb38049430d2305aef5fb26ff5251971,raspberry-pi5-cortex-a76,cortex-a76,"+neon,+fp-armv8",f32,matmul_bias_relu,m8_n8_k95_f32,fused_scalar,scalar_baseline,heldout,8,8,95,64,95,12288,6336,256,1.8640776699029127,True,True,True,0,0,512,scalar,True,False,False,False,0,0,0,1,0,none,8,8,95,0,12288,1.0,0,0,0,0,0,7,none,none,none,0,0,0,0,0,512,512,64,1,1.0,False,8,True,True,True,,,success,True,True,,True,100,10000,23222.0,23241.0,0.0,23203.0,40204.0,f97a1e32bc2308e0c3232c20c2abd0c4ed201dd29f72c351dbaa9fa968b3b04b,4.17232513e-07,2.02327269e-06,3,ondemand,,-O3 -mtriple=aarch64-linux-gnu -mcpu=cortex-a76,Pi g++ and LLVM 21 captured by runner,MLIR 21,a3a77296f0a029a18a550d38c77e01fb0a0ea50f300a0c1777a64e6e4068678e,9082e1c29f6e46dd083eccaabb1d13a3a0372a300713d7e337980dd6b11fd3a1,16398,11490,,139,0,21,,,154.5391019899398,,10.052855384186952
matmul_bias_relu_latency_row_v1,a7190332cb38049430d2305aef5fb26ff5251971,raspberry-pi5-cortex-a76,cortex-a76,"+neon,+fp-armv8",f32,matmul_bias_relu,m8_n8_k95_f32,tiled_vector_direct_k,tiled_vector_direct_cleanup,heldout,8,8,95,64,95,12288,6336,256,1.8640776699029127,True,True,True,0,0,512,tiled_vector,False,True,False,True,8,8,8,4,11,none,8,8,95,0,12288,1.0,0,0,0,0,0,7,none,none,direct_vector_cleanup,0,0,1,896,0,12672,24832,1584,12,1.0,False,10,True,True,True,,,success,True,True,,True,100,10000,759.0,778.0,0.0,740.0,10334.0,15f1d00d3f01a6e5dc03aef8873dd924eb285e83f1d3b8b9e7b96c77e58f21f7,0,0,3,ondemand,,-O3 -mtriple=aarch64-linux-gnu -mcpu=cortex-a76,Pi g++ and LLVM 21 captured by runner,MLIR 21,82b2a55b9801ce7e21a439a8cc9da955481d8b1fb05629875522e9e55f398d16,1da8958fffbe8d5688eaaedb77673f67054bd3bdf110e7ac8bc3193118a89d82,64026,40258,,327,144,9,,,178.13349096104503,,6.63200177739563
matmul_bias_relu_latency_row_v1,a7190332cb38049430d2305aef5fb26ff5251971,raspberry-pi5-cortex-a76,cortex-a76,"+neon,+fp-armv8",f32,matmul_bias_relu,m8_n8_k95_f32,tiled_vector_materialized_tail,tiled_vector_materialized_tail,heldout,8,8,95,64,95,12288,6336,256,1.8640776699029127,True,True,True,0,0,512,tiled_vector,False,True,False,True,8,8,8,4,11,tile_materialized,8,8,95,0,12288,1.0,768,768,512,0,0,7,none,none,none,0,0,1,0,0,12672,24832,1584,12,1.0,False,10,True,True,True,,,success,True,True,,True,100,10000,2537.0,2537.0,0.0,2518.0,11018.0,564a9ffcd0970206cb879813d6c2618b9bf10d39cb925a0a06d0878ab7dfd6aa,0,0,3,ondemand,,-O3 -mtriple=aarch64-linux-gnu -mcpu=cortex-a76,Pi g++ and LLVM 21 captured by runner,MLIR 21,56e1b0745e40e050210271b61a8256c01aff224d5615e9a5623c7c3c2679eea2,c709af17b1a959adca1f004e1a48959e07f67b02cb942e7b672ae4cd3231d8a0,86851,49399,,408,128,16,,,223.06633600965142,,7.838737559599282
matmul_bias_relu_latency_row_v1,a7190332cb38049430d2305aef5fb26ff5251971,raspberry-pi5-cortex-a76,cortex-a76,"+neon,+fp-armv8",f32,matmul_bias_relu,m8_n8_k96_f32,fused_scalar,scalar_baseline,train,8,8,96,64,96,12416,6400,256,1.8653846153846154,True,True,True,0,0,512,scalar,True,False,False,False,0,0,0,1,0,none,8,8,96,0,12416,1.0,0,0,0,0,0,0,none,none,none,0,0,0,0,0,512,512,64,1,1.0,False,8,True,True,True,,,success,True,True,,True,100,10000,23463.0,23482.0,0.0,23462.0,33556.0,f27193a1cae8c8efe084e05c39389ab04eb1dc21b6caeb5a53f9e4e3658b6330,3.57627869e-07,1.19383931e-06,3,ondemand,,-O3 -mtriple=aarch64-linux-gnu -mcpu=cortex-a76,Pi g++ and LLVM 21 captured by runner,MLIR 21,f11473a4f17694bece40a7b80091497ce7e994fb2eeacb6cf7562affa3d8825e,7135ce98b5ec2b0039a2f11a96dbcbf8368976655fac65ab6b5c7621e131941c,16398,11490,,139,0,21,,,148.0082180351019,,10.06317999126972
matmul_bias_relu_latency_row_v1,a7190332cb38049430d2305aef5fb26ff5251971,raspberry-pi5-cortex-a76,cortex-a76,"+neon,+fp-armv8",f32,matmul_bias_relu,m8_n8_k96_f32,tiled_vector_full_tiles,tiled_vector_full_tiles,train,8,8,96,64,96,12416,6400,256,1.8653846153846154,True,True,True,0,0,512,tiled_vector,False,True,False,True,8,8,8,4,12,none,8,8,96,0,12416,1.0,0,0,0,0,0,0,none,none,none,0,0,0,0,0,12800,25088,1600,12,1.0,False,10,True,True,True,,,success,True,True,,True,100,10000,481.0,482.0,1.0,462.0,12963.0,4c7977108abf93b557ab72fb05522f61f35982c5d92394ec259eed51a4d3c0ad,0,0,3,ondemand,,-O3 -mtriple=aarch64-linux-gnu -mcpu=cortex-a76,Pi g++ and LLVM 21 captured by runner,MLIR 21,5defe0ee10d2679419a90c1f534828ee9a56fa8bdcfa8b3cec76b3bcacadae66,c2894eb74875b8527413c417cec2277200af67a9eb4c74f884b32ea47d03e804,72890,41240,,310,128,6,,,225.00066692009568,,6.175867270105761
matmul_bias_relu_latency_row_v1,a7190332cb38049430d2305aef5fb26ff5251971,raspberry-pi5-cortex-a76,cortex-a76,"+neon,+fp-armv8",f32,matmul_bias_relu,m8_n8_k97_f32,fused_scalar,scalar_baseline,validation,8,8,97,64,97,12544,6464,256,1.8666666666666667,True,True,True,0,0,512,scalar,True,False,False,False,0,0,0,1,0,none,8,8,97,0,12544,1.0,0,0,0,0,0,1,none,none,none,0,0,0,0,0,512,512,64,1,1.0,False,8,True,True,True,,,success,True,True,,True,100,10000,23704.0,23723.0,1.0,23703.0,37722.0,d4186a1c48fe5888e64a186211c2b2f42a9d65f30cb000d28e0e6d2dda753b65,4.17232513e-07,8.23079139e-05,3,ondemand,,-O3 -mtriple=aarch64-linux-gnu -mcpu=cortex-a76,Pi g++ and LLVM 21 captured by runner,MLIR 21,7427b87859f77118292e2614d1cc1e13fd5f5209abbce195937de95624c74416,7d796f70128bd3291b224b87f63379c1e34fc2cb1129b79e1fab44f191cc6dd4,16398,11490,,139,0,21,,,182.99660994671285,,10.073399089253401
matmul_bias_relu_latency_row_v1,a7190332cb38049430d2305aef5fb26ff5251971,raspberry-pi5-cortex-a76,cortex-a76,"+neon,+fp-armv8",f32,matmul_bias_relu,m8_n8_k97_f32,tiled_vector_direct_k,tiled_vector_direct_cleanup,validation,8,8,97,64,97,12544,6464,256,1.8666666666666667,True,True,True,0,0,512,tiled_vector,False,True,False,True,8,8,8,4,12,none,8,8,97,0,12544,1.0,0,0,0,0,0,1,none,none,direct_vector_cleanup,0,0,1,128,0,12928,25344,1616,13,1.0,False,10,True,True,True,,,success,True,True,,True,100,10000,444.0,463.0,0.0,425.0,19333.0,1198e451787027f60056b570a651abc3199ca5103ec7ec6d8dad09bfff72bdea,0,0,3,ondemand,,-O3 -mtriple=aarch64-linux-gnu -mcpu=cortex-a76,Pi g++ and LLVM 21 captured by runner,MLIR 21,ce3d7154d6db7c826bc1da5cb08a3d16db165794a1ca5beff44dcb63483664ed,40ca45e61bbcdfc4bf1b4e4ab539e946c5d45573feeea17eece9ae77ea1a94ea,63595,39761,,321,144,6,,,195.90501114726067,,6.095824562432225
matmul_bias_relu_latency_row_v1,a7190332cb38049430d2305aef5fb26ff5251971,raspberry-pi5-cortex-a76,cortex-a76,"+neon,+fp-armv8",f32,matmul_bias_relu,m8_n8_k97_f32,tiled_vector_materialized_tail,tiled_vector_materialized_tail,validation,8,8,97,64,97,12544,6464,256,1.8666666666666667,True,True,True,0,0,512,tiled_vector,False,True,False,True,8,8,8,4,12,tile_materialized,8,8,97,0,12544,1.0,768,768,512,0,0,1,none,none,none,0,0,1,0,0,12928,25344,1616,13,1.0,False,10,True,True,True,,,success,True,True,,True,100,10000,2685.0,2704.0,1.0,2666.0,25074.0,e8b6ca20fe2af69e290dfa53726d36a78dc7b2fed425db4b6306478dd0e2de1b,0,0,3,ondemand,,-O3 -mtriple=aarch64-linux-gnu -mcpu=cortex-a76,Pi g++ and LLVM 21 captured by runner,MLIR 21,f30188ac9370a176190035c535988fbd3561dfe71e62b33e6a3ed68f7535e8bc,d41cd340247599085fe92fd1d0d9d26541d7a796085d75090a775e68a4678a3d,86851,49399,,408,128,16,,,236.98774608783424,,7.895436006942965
matmul_bias_relu_latency_row_v1,a7190332cb38049430d2305aef5fb26ff5251971,raspberry-pi5-cortex-a76,cortex-a76,"+neon,+fp-armv8",f32,matmul_bias_relu,m8_n8_k9_f32,fused_scalar,scalar_baseline,train,8,8,9,64,9,1280,832,256,1.1764705882352942,True,True,True,0,0,512,scalar,True,False,False,False,0,0,0,1,0,none,8,8,9,0,1280,1.0,0,0,0,0,0,1,none,none,none,0,0,0,0,0,512,512,64,1,1.0,False,8,True,True,True,,,success,True,True,,True,100,20000,2500.0,2519.0,0.0,2499.0,12741.0,4f8b365e1fd387c63a021aab74082195ea923126912ad4c57ca6c068b01ed6ea,5.96046448e-08,5.12319228e-07,3,ondemand,,-O3 -mtriple=aarch64-linux-gnu -mcpu=cortex-a76,Pi g++ and LLVM 21 captured by runner,MLIR 21,a88d2bb098802f4f065d0f17f45efb8893b86ab4bcbf191cf056cfa9f268e7a4,db2a0fe8db3efd696416bf741f9ea84f52bdc7e032ea42df8eafa9b5866c8c07,16394,11486,,139,0,21,,,158.01580296829343,,7.824046010856292
matmul_bias_relu_latency_row_v1,a7190332cb38049430d2305aef5fb26ff5251971,raspberry-pi5-cortex-a76,cortex-a76,"+neon,+fp-armv8",f32,matmul_bias_relu,m8_n8_k9_f32,tiled_vector_direct_k,tiled_vector_direct_cleanup,train,8,8,9,64,9,1280,832,256,1.1764705882352942,True,True,True,0,0,512,tiled_vector,False,True,False,True,8,8,8,4,1,none,8,8,9,0,1280,1.0,0,0,0,0,0,1,none,none,direct_vector_cleanup,0,0,1,128,0,1664,2816,208,2,1.0,False,10,True,True,True,,,success,True,True,,True,100,20000,130.0,148.0,0.0,129.0,15980.999999999998,62531d72798d8f184850800a55f99ac9994b83437ae975e1900ba4b5206dc80e,0,0,3,ondemand,,-O3 -mtriple=aarch64-linux-gnu -mcpu=cortex-a76,Pi g++ and LLVM 21 captured by runner,MLIR 21,eb09ee9a3dd57bda86a6074251ad1ceeae507b31ae4d47350941efc53bab29fd,14c78fe259bb05472bd09f205313345954696965cee21db034e1b845202d9fdd,61168,37274,,304,144,4,,,177.86413501016796,,4.867534450455582
matmul_bias_relu_latency_row_v1,a7190332cb38049430d2305aef5fb26ff5251971,raspberry-pi5-cortex-a76,cortex-a76,"+neon,+fp-armv8",f32,matmul_bias_relu,m8_n8_k9_f32,tiled_vector_materialized_tail,tiled_vector_materialized_tail,train,8,8,9,64,9,1280,832,256,1.1764705882352942,True,True,True,0,0,512,tiled_vector,False,True,False,True,8,8,8,4,1,tile_materialized,8,8,9,0,1280,1.0,768,768,512,0,0,1,none,none,none,0,0,1,0,0,1664,2816,208,2,1.0,False,10,True,True,True,,,success,True,True,,True,100,20000,426.0,445.0,0.0,425.0,4092.0,7ecc001635f09308b9ecae4c8e9bc48c81fb048e06056d64ab322f65b7bcca9c,0,0,3,ondemand,,-O3 -mtriple=aarch64-linux-gnu -mcpu=cortex-a76,Pi g++ and LLVM 21 captured by runner,MLIR 21,e0bad190bd8cb249ba32f133c590829ac9e96ab508f2cbea21a59bec120246a7,04b421075cb9f85d3dd9eec7cdcf8023a8db353ee98fa7e339aa74e703acb088,86846,49393,,408,128,16,,,230.98895396105945,,6.054439346269371
matmul_bias_relu_latency_row_v1,a7190332cb38049430d2305aef5fb26ff5251971,raspberry-pi5-cortex-a76,cortex-a76,"+neon,+fp-armv8",f32,matmul_bias_relu,m8_n8_k9_f32,whole_shape_vector_materialized_padding,whole_shape_vector_materialized_padding,train,8,8,9,64,9,1280,832,256,1.1764705882352942,True,True,True,0,0,512,whole_shape_vector,False,True,True,False,0,0,0,4,0,whole_shape_materialized,8,8,16,112,2176,1.7,1280,1280,832,0,0,1,none,none,none,0,0,0,0,0,2560,4608,320,1,1.0,False,10,True,True,True,,,success,True,True,,True,100,20000,407.0,426.0,0.0,388.0,11574.0,3c7d6ff60e5b09129853a1a02ca56f2d10dd4b9417263a9bd771053eb5dae2e2,7.4505806e-08,7.57908778e-06,3,ondemand,,-O3 -mtriple=aarch64-linux-gnu -mcpu=cortex-a76,Pi g++ and LLVM 21 captured by runner,MLIR 21,31dfd5848881dc6885e655713e55200ae9dcaab2c367de4bad54cfbe0cdcc611,2c8797b95e5126dbc7842a409becbc9f8f52a939e7c834a484f6950b7a4f7a7e,95925,68862,,716,256,18,,,201.7992150504142,,6.008813185442595
matmul_bias_relu_latency_row_v1,a7190332cb38049430d2305aef5fb26ff5251971,raspberry-pi5-cortex-a76,cortex-a76,"+neon,+fp-armv8",f32,matmul_bias_relu,m8_n8_k9_f32,whole_shape_vector_no_padding,whole_shape_vector_no_padding,train,8,8,9,64,9,1280,832,256,1.1764705882352942,True,True,True,0,0,512,whole_shape_vector,False,True,True,False,0,0,0,4,0,none,8,8,9,0,1280,1.0,0,0,0,0,0,1,none,none,none,0,0,0,0,0,1664,2816,208,1,1.0,False,10,True,True,True,,,success,True,True,,True,100,20000,111.0,112.0,0.0,92.0,166.0,187b82c76b101714545002be4d350eb9514d21e7901a775c007f2646ee779e20,7.4505806e-08,7.57908778e-06,3,ondemand,,-O3 -mtriple=aarch64-linux-gnu -mcpu=cortex-a76,Pi g++ and LLVM 21 captured by runner,MLIR 21,be9dd0a4400e8fdd9f76fe48edaacbdcb5caebcd30357ef001f65645d06177eb,c6620141c6127bc3bfc8f4849f4688c575b3f0947e9c47a6b8e2c0601ce11bdf,59180,45034,,306,144,2,,,211.19596296921372,,4.709530201312334
matmul_bias_relu_latency_row_v1,a7190332cb38049430d2305aef5fb26ff5251971,raspberry-pi5-cortex-a76,cortex-a76,"+neon,+fp-armv8",f32,matmul_bias_relu,m95_n95_k96_f32,fused_scalar,scalar_baseline,train,95,95,96,9025,96,1750850,109060,36100,12.061518324607329,True,True,True,0,0,72200,scalar,True,False,False,False,0,0,0,1,0,none,95,95,96,0,1750850,1.0,0,0,0,7,7,0,none,none,none,0,0,0,0,0,512,512,64,1,3.0,False,8,True,True,True,,,success,True,True,,True,100,500,3312811.0,3313940.0,111.0,3311070.0,3379756.0,eee9a6fc85df9324cb4695e53ef06e05cd321ba9e7143adb7ac4aa24057db5ba,7.15255737e-07,0.000410790086,3,ondemand,,-O3 -mtriple=aarch64-linux-gnu -mcpu=cortex-a76,Pi g++ and LLVM 21 captured by runner,MLIR 21,5730175b1a39f4ed9bdbb9dedf609eaa9dddaff6943871b075978a3f393fcd62,e0c2e483f8a50f754195bbf72a574570624229853a9c2c68b24ac2253c0b719c,16418,11517,,140,0,21,,,156.05855593457818,,15.013307631661979
matmul_bias_relu_latency_row_v1,a7190332cb38049430d2305aef5fb26ff5251971,raspberry-pi5-cortex-a76,cortex-a76,"+neon,+fp-armv8",f32,matmul_bias_relu,m95_n95_k96_f32,tiled_vector_materialized_tail,tiled_vector_materialized_tail,train,95,95,96,9025,96,1750850,109060,36100,12.061518324607329,True,True,True,0,0,72200,tiled_vector,False,True,False,True,8,8,8,4,1452,tile_materialized,95,95,96,0,1750850,1.0,768,221184,147456,7,7,0,none,none,none,144,144,0,0,0,1733312,3466112,216664,1728,1.0,False,10,True,True,True,,,success,True,True,,True,100,500,635832.0,637740.0,93.0,635425.0,650314.0,c6bedb0baa658a0f5b518a00fd523e8673611f3f75e4c17bb109c8a27d1faaa9,0,0,3,ondemand,,-O3 -mtriple=aarch64-linux-gnu -mcpu=cortex-a76,Pi g++ and LLVM 21 captured by runner,MLIR 21,a0acc8b71eb447e51af963bfd712dd68c72e253b0d8ad3436dda5c0298473dca,501df5b55517943547413dbc3547708b15e284cfeee6e153860608c0132fa79d,114969,66841,,725,128,53,,,269.6243489626795,,13.362689656484857
matmul_bias_relu_latency_row_v1,a7190332cb38049430d2305aef5fb26ff5251971,raspberry-pi5-cortex-a76,cortex-a76,"+neon,+fp-armv8",f32,matmul_bias_relu,m95_n97_k128_f32,fused_scalar,scalar_baseline,heldout,95,97,128,9215,128,2377470,135164,36860,13.820571548156071,True,True,True,0,0,73720,scalar,True,False,False,False,0,0,0,1,0,none,95,97,128,0,2377470,1.0,0,0,0,7,1,0,none,none,none,0,0,0,0,0,512,512,64,1,3.0,False,8,True,True,True,,,success,True,True,,True,100,500,4490734.0,4493252.0,130.0,4490383.0,4565178.0,224c29b3473bd3727a2bb43adb25d20d9a5722e79952e4d1ddd69595a152427b,9.53674316e-07,0.0017961383,3,ondemand,,-O3 -mtriple=aarch64-linux-gnu -mcpu=cortex-a76,Pi g++ and LLVM 21 captured by runner,MLIR 21,784b612fdaf5c0d8ebc09de0835d38d067b9d44b4021aa7a1ca4df72a49aa4ac,50b38d69d3227131ac6df025f67f3c8d6d2b01c538034ede9e56e2018c095b25,16471,11521,,140,0,21,,,144.81788990087807,,15.317526720745484
matmul_bias_relu_latency_row_v1,a7190332cb38049430d2305aef5fb26ff5251971,raspberry-pi5-cortex-a76,cortex-a76,"+neon,+fp-armv8",f32,matmul_bias_relu,m95_n97_k128_f32,tiled_vector_materialized_tail,tiled_vector_materialized_tail,heldout,95,97,128,9215,128,2377470,135164,36860,13.820571548156071,True,True,True,0,0,73720,tiled_vector,False,True,False,True,8,8,8,4,2112,tile_materialized,95,97,128,0,2377470,1.0,768,307200,204800,7,1,0,none,none,none,208,192,0,0,0,2359552,4718592,294944,2496,1.0,False,10,True,True,True,,,success,True,True,,True,100,500,891906.0,894221.0,148.0,891462.0,935573.0,b4ed113a78ca9b27e55e25e30c1f76f94f9d9f6ce5e46384b0e940ec1a4e23ae,0,0,3,ondemand,,-O3 -mtriple=aarch64-linux-gnu -mcpu=cortex-a76,Pi g++ and LLVM 21 captured by runner,MLIR 21,4e5a395d9f46d76c6d8cd69e408f293740d825fc336f6aa1abc2b2cd9f71ab7e,15eb2d3f0fb1ef76c17b6b72e81c1ef7a521ccb38aa9eb61ed818306425e3ad8,115025,66847,,725,128,53,,,245.47947710379958,,13.701116024843241
matmul_bias_relu_latency_row_v1,a7190332cb38049430d2305aef5fb26ff5251971,raspberry-pi5-cortex-a76,cortex-a76,"+neon,+fp-armv8",f32,matmul_bias_relu,m96_n96_k95_f32,fused_scalar,scalar_baseline,heldout,96,96,95,9216,95,1769472,109824,36864,12.06282722513089,True,True,True,0,0,73728,scalar,True,False,False,False,0,0,0,1,0,none,96,96,95,0,1769472,1.0,0,0,0,0,0,7,none,none,none,0,0,0,0,0,512,512,64,1,3.0,False,8,True,True,True,,,success,True,True,,True,100,500,3348422.0,3349367.0,74.0,3346755.0,3416663.0,b52d1771c027b436e845cf767a7c346c8e1060a10a2571a2a4f76a4a4a74b49c,5.96046448e-07,0.00123245908,3,ondemand,,-O3 -mtriple=aarch64-linux-gnu -mcpu=cortex-a76,Pi g++ and LLVM 21 captured by runner,MLIR 21,9d230d61a5cb5beda1ae26d234ac5fb824d69b4170d45977a7e2ca9ca12dbcdf,a9016d48744b72dcdd935eb41d889b629240a99f1b3efcf19eee3992391333e3,16418,11517,,140,0,21,,,148.7814278807491,,15.023999748048688
matmul_bias_relu_latency_row_v1,a7190332cb38049430d2305aef5fb26ff5251971,raspberry-pi5-cortex-a76,cortex-a76,"+neon,+fp-armv8",f32,matmul_bias_relu,m96_n96_k95_f32,tiled_vector_direct_k,tiled_vector_direct_cleanup,heldout,96,96,95,9216,95,1769472,109824,36864,12.06282722513089,True,True,True,0,0,73728,tiled_vector,False,True,False,True,8,8,8,4,1584,none,96,96,95,0,1769472,1.0,0,0,0,0,0,7,none,none,direct_vector_cleanup,0,0,144,129024,0,1751552,3502592,218944,1728,1.0,False,10,True,True,True,,,success,True,True,,True,100,500,103074.0,103167.0,37.0,102926.0,105426.0,f67f904e7bcdb5533c1ac87bd4b55382946ebcab056a8488a71cbc74c042ce67,0,0,3,ondemand,,-O3 -mtriple=aarch64-linux-gnu -mcpu=cortex-a76,Pi g++ and LLVM 21 captured by runner,MLIR 21,91ef70dc36adb0011911f20dc3b7fbbd8ae8a9f2a04e4680dcf39c730cec269b,7f7efe1704d97c45ae9348e1bc506f1a15c48e3d6bf3da9200ade16152f0e713,65444,42695,,377,144,13,,,191.20492809452116,,11.5432024558545
matmul_bias_relu_latency_row_v1,a7190332cb38049430d2305aef5fb26ff5251971,raspberry-pi5-cortex-a76,cortex-a76,"+neon,+fp-armv8",f32,matmul_bias_relu,m96_n96_k95_f32,tiled_vector_materialized_tail,tiled_vector_materialized_tail,heldout,96,96,95,9216,95,1769472,109824,36864,12.06282722513089,True,True,True,0,0,73728,tiled_vector,False,True,False,True,8,8,8,4,1584,tile_materialized,96,96,95,0,1769472,1.0,768,110592,73728,0,0,7,none,none,none,0,0,144,0,0,1751552,3502592,218944,1728,1.0,False,10,True,True,True,,,success,True,True,,True,100,500,354666.0,356277.0,37.0,354519.0,367333.0,824e32879207d51b6f67c5caf594dc8834a1143be775c96a0a571bffcdc189fa,0,0,3,ondemand,,-O3 -mtriple=aarch64-linux-gnu -mcpu=cortex-a76,Pi g++ and LLVM 21 captured by runner,MLIR 21,d4a548b8e3e1b93b0d99c66b0cf82f0739cdcb196c9a0d8585bc091ac97e9d83,f9e1a9b53c0389b6d56aaf5e1412352dc1a4312af82c9b646fcac1b9cd064c53,106764,61597,,487,128,22,,,222.01936203055084,,12.778931780514602
matmul_bias_relu_latency_row_v1,a7190332cb38049430d2305aef5fb26ff5251971,raspberry-pi5-cortex-a76,cortex-a76,"+neon,+fp-armv8",f32,matmul_bias_relu,m96_n96_k97_f32,fused_scalar,scalar_baseline,validation,96,96,97,9216,97,1806336,111360,36864,12.186528497409327,True,True,True,0,0,73728,scalar,True,False,False,False,0,0,0,1,0,none,96,96,97,0,1806336,1.0,0,0,0,0,0,1,none,none,none,0,0,0,0,0,512,512,64,1,3.0,False,8,True,True,True,,,success,True,True,,True,100,500,3418274.0,3419774.0,111.0,3416496.0,3502885.0,ca1166867cd25d4dbb7cc82de570c0df8ef5873bf2d788874f5cb879daef94b6,7.15255737e-07,0.000240124865,3,ondemand,,-O3 -mtriple=aarch64-linux-gnu -mcpu=cortex-a76,Pi g++ and LLVM 21 captured by runner,MLIR 21,5049cd2ca38685347c5d20e978f66f2a825e6c761bda69a61c2b269b35cde918,99e1ede7657cfa4a90abaa87a90fd3a399ab59fd8dd714ff2e87a87b16ceee81,16418,11517,,140,0,21,,,176.40206892974675,,15.044646303283226
matmul_bias_relu_latency_row_v1,a7190332cb38049430d2305aef5fb26ff5251971,raspberry-pi5-cortex-a76,cortex-a76,"+neon,+fp-armv8",f32,matmul_bias_relu,m96_n96_k97_f32,tiled_vector_direct_k,tiled_vector_direct_cleanup,validation,96,96,97,9216,97,1806336,111360,36864,12.186528497409327,True,True,True,0,0,73728,tiled_vector,False,True,False,True,8,8,8,4,1728,none,96,96,97,0,1806336,1.0,0,0,0,0,0,1,none,none,direct_vector_cleanup,0,0,144,18432,0,1788416,3576320,223552,1872,1.0,False,10,True,True,True,,,success,True,True,,True,100,500,57555.0,57629.0,19.0,57426.0,62260.0,16a7f253ded7d5fa64ab01bba5e7054919bbdc56c9c1714e0acc50d337cfbf03,0,0,3,ondemand,,-O3 -mtriple=aarch64-linux-gnu -mcpu=cortex-a76,Pi g++ and LLVM 21 captured by runner,MLIR 21,66d05dc04a227a6972542588cecda1b05ab9c7aed72d74b442ad00370a4a7715,3124f78286ce7ec9193044f23c730c2fb5d3c9f9b8132336ad1a64ea9820db6a,64953,42223,,371,144,11,,,182.8896238002926,,10.960496291349163
matmul_bias_relu_latency_row_v1,a7190332cb38049430d2305aef5fb26ff5251971,raspberry-pi5-cortex-a76,cortex-a76,"+neon,+fp-armv8",f32,matmul_bias_relu,m96_n96_k97_f32,tiled_vector_materialized_tail,tiled_vector_materialized_tail,validation,96,96,97,9216,97,1806336,111360,36864,12.186528497409327,True,True,True,0,0,73728,tiled_vector,False,True,False,True,8,8,8,4,1728,tile_materialized,96,96,97,0,1806336,1.0,768,110592,73728,0,0,1,none,none,none,0,0,144,0,0,1788416,3576320,223552,1872,1.0,False,10,True,True,True,,,success,True,True,,True,100,500,376111.0,377759.0,111.0,375611.0,389944.0,061c7eaf43a68e958e258c4c3cd98d9b8238045ee680cca3b0ea17f50c48541d,0,0,3,ondemand,,-O3 -mtriple=aarch64-linux-gnu -mcpu=cortex-a76,Pi g++ and LLVM 21 captured by runner,MLIR 21,99db9f629773cc0e1357366489933d60bcd1d63dcef50f5bdfb94d85a695a158,fcedeecf6347763642ddf7f25c05f2f10445ef12c688372fd7c66bc2713d42e6,106764,61597,,487,128,22,,,229.83749699778855,,12.837639591571275
matmul_bias_relu_latency_row_v1,a7190332cb38049430d2305aef5fb26ff5251971,raspberry-pi5-cortex-a76,cortex-a76,"+neon,+fp-armv8",f32,matmul_bias_relu,m97_n95_k128_f32,fused_scalar,scalar_baseline,heldout,97,95,128,9215,128,2377470,135164,36860,13.820571548156071,True,True,True,0,0,73720,scalar,True,False,False,False,0,0,0,1,0,none,97,95,128,0,2377470,1.0,0,0,0,1,7,0,none,none,none,0,0,0,0,0,512,512,64,1,3.0,False,8,True,True,True,,,success,True,True,,True,100,500,4490697.0,4493400.0,111.0,4490474.0,4556956.0,7edff832797c227d84ac839e44a8ca3cf2b558ddb477849445b0b639490da1fe,9.53674316e-07,0.000258687592,3,ondemand,,-O3 -mtriple=aarch64-linux-gnu -mcpu=cortex-a76,Pi g++ and LLVM 21 captured by runner,MLIR 21,73b3c21e2b8c18242b3e3f449a5b47934545ce21f1cf07ed4fccc431ef377e02,beaf1202f2356c961cc83c26a4fd8dfe2e0ceab2ed88401b590016264ae24bc3,16471,11521,,140,0,21,,,146.01111109368503,,15.317518481523916
matmul_bias_relu_latency_row_v1,a7190332cb38049430d2305aef5fb26ff5251971,raspberry-pi5-cortex-a76,cortex-a76,"+neon,+fp-armv8",f32,matmul_bias_relu,m97_n95_k128_f32,tiled_vector_materialized_tail,tiled_vector_materialized_tail,heldout,97,95,128,9215,128,2377470,135164,36860,13.820571548156071,True,True,True,0,0,73720,tiled_vector,False,True,False,True,8,8,8,4,2112,tile_materialized,97,95,128,0,2377470,1.0,768,307200,204800,1,7,0,none,none,none,192,208,0,0,0,2359552,4718592,294944,2496,1.0,False,10,True,True,True,,,success,True,True,,True,100,500,893424.0,895572.0,205.0,892869.0,930980.0,4df134f87cf1b7ea17d8a4f279c7e12eb581bed6122080a826b25007f173b621,0,0,3,ondemand,,-O3 -mtriple=aarch64-linux-gnu -mcpu=cortex-a76,Pi g++ and LLVM 21 captured by runner,MLIR 21,57686d2e7956991c42a67054a2c547a4eb48f1ed10789ad917404b01dde053eb,1d4ff917376234318c28cdc57cbafb0df2733fa8957a061f4321b30cf96b237a,115025,66847,,725,128,53,,,243.82298509590328,,13.702816551206224
matmul_bias_relu_latency_row_v1,a7190332cb38049430d2305aef5fb26ff5251971,raspberry-pi5-cortex-a76,cortex-a76,"+neon,+fp-armv8",f32,matmul_bias_relu,m97_n97_k96_f32,fused_scalar,scalar_baseline,validation,97,97,96,9409,96,1825346,112132,37636,12.187823834196891,True,True,True,0,0,75272,scalar,True,False,False,False,0,0,0,1,0,none,97,97,96,0,1825346,1.0,0,0,0,1,1,0,none,none,none,0,0,0,0,0,512,512,64,1,3.0,False,8,True,True,True,,,success,True,True,,True,100,500,3453588.0,3454570.0,92.0,3451885.0,3521737.0,b9b779f24dabc5c6eed060666237a18a71f012988bbed85ccd3e7015e9f2792b,9.53674316e-07,0.000110138223,3,ondemand,,-O3 -mtriple=aarch64-linux-gnu -mcpu=cortex-a76,Pi g++ and LLVM 21 captured by runner,MLIR 21,7245d458a1dda467f4a9de98afedf03deb1f2e84f3c6fb82731bd97999ba8189,c74ae9a6b24d6d6b20e44cc8eabe50575e5be1c1bdbe4fd5827e027830e0d07e,16418,11517,,140,0,21,,,143.28482397831976,,15.054924248582205
matmul_bias_relu_latency_row_v1,a7190332cb38049430d2305aef5fb26ff5251971,raspberry-pi5-cortex-a76,cortex-a76,"+neon,+fp-armv8",f32,matmul_bias_relu,m97_n97_k96_f32,tiled_vector_materialized_tail,tiled_vector_materialized_tail,validation,97,97,96,9409,96,1825346,112132,37636,12.187823834196891,True,True,True,0,0,75272,tiled_vector,False,True,False,True,8,8,8,4,1728,tile_materialized,97,97,96,0,1825346,1.0,768,239616,159744,1,1,0,none,none,none,156,156,0,0,0,1807040,3613568,225880,2028,1.0,False,10,True,True,True,,,success,True,True,,True,100,500,721406.0,723463.0,148.0,720944.0,762999.0,ad78f91a28e8d4a0e6834e2ed0235247db7c99a3d6d86e0316fb0ffe76369d20,0,0,3,ondemand,,-O3 -mtriple=aarch64-linux-gnu -mcpu=cortex-a76,Pi g++ and LLVM 21 captured by runner,MLIR 21,42f3c5348177866f8d479e4e4baa6e8666e2274464b973ea44600d4f6855e4fd,a1036c2970e0dcd1126d12df8be494f26cc0dee4c5cd7e563651881191e8b579,114969,66841,,725,128,53,,,251.3204209972173,,13.488957364578065
matmul_bias_relu_latency_row_v1,a7190332cb38049430d2305aef5fb26ff5251971,raspberry-pi5-cortex-a76,cortex-a76,"+neon,+fp-armv8",f32,matmul_bias_relu,m9_n9_k9_f32,fused_scalar,scalar_baseline,train,9,9,9,81,9,1620,972,324,1.25,True,True,True,0,0,648,scalar,True,False,False,False,0,0,0,1,0,none,9,9,9,0,1620,1.0,0,0,0,1,1,1,none,none,none,0,0,0,0,0,512,512,64,1,1.265625,False,8,True,True,True,,,success,True,True,,True,100,20000,3148.0,3167.0,0.0,3148.0,12593.0,ea2c1f2f6d5017f55d6abdb3c8bfcdab5a90ba11eec8c56d2c46b420c04740f0,5.96046448e-08,2.33316581e-06,3,ondemand,,-O3 -mtriple=aarch64-linux-gnu -mcpu=cortex-a76,Pi g++ and LLVM 21 captured by runner,MLIR 21,e2d876fa32d994612653e704f0c06e16f8256abffe72d920ee4e759209353b12,84be6f83de5e0abbb93b2369e3aa14dc2d9e352d0ad6518750147c38a5268cf6,16346,11486,,140,0,21,,,154.62288912385702,,8.054522609537294
matmul_bias_relu_latency_row_v1,a7190332cb38049430d2305aef5fb26ff5251971,raspberry-pi5-cortex-a76,cortex-a76,"+neon,+fp-armv8",f32,matmul_bias_relu,m9_n9_k9_f32,tiled_vector_materialized_tail,tiled_vector_materialized_tail,train,9,9,9,81,9,1620,972,324,1.25,True,True,True,0,0,648,tiled_vector,False,True,False,True,8,8,8,4,1,tile_materialized,9,9,9,0,1620,1.0,768,9216,6144,1,1,1,none,none,none,4,4,4,0,0,1970,3428,246,8,1.0,False,10,True,True,True,,,success,True,True,,True,100,20000,3314.0,3333.0,1.0,3277.0,28314.0,f14c44cef5c9bd404a2b73804a14f4db65c85eb5deb740cf3c38d604551d05ba,0,0,3,ondemand,,-O3 -mtriple=aarch64-linux-gnu -mcpu=cortex-a76,Pi g++ and LLVM 21 captured by runner,MLIR 21,2e42730a14972f45652f7465e90b035252a9a756b2b6656e313de926394a4b9e,655b21b95b68ff0fcebd1c3dd647528e1d9422d4de5dd87fbc7f972379919dc5,114062,66617,,717,128,51,,,269.0498710144311,,8.105911197986508
matmul_bias_relu_latency_row_v1,a7190332cb38049430d2305aef5fb26ff5251971,raspberry-pi5-cortex-a76,cortex-a76,"+neon,+fp-armv8",f32,matmul_bias_relu,m9_n9_k9_f32,whole_shape_vector_no_padding,whole_shape_vector_no_padding,train,9,9,9,81,9,1620,972,324,1.25,True,True,True,0,0,648,whole_shape_vector,False,True,True,False,0,0,0,4,0,none,9,9,9,0,1620,1.0,0,0,0,1,1,1,none,none,none,0,0,0,0,0,1970,3428,246,1,1.265625,False,10,True,True,True,,,success,True,True,,True,100,20000,167.0,186.0,1.0,166.0,17666.0,7496f91c7d7f7d3df3075bc673a681f9b624da794682f64c7ab4a91265a2b9ab,1.1920929e-07,9.68377108e-07,3,ondemand,,-O3 -mtriple=aarch64-linux-gnu -mcpu=cortex-a76,Pi g++ and LLVM 21 captured by runner,MLIR 21,31f58858af50633f6a3951d9eaa03b6d39f98609517d0ca49ec257db56962efc,6a14b7b1145a9981aabf58eba1fe0591ed781d48c1c86b031e57774828adbfc0,66121,51979,,692,243,2,,,225.80076707527041,,5.117993812416755
